{"metadata":{"usedHelpers":[],"marked":[],"modules":{"imports":[],"exports":{"exported":[],"specifiers":[]}}},"options":{"filename":"client/lib/semantic-ui/definitions/modules/sticky.js","filenameRelative":"client/lib/semantic-ui/definitions/modules/sticky.js","env":{"development":{"plugins":[]}},"retainLines":false,"highlightCode":true,"suppressDeprecationMessages":false,"presets":[],"plugins":[[[],{"generateLetDeclarations":true,"enforceStrictMode":false}],[[],null],[[],{"polyfill":false}],[[],null],[[],null],[[],null],[[],{"allowTopLevelThis":true,"strict":false,"loose":true}],[[],null],[[],null],[[],null],[[],null],[[],null],[[],null],[[],null],[[],null],[[],null],[[],null],[[],null],[[],null],[[],{"loose":true}],[[],{"loose":true}],[[],null],[[],{"loose":true}],[[],null],[[],null],[[],null],[[],null],[[],null],[[],null],[[],{"loose":true}],[[],null],[[],null],[[],null],[[],null],[[],null],[[],null],[[],null]],"ignore":[],"code":true,"metadata":true,"ast":true,"comments":true,"compact":false,"minified":false,"sourceMap":true,"sourceMaps":true,"sourceMapTarget":"client/lib/semantic-ui/definitions/modules/sticky.js.map","sourceFileName":"client/lib/semantic-ui/definitions/modules/sticky.js","babelrc":false,"sourceType":"module","moduleIds":false,"passPerPreset":false,"parserOpts":false,"generatorOpts":false,"basename":"sticky"},"ignored":false,"code":"/*\n  DO NOT MODIFY - This file has been generated and will be regenerated\n  Semantic UI v2.2.1\n*/ /*!\n    * # Semantic UI - Sticky\n    * http://github.com/semantic-org/semantic-ui/\n    *\n    *\n    * Released under the MIT license\n    * http://opensource.org/licenses/MIT\n    *\n    */;\n\n(function ($, window, document, undefined) {\n  \"use strict\";\n\n  window = typeof window != 'undefined' && window.Math == Math ? window : typeof self != 'undefined' && self.Math == Math ? self : Function('return this')();\n\n  $.fn.sticky = function (parameters) {\n    var $allModules = $(this),\n        moduleSelector = $allModules.selector || '',\n        time = new Date().getTime(),\n        performance = [],\n        query = arguments[0],\n        methodInvoked = typeof query == 'string',\n        queryArguments = [].slice.call(arguments, 1),\n        returnedValue;\n    $allModules.each(function () {\n      var settings = $.isPlainObject(parameters) ? $.extend(true, {}, $.fn.sticky.settings, parameters) : $.extend({}, $.fn.sticky.settings),\n          className = settings.className,\n          namespace = settings.namespace,\n          error = settings.error,\n          eventNamespace = '.' + namespace,\n          moduleNamespace = 'module-' + namespace,\n          $module = $(this),\n          $window = $(window),\n          $scroll = $(settings.scrollContext),\n          $container,\n          $context,\n          selector = $module.selector || '',\n          instance = $module.data(moduleNamespace),\n          requestAnimationFrame = window.requestAnimationFrame || window.mozRequestAnimationFrame || window.webkitRequestAnimationFrame || window.msRequestAnimationFrame || function (callback) {\n        setTimeout(callback, 0);\n      },\n          element = this,\n          documentObserver,\n          observer,\n          module;\n\n      module = {\n        initialize: function () {\n          module.determineContainer();\n          module.determineContext();\n          module.verbose('Initializing sticky', settings, $container);\n          module.save.positions();\n          module.checkErrors();\n          module.bind.events();\n\n          if (settings.observeChanges) {\n            module.observeChanges();\n          }\n\n          module.instantiate();\n        },\n        instantiate: function () {\n          module.verbose('Storing instance of module', module);\n          instance = module;\n          $module.data(moduleNamespace, module);\n        },\n        destroy: function () {\n          module.verbose('Destroying previous instance');\n          module.reset();\n\n          if (documentObserver) {\n            documentObserver.disconnect();\n          }\n\n          if (observer) {\n            observer.disconnect();\n          }\n\n          $window.off('load' + eventNamespace, module.event.load).off('resize' + eventNamespace, module.event.resize);\n          $scroll.off('scrollchange' + eventNamespace, module.event.scrollchange);\n          $module.removeData(moduleNamespace);\n        },\n        observeChanges: function () {\n          if ('MutationObserver' in window) {\n            documentObserver = new MutationObserver(module.event.documentChanged);\n            observer = new MutationObserver(module.event.changed);\n            documentObserver.observe(document, {\n              childList: true,\n              subtree: true\n            });\n            observer.observe(element, {\n              childList: true,\n              subtree: true\n            });\n            observer.observe($context[0], {\n              childList: true,\n              subtree: true\n            });\n            module.debug('Setting up mutation observer', observer);\n          }\n        },\n        determineContainer: function () {\n          $container = $module.offsetParent();\n        },\n        determineContext: function () {\n          if (settings.context) {\n            $context = $(settings.context);\n          } else {\n            $context = $container;\n          }\n\n          if ($context.length === 0) {\n            module.error(error.invalidContext, settings.context, $module);\n            return;\n          }\n        },\n        checkErrors: function () {\n          if (module.is.hidden()) {\n            module.error(error.visible, $module);\n          }\n\n          if (module.cache.element.height > module.cache.context.height) {\n            module.reset();\n            module.error(error.elementSize, $module);\n            return;\n          }\n        },\n        bind: {\n          events: function () {\n            $window.on('load' + eventNamespace, module.event.load).on('resize' + eventNamespace, module.event.resize); // pub/sub pattern\n\n            $scroll.off('scroll' + eventNamespace).on('scroll' + eventNamespace, module.event.scroll).on('scrollchange' + eventNamespace, module.event.scrollchange);\n          }\n        },\n        event: {\n          changed: function (mutations) {\n            clearTimeout(module.timer);\n            module.timer = setTimeout(function () {\n              module.verbose('DOM tree modified, updating sticky menu', mutations);\n              module.refresh();\n            }, 100);\n          },\n          documentChanged: function (mutations) {\n            [].forEach.call(mutations, function (mutation) {\n              if (mutation.removedNodes) {\n                [].forEach.call(mutation.removedNodes, function (node) {\n                  if (node == element || $(node).find(element).length > 0) {\n                    module.debug('Element removed from DOM, tearing down events');\n                    module.destroy();\n                  }\n                });\n              }\n            });\n          },\n          load: function () {\n            module.verbose('Page contents finished loading');\n            requestAnimationFrame(module.refresh);\n          },\n          resize: function () {\n            module.verbose('Window resized');\n            requestAnimationFrame(module.refresh);\n          },\n          scroll: function () {\n            requestAnimationFrame(function () {\n              $scroll.triggerHandler('scrollchange' + eventNamespace, $scroll.scrollTop());\n            });\n          },\n          scrollchange: function (event, scrollPosition) {\n            module.stick(scrollPosition);\n            settings.onScroll.call(element);\n          }\n        },\n        refresh: function (hardRefresh) {\n          module.reset();\n\n          if (!settings.context) {\n            module.determineContext();\n          }\n\n          if (hardRefresh) {\n            module.determineContainer();\n          }\n\n          module.save.positions();\n          module.stick();\n          settings.onReposition.call(element);\n        },\n        supports: {\n          sticky: function () {\n            var $element = $('<div/>'),\n                element = $element[0];\n            $element.addClass(className.supported);\n            return $element.css('position').match('sticky');\n          }\n        },\n        save: {\n          lastScroll: function (scroll) {\n            module.lastScroll = scroll;\n          },\n          elementScroll: function (scroll) {\n            module.elementScroll = scroll;\n          },\n          positions: function () {\n            var scrollContext = {\n              height: $scroll.height()\n            },\n                element = {\n              margin: {\n                top: parseInt($module.css('margin-top'), 10),\n                bottom: parseInt($module.css('margin-bottom'), 10)\n              },\n              offset: $module.offset(),\n              width: $module.outerWidth(),\n              height: $module.outerHeight()\n            },\n                context = {\n              offset: $context.offset(),\n              height: $context.outerHeight()\n            },\n                container = {\n              height: $container.outerHeight()\n            };\n\n            if (!module.is.standardScroll()) {\n              module.debug('Non-standard scroll. Removing scroll offset from element offset');\n              scrollContext.top = $scroll.scrollTop();\n              scrollContext.left = $scroll.scrollLeft();\n              element.offset.top += scrollContext.top;\n              context.offset.top += scrollContext.top;\n              element.offset.left += scrollContext.left;\n              context.offset.left += scrollContext.left;\n            }\n\n            module.cache = {\n              fits: element.height < scrollContext.height,\n              scrollContext: {\n                height: scrollContext.height\n              },\n              element: {\n                margin: element.margin,\n                top: element.offset.top - element.margin.top,\n                left: element.offset.left,\n                width: element.width,\n                height: element.height,\n                bottom: element.offset.top + element.height\n              },\n              context: {\n                top: context.offset.top,\n                height: context.height,\n                bottom: context.offset.top + context.height\n              }\n            };\n            module.set.containerSize();\n            module.set.size();\n            module.stick();\n            module.debug('Caching element positions', module.cache);\n          }\n        },\n        get: {\n          direction: function (scroll) {\n            var direction = 'down';\n            scroll = scroll || $scroll.scrollTop();\n\n            if (module.lastScroll !== undefined) {\n              if (module.lastScroll < scroll) {\n                direction = 'down';\n              } else if (module.lastScroll > scroll) {\n                direction = 'up';\n              }\n            }\n\n            return direction;\n          },\n          scrollChange: function (scroll) {\n            scroll = scroll || $scroll.scrollTop();\n            return module.lastScroll ? scroll - module.lastScroll : 0;\n          },\n          currentElementScroll: function () {\n            if (module.elementScroll) {\n              return module.elementScroll;\n            }\n\n            return module.is.top() ? Math.abs(parseInt($module.css('top'), 10)) || 0 : Math.abs(parseInt($module.css('bottom'), 10)) || 0;\n          },\n          elementScroll: function (scroll) {\n            scroll = scroll || $scroll.scrollTop();\n            var element = module.cache.element,\n                scrollContext = module.cache.scrollContext,\n                delta = module.get.scrollChange(scroll),\n                maxScroll = element.height - scrollContext.height + settings.offset,\n                elementScroll = module.get.currentElementScroll(),\n                possibleScroll = elementScroll + delta;\n\n            if (module.cache.fits || possibleScroll < 0) {\n              elementScroll = 0;\n            } else if (possibleScroll > maxScroll) {\n              elementScroll = maxScroll;\n            } else {\n              elementScroll = possibleScroll;\n            }\n\n            return elementScroll;\n          }\n        },\n        remove: {\n          lastScroll: function () {\n            delete module.lastScroll;\n          },\n          elementScroll: function (scroll) {\n            delete module.elementScroll;\n          },\n          offset: function () {\n            $module.css('margin-top', '');\n          }\n        },\n        set: {\n          offset: function () {\n            module.verbose('Setting offset on element', settings.offset);\n            $module.css('margin-top', settings.offset);\n          },\n          containerSize: function () {\n            var tagName = $container.get(0).tagName;\n\n            if (tagName === 'HTML' || tagName == 'body') {\n              // this can trigger for too many reasons\n              //module.error(error.container, tagName, $module);\n              module.determineContainer();\n            } else {\n              if (Math.abs($container.outerHeight() - module.cache.context.height) > settings.jitter) {\n                module.debug('Context has padding, specifying exact height for container', module.cache.context.height);\n                $container.css({\n                  height: module.cache.context.height\n                });\n              }\n            }\n          },\n          minimumSize: function () {\n            var element = module.cache.element;\n            $container.css('min-height', element.height);\n          },\n          scroll: function (scroll) {\n            module.debug('Setting scroll on element', scroll);\n\n            if (module.elementScroll == scroll) {\n              return;\n            }\n\n            if (module.is.top()) {\n              $module.css('bottom', '').css('top', -scroll);\n            }\n\n            if (module.is.bottom()) {\n              $module.css('top', '').css('bottom', scroll);\n            }\n          },\n          size: function () {\n            if (module.cache.element.height !== 0 && module.cache.element.width !== 0) {\n              element.style.setProperty('width', module.cache.element.width + 'px', 'important');\n              element.style.setProperty('height', module.cache.element.height + 'px', 'important');\n            }\n          }\n        },\n        is: {\n          standardScroll: function () {\n            return $scroll[0] == window;\n          },\n          top: function () {\n            return $module.hasClass(className.top);\n          },\n          bottom: function () {\n            return $module.hasClass(className.bottom);\n          },\n          initialPosition: function () {\n            return !module.is.fixed() && !module.is.bound();\n          },\n          hidden: function () {\n            return !$module.is(':visible');\n          },\n          bound: function () {\n            return $module.hasClass(className.bound);\n          },\n          fixed: function () {\n            return $module.hasClass(className.fixed);\n          }\n        },\n        stick: function (scroll) {\n          var cachedPosition = scroll || $scroll.scrollTop(),\n              cache = module.cache,\n              fits = cache.fits,\n              element = cache.element,\n              scrollContext = cache.scrollContext,\n              context = cache.context,\n              offset = module.is.bottom() && settings.pushing ? settings.bottomOffset : settings.offset,\n              scroll = {\n            top: cachedPosition + offset,\n            bottom: cachedPosition + offset + scrollContext.height\n          },\n              direction = module.get.direction(scroll.top),\n              elementScroll = fits ? 0 : module.get.elementScroll(scroll.top),\n              // shorthand\n          doesntFit = !fits,\n              elementVisible = element.height !== 0;\n\n          if (elementVisible) {\n            if (module.is.initialPosition()) {\n              if (scroll.top >= context.bottom) {\n                module.debug('Initial element position is bottom of container');\n                module.bindBottom();\n              } else if (scroll.top > element.top) {\n                if (element.height + scroll.top - elementScroll >= context.bottom) {\n                  module.debug('Initial element position is bottom of container');\n                  module.bindBottom();\n                } else {\n                  module.debug('Initial element position is fixed');\n                  module.fixTop();\n                }\n              }\n            } else if (module.is.fixed()) {\n              // currently fixed top\n              if (module.is.top()) {\n                if (scroll.top <= element.top) {\n                  module.debug('Fixed element reached top of container');\n                  module.setInitialPosition();\n                } else if (element.height + scroll.top - elementScroll >= context.bottom) {\n                  module.debug('Fixed element reached bottom of container');\n                  module.bindBottom();\n                } // scroll element if larger than screen\n                else if (doesntFit) {\n                    module.set.scroll(elementScroll);\n                    module.save.lastScroll(scroll.top);\n                    module.save.elementScroll(elementScroll);\n                  }\n              } // currently fixed bottom\n              else if (module.is.bottom()) {\n                  // top edge\n                  if (scroll.bottom - element.height <= element.top) {\n                    module.debug('Bottom fixed rail has reached top of container');\n                    module.setInitialPosition();\n                  } // bottom edge\n                  else if (scroll.bottom >= context.bottom) {\n                      module.debug('Bottom fixed rail has reached bottom of container');\n                      module.bindBottom();\n                    } // scroll element if larger than screen\n                    else if (doesntFit) {\n                        module.set.scroll(elementScroll);\n                        module.save.lastScroll(scroll.top);\n                        module.save.elementScroll(elementScroll);\n                      }\n                }\n            } else if (module.is.bottom()) {\n              if (scroll.top <= element.top) {\n                module.debug('Jumped from bottom fixed to top fixed, most likely used home/end button');\n                module.setInitialPosition();\n              } else {\n                if (settings.pushing) {\n                  if (module.is.bound() && scroll.bottom <= context.bottom) {\n                    module.debug('Fixing bottom attached element to bottom of browser.');\n                    module.fixBottom();\n                  }\n                } else {\n                  if (module.is.bound() && scroll.top <= context.bottom - element.height) {\n                    module.debug('Fixing bottom attached element to top of browser.');\n                    module.fixTop();\n                  }\n                }\n              }\n            }\n          }\n        },\n        bindTop: function () {\n          module.debug('Binding element to top of parent container');\n          module.remove.offset();\n          $module.css({\n            left: '',\n            top: '',\n            marginBottom: ''\n          }).removeClass(className.fixed).removeClass(className.bottom).addClass(className.bound).addClass(className.top);\n          settings.onTop.call(element);\n          settings.onUnstick.call(element);\n        },\n        bindBottom: function () {\n          module.debug('Binding element to bottom of parent container');\n          module.remove.offset();\n          $module.css({\n            left: '',\n            top: ''\n          }).removeClass(className.fixed).removeClass(className.top).addClass(className.bound).addClass(className.bottom);\n          settings.onBottom.call(element);\n          settings.onUnstick.call(element);\n        },\n        setInitialPosition: function () {\n          module.debug('Returning to initial position');\n          module.unfix();\n          module.unbind();\n        },\n        fixTop: function () {\n          module.debug('Fixing element to top of page');\n          module.set.minimumSize();\n          module.set.offset();\n          $module.css({\n            left: module.cache.element.left,\n            bottom: '',\n            marginBottom: ''\n          }).removeClass(className.bound).removeClass(className.bottom).addClass(className.fixed).addClass(className.top);\n          settings.onStick.call(element);\n        },\n        fixBottom: function () {\n          module.debug('Sticking element to bottom of page');\n          module.set.minimumSize();\n          module.set.offset();\n          $module.css({\n            left: module.cache.element.left,\n            bottom: '',\n            marginBottom: ''\n          }).removeClass(className.bound).removeClass(className.top).addClass(className.fixed).addClass(className.bottom);\n          settings.onStick.call(element);\n        },\n        unbind: function () {\n          if (module.is.bound()) {\n            module.debug('Removing container bound position on element');\n            module.remove.offset();\n            $module.removeClass(className.bound).removeClass(className.top).removeClass(className.bottom);\n          }\n        },\n        unfix: function () {\n          if (module.is.fixed()) {\n            module.debug('Removing fixed position on element');\n            module.remove.offset();\n            $module.removeClass(className.fixed).removeClass(className.top).removeClass(className.bottom);\n            settings.onUnstick.call(element);\n          }\n        },\n        reset: function () {\n          module.debug('Resetting elements position');\n          module.unbind();\n          module.unfix();\n          module.resetCSS();\n          module.remove.offset();\n          module.remove.lastScroll();\n        },\n        resetCSS: function () {\n          $module.css({\n            width: '',\n            height: ''\n          });\n          $container.css({\n            height: ''\n          });\n        },\n        setting: function (name, value) {\n          if ($.isPlainObject(name)) {\n            $.extend(true, settings, name);\n          } else if (value !== undefined) {\n            settings[name] = value;\n          } else {\n            return settings[name];\n          }\n        },\n        internal: function (name, value) {\n          if ($.isPlainObject(name)) {\n            $.extend(true, module, name);\n          } else if (value !== undefined) {\n            module[name] = value;\n          } else {\n            return module[name];\n          }\n        },\n        debug: function () {\n          if (!settings.silent && settings.debug) {\n            if (settings.performance) {\n              module.performance.log(arguments);\n            } else {\n              module.debug = Function.prototype.bind.call(console.info, console, settings.name + ':');\n              module.debug.apply(console, arguments);\n            }\n          }\n        },\n        verbose: function () {\n          if (!settings.silent && settings.verbose && settings.debug) {\n            if (settings.performance) {\n              module.performance.log(arguments);\n            } else {\n              module.verbose = Function.prototype.bind.call(console.info, console, settings.name + ':');\n              module.verbose.apply(console, arguments);\n            }\n          }\n        },\n        error: function () {\n          if (!settings.silent) {\n            module.error = Function.prototype.bind.call(console.error, console, settings.name + ':');\n            module.error.apply(console, arguments);\n          }\n        },\n        performance: {\n          log: function (message) {\n            var currentTime, executionTime, previousTime;\n\n            if (settings.performance) {\n              currentTime = new Date().getTime();\n              previousTime = time || currentTime;\n              executionTime = currentTime - previousTime;\n              time = currentTime;\n              performance.push({\n                'Name': message[0],\n                'Arguments': [].slice.call(message, 1) || '',\n                'Element': element,\n                'Execution Time': executionTime\n              });\n            }\n\n            clearTimeout(module.performance.timer);\n            module.performance.timer = setTimeout(module.performance.display, 0);\n          },\n          display: function () {\n            var title = settings.name + ':',\n                totalTime = 0;\n            time = false;\n            clearTimeout(module.performance.timer);\n            $.each(performance, function (index, data) {\n              totalTime += data['Execution Time'];\n            });\n            title += ' ' + totalTime + 'ms';\n\n            if (moduleSelector) {\n              title += ' \\'' + moduleSelector + '\\'';\n            }\n\n            if ((console.group !== undefined || console.table !== undefined) && performance.length > 0) {\n              console.groupCollapsed(title);\n\n              if (console.table) {\n                console.table(performance);\n              } else {\n                $.each(performance, function (index, data) {\n                  console.log(data['Name'] + ': ' + data['Execution Time'] + 'ms');\n                });\n              }\n\n              console.groupEnd();\n            }\n\n            performance = [];\n          }\n        },\n        invoke: function (query, passedArguments, context) {\n          var object = instance,\n              maxDepth,\n              found,\n              response;\n          passedArguments = passedArguments || queryArguments;\n          context = element || context;\n\n          if (typeof query == 'string' && object !== undefined) {\n            query = query.split(/[\\. ]/);\n            maxDepth = query.length - 1;\n            $.each(query, function (depth, value) {\n              var camelCaseValue = depth != maxDepth ? value + query[depth + 1].charAt(0).toUpperCase() + query[depth + 1].slice(1) : query;\n\n              if ($.isPlainObject(object[camelCaseValue]) && depth != maxDepth) {\n                object = object[camelCaseValue];\n              } else if (object[camelCaseValue] !== undefined) {\n                found = object[camelCaseValue];\n                return false;\n              } else if ($.isPlainObject(object[value]) && depth != maxDepth) {\n                object = object[value];\n              } else if (object[value] !== undefined) {\n                found = object[value];\n                return false;\n              } else {\n                return false;\n              }\n            });\n          }\n\n          if ($.isFunction(found)) {\n            response = found.apply(context, passedArguments);\n          } else if (found !== undefined) {\n            response = found;\n          }\n\n          if ($.isArray(returnedValue)) {\n            returnedValue.push(response);\n          } else if (returnedValue !== undefined) {\n            returnedValue = [returnedValue, response];\n          } else if (response !== undefined) {\n            returnedValue = response;\n          }\n\n          return found;\n        }\n      };\n\n      if (methodInvoked) {\n        if (instance === undefined) {\n          module.initialize();\n        }\n\n        module.invoke(query);\n      } else {\n        if (instance !== undefined) {\n          instance.invoke('destroy');\n        }\n\n        module.initialize();\n      }\n    });\n    return returnedValue !== undefined ? returnedValue : this;\n  };\n\n  $.fn.sticky.settings = {\n    name: 'Sticky',\n    namespace: 'sticky',\n    silent: false,\n    debug: false,\n    verbose: true,\n    performance: true,\n    // whether to stick in the opposite direction on scroll up\n    pushing: false,\n    context: false,\n    // Context to watch scroll events\n    scrollContext: window,\n    // Offset to adjust scroll\n    offset: 0,\n    // Offset to adjust scroll when attached to bottom of screen\n    bottomOffset: 0,\n    jitter: 5,\n    // will only set container height if difference between context and container is larger than this number\n    // Whether to automatically observe changes with Mutation Observers\n    observeChanges: false,\n    // Called when position is recalculated\n    onReposition: function () {},\n    // Called on each scroll\n    onScroll: function () {},\n    // Called when element is stuck to viewport\n    onStick: function () {},\n    // Called when element is unstuck from viewport\n    onUnstick: function () {},\n    // Called when element reaches top of context\n    onTop: function () {},\n    // Called when element reaches bottom of context\n    onBottom: function () {},\n    error: {\n      container: 'Sticky element must be inside a relative container',\n      visible: 'Element is hidden, you must call refresh after element becomes visible. Use silent setting to surpress this warning in production.',\n      method: 'The method you called is not defined.',\n      invalidContext: 'Context specified does not exist',\n      elementSize: 'Sticky element is larger than its container, cannot create sticky.'\n    },\n    className: {\n      bound: 'bound',\n      fixed: 'fixed',\n      supported: 'native',\n      top: 'top',\n      bottom: 'bottom'\n    }\n  };\n})(jQuery, window, document);","map":{"version":3,"sources":["client/lib/semantic-ui/definitions/modules/sticky.js"],"names":["$","window","document","undefined","Math","self","Function","fn","sticky","parameters","$allModules","moduleSelector","selector","time","Date","getTime","performance","query","arguments","methodInvoked","queryArguments","slice","call","returnedValue","each","settings","isPlainObject","extend","className","namespace","error","eventNamespace","moduleNamespace","$module","$window","$scroll","scrollContext","$container","$context","instance","data","requestAnimationFrame","mozRequestAnimationFrame","webkitRequestAnimationFrame","msRequestAnimationFrame","callback","setTimeout","element","documentObserver","observer","module","initialize","determineContainer","determineContext","verbose","save","positions","checkErrors","bind","events","observeChanges","instantiate","destroy","reset","disconnect","off","event","load","resize","scrollchange","removeData","MutationObserver","documentChanged","changed","observe","childList","subtree","debug","offsetParent","context","length","invalidContext","is","hidden","visible","cache","height","elementSize","on","scroll","mutations","clearTimeout","timer","refresh","forEach","mutation","removedNodes","node","find","triggerHandler","scrollTop","scrollPosition","stick","onScroll","hardRefresh","onReposition","supports","$element","addClass","supported","css","match","lastScroll","elementScroll","margin","top","parseInt","bottom","offset","width","outerWidth","outerHeight","container","standardScroll","left","scrollLeft","fits","set","containerSize","size","get","direction","scrollChange","currentElementScroll","abs","delta","maxScroll","possibleScroll","remove","tagName","jitter","minimumSize","style","setProperty","hasClass","initialPosition","fixed","bound","cachedPosition","pushing","bottomOffset","doesntFit","elementVisible","bindBottom","fixTop","setInitialPosition","fixBottom","bindTop","marginBottom","removeClass","onTop","onUnstick","onBottom","unfix","unbind","onStick","resetCSS","setting","name","value","internal","silent","log","prototype","console","info","apply","message","currentTime","executionTime","previousTime","push","display","title","totalTime","index","group","table","groupCollapsed","groupEnd","invoke","passedArguments","object","maxDepth","found","response","split","depth","camelCaseValue","charAt","toUpperCase","isFunction","isArray","method","jQuery"],"mappings":"AAAA;;;GAIA;;;;;;;;MAUA;;AAAC,CAAC,UAAUA,CAAV,EAAaC,MAAb,EAAqBC,QAArB,EAA+BC,SAA/B,EAA0C;AAE5C;;AAEAF,WAAU,OAAOA,MAAP,IAAiB,WAAjB,IAAgCA,OAAOG,IAAP,IAAeA,IAAhD,GACLH,MADK,GAEJ,OAAOI,IAAP,IAAe,WAAf,IAA8BA,KAAKD,IAAL,IAAaA,IAA5C,GACEC,IADF,GAEEC,SAAS,aAAT,GAJN;;AAOAN,IAAEO,EAAF,CAAKC,MAAL,GAAc,UAASC,UAAT,EAAqB;AACjC,QACEC,cAAiBV,EAAE,IAAF,CADnB;AAAA,QAEEW,iBAAiBD,YAAYE,QAAZ,IAAwB,EAF3C;AAAA,QAIEC,OAAiB,IAAIC,IAAJ,GAAWC,OAAX,EAJnB;AAAA,QAKEC,cAAiB,EALnB;AAAA,QAOEC,QAAiBC,UAAU,CAAV,CAPnB;AAAA,QAQEC,gBAAkB,OAAOF,KAAP,IAAgB,QARpC;AAAA,QASEG,iBAAiB,GAAGC,KAAH,CAASC,IAAT,CAAcJ,SAAd,EAAyB,CAAzB,CATnB;AAAA,QAUEK,aAVF;AAaAb,gBACGc,IADH,CACQ,YAAW;AACf,UACEC,WAA0BzB,EAAE0B,aAAF,CAAgBjB,UAAhB,CAAF,GACpBT,EAAE2B,MAAF,CAAS,IAAT,EAAe,EAAf,EAAmB3B,EAAEO,EAAF,CAAKC,MAAL,CAAYiB,QAA/B,EAAyChB,UAAzC,CADoB,GAEpBT,EAAE2B,MAAF,CAAS,EAAT,EAAa3B,EAAEO,EAAF,CAAKC,MAAL,CAAYiB,QAAzB,CAHN;AAAA,UAKEG,YAAwBH,SAASG,SALnC;AAAA,UAMEC,YAAwBJ,SAASI,SANnC;AAAA,UAOEC,QAAwBL,SAASK,KAPnC;AAAA,UASEC,iBAAwB,MAAMF,SAThC;AAAA,UAUEG,kBAAwB,YAAYH,SAVtC;AAAA,UAYEI,UAAwBjC,EAAE,IAAF,CAZ1B;AAAA,UAaEkC,UAAwBlC,EAAEC,MAAF,CAb1B;AAAA,UAcEkC,UAAwBnC,EAAEyB,SAASW,aAAX,CAd1B;AAAA,UAeEC,UAfF;AAAA,UAgBEC,QAhBF;AAAA,UAkBE1B,WAAwBqB,QAAQrB,QAAR,IAAoB,EAlB9C;AAAA,UAmBE2B,WAAwBN,QAAQO,IAAR,CAAaR,eAAb,CAnB1B;AAAA,UAqBES,wBAAwBxC,OAAOwC,qBAAP,IACnBxC,OAAOyC,wBADY,IAEnBzC,OAAO0C,2BAFY,IAGnB1C,OAAO2C,uBAHY,IAInB,UAASC,QAAT,EAAmB;AAAEC,mBAAWD,QAAX,EAAqB,CAArB;AAA0B,OAzBtD;AAAA,UA2BEE,UAAkB,IA3BpB;AAAA,UA6BEC,gBA7BF;AAAA,UA8BEC,QA9BF;AAAA,UA+BEC,MA/BF;;AAkCAA,eAAc;AAEZC,oBAAY,YAAW;AAErBD,iBAAOE,kBAAP;AACAF,iBAAOG,gBAAP;AACAH,iBAAOI,OAAP,CAAe,qBAAf,EAAsC7B,QAAtC,EAAgDY,UAAhD;AAEAa,iBAAOK,IAAP,CAAYC,SAAZ;AACAN,iBAAOO,WAAP;AACAP,iBAAOQ,IAAP,CAAYC,MAAZ;;AAEA,cAAGlC,SAASmC,cAAZ,EAA4B;AAC1BV,mBAAOU,cAAP;AACD;;AACDV,iBAAOW,WAAP;AACD,SAhBW;AAkBZA,qBAAa,YAAW;AACtBX,iBAAOI,OAAP,CAAe,4BAAf,EAA6CJ,MAA7C;AACAX,qBAAWW,MAAX;AACAjB,kBACGO,IADH,CACQR,eADR,EACyBkB,MADzB;AAGD,SAxBW;AA0BZY,iBAAS,YAAW;AAClBZ,iBAAOI,OAAP,CAAe,8BAAf;AACAJ,iBAAOa,KAAP;;AACA,cAAGf,gBAAH,EAAqB;AACnBA,6BAAiBgB,UAAjB;AACD;;AACD,cAAGf,QAAH,EAAa;AACXA,qBAASe,UAAT;AACD;;AACD9B,kBACG+B,GADH,CACO,SAASlC,cADhB,EACgCmB,OAAOgB,KAAP,CAAaC,IAD7C,EAEGF,GAFH,CAEO,WAAWlC,cAFlB,EAEkCmB,OAAOgB,KAAP,CAAaE,MAF/C;AAIAjC,kBACG8B,GADH,CACO,iBAAiBlC,cADxB,EACwCmB,OAAOgB,KAAP,CAAaG,YADrD;AAGApC,kBAAQqC,UAAR,CAAmBtC,eAAnB;AACD,SA3CW;AA6CZ4B,wBAAgB,YAAW;AACzB,cAAG,sBAAsB3D,MAAzB,EAAiC;AAC/B+C,+BAAmB,IAAIuB,gBAAJ,CAAqBrB,OAAOgB,KAAP,CAAaM,eAAlC,CAAnB;AACAvB,uBAAmB,IAAIsB,gBAAJ,CAAqBrB,OAAOgB,KAAP,CAAaO,OAAlC,CAAnB;AACAzB,6BAAiB0B,OAAjB,CAAyBxE,QAAzB,EAAmC;AACjCyE,yBAAY,IADqB;AAEjCC,uBAAY;AAFqB,aAAnC;AAIA3B,qBAASyB,OAAT,CAAiB3B,OAAjB,EAA0B;AACxB4B,yBAAY,IADY;AAExBC,uBAAY;AAFY,aAA1B;AAIA3B,qBAASyB,OAAT,CAAiBpC,SAAS,CAAT,CAAjB,EAA8B;AAC5BqC,yBAAY,IADgB;AAE5BC,uBAAY;AAFgB,aAA9B;AAIA1B,mBAAO2B,KAAP,CAAa,8BAAb,EAA6C5B,QAA7C;AACD;AACF,SA/DW;AAiEZG,4BAAoB,YAAW;AAC7Bf,uBAAaJ,QAAQ6C,YAAR,EAAb;AACD,SAnEW;AAqEZzB,0BAAkB,YAAW;AAC3B,cAAG5B,SAASsD,OAAZ,EAAqB;AACnBzC,uBAAWtC,EAAEyB,SAASsD,OAAX,CAAX;AACD,WAFD,MAGK;AACHzC,uBAAWD,UAAX;AACD;;AACD,cAAGC,SAAS0C,MAAT,KAAoB,CAAvB,EAA0B;AACxB9B,mBAAOpB,KAAP,CAAaA,MAAMmD,cAAnB,EAAmCxD,SAASsD,OAA5C,EAAqD9C,OAArD;AACA;AACD;AACF,SAhFW;AAkFZwB,qBAAa,YAAW;AACtB,cAAIP,OAAOgC,EAAP,CAAUC,MAAV,EAAJ,EAAyB;AACvBjC,mBAAOpB,KAAP,CAAaA,MAAMsD,OAAnB,EAA4BnD,OAA5B;AACD;;AACD,cAAGiB,OAAOmC,KAAP,CAAatC,OAAb,CAAqBuC,MAArB,GAA8BpC,OAAOmC,KAAP,CAAaN,OAAb,CAAqBO,MAAtD,EAA8D;AAC5DpC,mBAAOa,KAAP;AACAb,mBAAOpB,KAAP,CAAaA,MAAMyD,WAAnB,EAAgCtD,OAAhC;AACA;AACD;AACF,SA3FW;AA6FZyB,cAAM;AACJC,kBAAQ,YAAW;AACjBzB,oBACGsD,EADH,CACM,SAASzD,cADf,EAC+BmB,OAAOgB,KAAP,CAAaC,IAD5C,EAEGqB,EAFH,CAEM,WAAWzD,cAFjB,EAEiCmB,OAAOgB,KAAP,CAAaE,MAF9C,EADiB,CAKjB;;AACAjC,oBACG8B,GADH,CACO,WAAWlC,cADlB,EAEGyD,EAFH,CAEM,WAAWzD,cAFjB,EAEiCmB,OAAOgB,KAAP,CAAauB,MAF9C,EAGGD,EAHH,CAGM,iBAAiBzD,cAHvB,EAGuCmB,OAAOgB,KAAP,CAAaG,YAHpD;AAKD;AAZG,SA7FM;AA4GZH,eAAO;AACLO,mBAAS,UAASiB,SAAT,EAAoB;AAC3BC,yBAAazC,OAAO0C,KAApB;AACA1C,mBAAO0C,KAAP,GAAe9C,WAAW,YAAW;AACnCI,qBAAOI,OAAP,CAAe,yCAAf,EAA0DoC,SAA1D;AACAxC,qBAAO2C,OAAP;AACD,aAHc,EAGZ,GAHY,CAAf;AAID,WAPI;AAQLrB,2BAAiB,UAASkB,SAAT,EAAoB;AACnC,eAAGI,OAAH,CAAWxE,IAAX,CAAgBoE,SAAhB,EAA2B,UAASK,QAAT,EAAmB;AAC5C,kBAAGA,SAASC,YAAZ,EAA0B;AACxB,mBAAGF,OAAH,CAAWxE,IAAX,CAAgByE,SAASC,YAAzB,EAAuC,UAASC,IAAT,EAAe;AACpD,sBAAGA,QAAQlD,OAAR,IAAmB/C,EAAEiG,IAAF,EAAQC,IAAR,CAAanD,OAAb,EAAsBiC,MAAtB,GAA+B,CAArD,EAAwD;AACtD9B,2BAAO2B,KAAP,CAAa,+CAAb;AACA3B,2BAAOY,OAAP;AACD;AACF,iBALD;AAMD;AACF,aATD;AAUD,WAnBI;AAoBLK,gBAAM,YAAW;AACfjB,mBAAOI,OAAP,CAAe,gCAAf;AACAb,kCAAsBS,OAAO2C,OAA7B;AACD,WAvBI;AAwBLzB,kBAAQ,YAAW;AACjBlB,mBAAOI,OAAP,CAAe,gBAAf;AACAb,kCAAsBS,OAAO2C,OAA7B;AACD,WA3BI;AA4BLJ,kBAAQ,YAAW;AACjBhD,kCAAsB,YAAW;AAC/BN,sBAAQgE,cAAR,CAAuB,iBAAiBpE,cAAxC,EAAwDI,QAAQiE,SAAR,EAAxD;AACD,aAFD;AAGD,WAhCI;AAiCL/B,wBAAc,UAASH,KAAT,EAAgBmC,cAAhB,EAAgC;AAC5CnD,mBAAOoD,KAAP,CAAaD,cAAb;AACA5E,qBAAS8E,QAAT,CAAkBjF,IAAlB,CAAuByB,OAAvB;AACD;AApCI,SA5GK;AAmJZ8C,iBAAS,UAASW,WAAT,EAAsB;AAC7BtD,iBAAOa,KAAP;;AACA,cAAG,CAACtC,SAASsD,OAAb,EAAsB;AACpB7B,mBAAOG,gBAAP;AACD;;AACD,cAAGmD,WAAH,EAAgB;AACdtD,mBAAOE,kBAAP;AACD;;AACDF,iBAAOK,IAAP,CAAYC,SAAZ;AACAN,iBAAOoD,KAAP;AACA7E,mBAASgF,YAAT,CAAsBnF,IAAtB,CAA2ByB,OAA3B;AACD,SA9JW;AAgKZ2D,kBAAU;AACRlG,kBAAQ,YAAW;AACjB,gBACEmG,WAAW3G,EAAE,QAAF,CADb;AAAA,gBAEE+C,UAAU4D,SAAS,CAAT,CAFZ;AAIAA,qBAASC,QAAT,CAAkBhF,UAAUiF,SAA5B;AACA,mBAAOF,SAASG,GAAT,CAAa,UAAb,EAAyBC,KAAzB,CAA+B,QAA/B,CAAP;AACD;AARO,SAhKE;AA2KZxD,cAAM;AACJyD,sBAAY,UAASvB,MAAT,EAAiB;AAC3BvC,mBAAO8D,UAAP,GAAoBvB,MAApB;AACD,WAHG;AAIJwB,yBAAe,UAASxB,MAAT,EAAiB;AAC9BvC,mBAAO+D,aAAP,GAAuBxB,MAAvB;AACD,WANG;AAOJjC,qBAAW,YAAW;AACpB,gBACEpB,gBAAgB;AACdkD,sBAASnD,QAAQmD,MAAR;AADK,aADlB;AAAA,gBAIEvC,UAAU;AACRmE,sBAAQ;AACNC,qBAASC,SAASnF,QAAQ6E,GAAR,CAAY,YAAZ,CAAT,EAAoC,EAApC,CADH;AAENO,wBAASD,SAASnF,QAAQ6E,GAAR,CAAY,eAAZ,CAAT,EAAuC,EAAvC;AAFH,eADA;AAKRQ,sBAASrF,QAAQqF,MAAR,EALD;AAMRC,qBAAStF,QAAQuF,UAAR,EAND;AAORlC,sBAASrD,QAAQwF,WAAR;AAPD,aAJZ;AAAA,gBAaE1C,UAAU;AACRuC,sBAAShF,SAASgF,MAAT,EADD;AAERhC,sBAAShD,SAASmF,WAAT;AAFD,aAbZ;AAAA,gBAiBEC,YAAY;AACVpC,sBAAQjD,WAAWoF,WAAX;AADE,aAjBd;;AAqBA,gBAAI,CAACvE,OAAOgC,EAAP,CAAUyC,cAAV,EAAL,EAAkC;AAChCzE,qBAAO2B,KAAP,CAAa,iEAAb;AAEAzC,4BAAc+E,GAAd,GAAqBhF,QAAQiE,SAAR,EAArB;AACAhE,4BAAcwF,IAAd,GAAqBzF,QAAQ0F,UAAR,EAArB;AAEA9E,sBAAQuE,MAAR,CAAeH,GAAf,IAAuB/E,cAAc+E,GAArC;AACApC,sBAAQuC,MAAR,CAAeH,GAAf,IAAuB/E,cAAc+E,GAArC;AACApE,sBAAQuE,MAAR,CAAeM,IAAf,IAAuBxF,cAAcwF,IAArC;AACA7C,sBAAQuC,MAAR,CAAeM,IAAf,IAAuBxF,cAAcwF,IAArC;AACD;;AACD1E,mBAAOmC,KAAP,GAAe;AACbyC,oBAAS/E,QAAQuC,MAAR,GAAiBlD,cAAckD,MAD3B;AAEblD,6BAAgB;AACdkD,wBAASlD,cAAckD;AADT,eAFH;AAKbvC,uBAAS;AACPmE,wBAASnE,QAAQmE,MADV;AAEPC,qBAASpE,QAAQuE,MAAR,CAAeH,GAAf,GAAqBpE,QAAQmE,MAAR,CAAeC,GAFtC;AAGPS,sBAAS7E,QAAQuE,MAAR,CAAeM,IAHjB;AAIPL,uBAASxE,QAAQwE,KAJV;AAKPjC,wBAASvC,QAAQuC,MALV;AAMP+B,wBAAStE,QAAQuE,MAAR,CAAeH,GAAf,GAAqBpE,QAAQuC;AAN/B,eALI;AAabP,uBAAS;AACPoC,qBAAgBpC,QAAQuC,MAAR,CAAeH,GADxB;AAEP7B,wBAAgBP,QAAQO,MAFjB;AAGP+B,wBAAgBtC,QAAQuC,MAAR,CAAeH,GAAf,GAAqBpC,QAAQO;AAHtC;AAbI,aAAf;AAmBApC,mBAAO6E,GAAP,CAAWC,aAAX;AACA9E,mBAAO6E,GAAP,CAAWE,IAAX;AACA/E,mBAAOoD,KAAP;AACApD,mBAAO2B,KAAP,CAAa,2BAAb,EAA0C3B,OAAOmC,KAAjD;AACD;AA/DG,SA3KM;AA6OZ6C,aAAK;AACHC,qBAAW,UAAS1C,MAAT,EAAiB;AAC1B,gBACE0C,YAAY,MADd;AAGA1C,qBAASA,UAAUtD,QAAQiE,SAAR,EAAnB;;AACA,gBAAGlD,OAAO8D,UAAP,KAAsB7G,SAAzB,EAAoC;AAClC,kBAAG+C,OAAO8D,UAAP,GAAoBvB,MAAvB,EAA+B;AAC7B0C,4BAAY,MAAZ;AACD,eAFD,MAGK,IAAGjF,OAAO8D,UAAP,GAAoBvB,MAAvB,EAA+B;AAClC0C,4BAAY,IAAZ;AACD;AACF;;AACD,mBAAOA,SAAP;AACD,WAfE;AAgBHC,wBAAc,UAAS3C,MAAT,EAAiB;AAC7BA,qBAASA,UAAUtD,QAAQiE,SAAR,EAAnB;AACA,mBAAQlD,OAAO8D,UAAR,GACFvB,SAASvC,OAAO8D,UADd,GAEH,CAFJ;AAID,WAtBE;AAuBHqB,gCAAsB,YAAW;AAC/B,gBAAGnF,OAAO+D,aAAV,EAAyB;AACvB,qBAAO/D,OAAO+D,aAAd;AACD;;AACD,mBAAS/D,OAAOgC,EAAP,CAAUiC,GAAV,EAAF,GACH/G,KAAKkI,GAAL,CAASlB,SAASnF,QAAQ6E,GAAR,CAAY,KAAZ,CAAT,EAA6B,EAA7B,CAAT,KAAiD,CAD9C,GAEH1G,KAAKkI,GAAL,CAASlB,SAASnF,QAAQ6E,GAAR,CAAY,QAAZ,CAAT,EAAgC,EAAhC,CAAT,KAAiD,CAFrD;AAID,WA/BE;AAiCHG,yBAAe,UAASxB,MAAT,EAAiB;AAC9BA,qBAASA,UAAUtD,QAAQiE,SAAR,EAAnB;AACA,gBACErD,UAAiBG,OAAOmC,KAAP,CAAatC,OADhC;AAAA,gBAEEX,gBAAiBc,OAAOmC,KAAP,CAAajD,aAFhC;AAAA,gBAGEmG,QAAiBrF,OAAOgF,GAAP,CAAWE,YAAX,CAAwB3C,MAAxB,CAHnB;AAAA,gBAIE+C,YAAkBzF,QAAQuC,MAAR,GAAiBlD,cAAckD,MAA/B,GAAwC7D,SAAS6F,MAJrE;AAAA,gBAKEL,gBAAiB/D,OAAOgF,GAAP,CAAWG,oBAAX,EALnB;AAAA,gBAMEI,iBAAkBxB,gBAAgBsB,KANpC;;AAQA,gBAAGrF,OAAOmC,KAAP,CAAayC,IAAb,IAAqBW,iBAAiB,CAAzC,EAA4C;AAC1CxB,8BAAgB,CAAhB;AACD,aAFD,MAGK,IAAGwB,iBAAiBD,SAApB,EAAgC;AACnCvB,8BAAgBuB,SAAhB;AACD,aAFI,MAGA;AACHvB,8BAAgBwB,cAAhB;AACD;;AACD,mBAAOxB,aAAP;AACD;AArDE,SA7OO;AAqSZyB,gBAAQ;AACN1B,sBAAY,YAAW;AACrB,mBAAO9D,OAAO8D,UAAd;AACD,WAHK;AAINC,yBAAe,UAASxB,MAAT,EAAiB;AAC9B,mBAAOvC,OAAO+D,aAAd;AACD,WANK;AAONK,kBAAQ,YAAW;AACjBrF,oBAAQ6E,GAAR,CAAY,YAAZ,EAA0B,EAA1B;AACD;AATK,SArSI;AAiTZiB,aAAK;AACHT,kBAAQ,YAAW;AACjBpE,mBAAOI,OAAP,CAAe,2BAAf,EAA4C7B,SAAS6F,MAArD;AACArF,oBACG6E,GADH,CACO,YADP,EACqBrF,SAAS6F,MAD9B;AAGD,WANE;AAOHU,yBAAe,YAAW;AACxB,gBACEW,UAAUtG,WAAW6F,GAAX,CAAe,CAAf,EAAkBS,OAD9B;;AAGA,gBAAGA,YAAY,MAAZ,IAAsBA,WAAW,MAApC,EAA4C;AAC1C;AACA;AACAzF,qBAAOE,kBAAP;AACD,aAJD,MAKK;AACH,kBAAIhD,KAAKkI,GAAL,CAASjG,WAAWoF,WAAX,KAA2BvE,OAAOmC,KAAP,CAAaN,OAAb,CAAqBO,MAAzD,IAAmE7D,SAASmH,MAAhF,EAAwF;AACtF1F,uBAAO2B,KAAP,CAAa,4DAAb,EAA2E3B,OAAOmC,KAAP,CAAaN,OAAb,CAAqBO,MAAhG;AACAjD,2BAAWyE,GAAX,CAAe;AACbxB,0BAAQpC,OAAOmC,KAAP,CAAaN,OAAb,CAAqBO;AADhB,iBAAf;AAGD;AACF;AACF,WAxBE;AAyBHuD,uBAAa,YAAW;AACtB,gBACE9F,UAAYG,OAAOmC,KAAP,CAAatC,OAD3B;AAGAV,uBACGyE,GADH,CACO,YADP,EACqB/D,QAAQuC,MAD7B;AAGD,WAhCE;AAiCHG,kBAAQ,UAASA,MAAT,EAAiB;AACvBvC,mBAAO2B,KAAP,CAAa,2BAAb,EAA0CY,MAA1C;;AACA,gBAAGvC,OAAO+D,aAAP,IAAwBxB,MAA3B,EAAmC;AACjC;AACD;;AACD,gBAAIvC,OAAOgC,EAAP,CAAUiC,GAAV,EAAJ,EAAsB;AACpBlF,sBACG6E,GADH,CACO,QADP,EACiB,EADjB,EAEGA,GAFH,CAEO,KAFP,EAEc,CAACrB,MAFf;AAID;;AACD,gBAAIvC,OAAOgC,EAAP,CAAUmC,MAAV,EAAJ,EAAyB;AACvBpF,sBACG6E,GADH,CACO,KADP,EACc,EADd,EAEGA,GAFH,CAEO,QAFP,EAEiBrB,MAFjB;AAID;AACF,WAlDE;AAmDHwC,gBAAM,YAAW;AACf,gBAAG/E,OAAOmC,KAAP,CAAatC,OAAb,CAAqBuC,MAArB,KAAgC,CAAhC,IAAqCpC,OAAOmC,KAAP,CAAatC,OAAb,CAAqBwE,KAArB,KAA+B,CAAvE,EAA0E;AACxExE,sBAAQ+F,KAAR,CAAcC,WAAd,CAA0B,OAA1B,EAAoC7F,OAAOmC,KAAP,CAAatC,OAAb,CAAqBwE,KAArB,GAA8B,IAAlE,EAAwE,WAAxE;AACAxE,sBAAQ+F,KAAR,CAAcC,WAAd,CAA0B,QAA1B,EAAoC7F,OAAOmC,KAAP,CAAatC,OAAb,CAAqBuC,MAArB,GAA8B,IAAlE,EAAwE,WAAxE;AACD;AACF;AAxDE,SAjTO;AA4WZJ,YAAI;AACFyC,0BAAgB,YAAW;AACzB,mBAAQxF,QAAQ,CAAR,KAAclC,MAAtB;AACD,WAHC;AAIFkH,eAAK,YAAW;AACd,mBAAOlF,QAAQ+G,QAAR,CAAiBpH,UAAUuF,GAA3B,CAAP;AACD,WANC;AAOFE,kBAAQ,YAAW;AACjB,mBAAOpF,QAAQ+G,QAAR,CAAiBpH,UAAUyF,MAA3B,CAAP;AACD,WATC;AAUF4B,2BAAiB,YAAW;AAC1B,mBAAQ,CAAC/F,OAAOgC,EAAP,CAAUgE,KAAV,EAAD,IAAsB,CAAChG,OAAOgC,EAAP,CAAUiE,KAAV,EAA/B;AACD,WAZC;AAaFhE,kBAAQ,YAAW;AACjB,mBAAQ,CAAClD,QAAQiD,EAAR,CAAW,UAAX,CAAT;AACD,WAfC;AAgBFiE,iBAAO,YAAW;AAChB,mBAAOlH,QAAQ+G,QAAR,CAAiBpH,UAAUuH,KAA3B,CAAP;AACD,WAlBC;AAmBFD,iBAAO,YAAW;AAChB,mBAAOjH,QAAQ+G,QAAR,CAAiBpH,UAAUsH,KAA3B,CAAP;AACD;AArBC,SA5WQ;AAoYZ5C,eAAO,UAASb,MAAT,EAAiB;AACtB,cACE2D,iBAAiB3D,UAAUtD,QAAQiE,SAAR,EAD7B;AAAA,cAEEf,QAAiBnC,OAAOmC,KAF1B;AAAA,cAGEyC,OAAiBzC,MAAMyC,IAHzB;AAAA,cAIE/E,UAAiBsC,MAAMtC,OAJzB;AAAA,cAKEX,gBAAiBiD,MAAMjD,aALzB;AAAA,cAME2C,UAAiBM,MAAMN,OANzB;AAAA,cAOEuC,SAAkBpE,OAAOgC,EAAP,CAAUmC,MAAV,MAAsB5F,SAAS4H,OAAhC,GACb5H,SAAS6H,YADI,GAEb7H,SAAS6F,MATf;AAAA,cAUE7B,SAAiB;AACf0B,iBAASiC,iBAAiB9B,MADX;AAEfD,oBAAS+B,iBAAiB9B,MAAjB,GAA0BlF,cAAckD;AAFlC,WAVnB;AAAA,cAcE6C,YAAiBjF,OAAOgF,GAAP,CAAWC,SAAX,CAAqB1C,OAAO0B,GAA5B,CAdnB;AAAA,cAeEF,gBAAkBa,IAAD,GACb,CADa,GAEb5E,OAAOgF,GAAP,CAAWjB,aAAX,CAAyBxB,OAAO0B,GAAhC,CAjBN;AAAA,cAmBE;AACAoC,sBAAiB,CAACzB,IApBpB;AAAA,cAqBE0B,iBAAkBzG,QAAQuC,MAAR,KAAmB,CArBvC;;AAwBA,cAAGkE,cAAH,EAAmB;AAEjB,gBAAItG,OAAOgC,EAAP,CAAU+D,eAAV,EAAJ,EAAkC;AAChC,kBAAGxD,OAAO0B,GAAP,IAAcpC,QAAQsC,MAAzB,EAAiC;AAC/BnE,uBAAO2B,KAAP,CAAa,iDAAb;AACA3B,uBAAOuG,UAAP;AACD,eAHD,MAIK,IAAGhE,OAAO0B,GAAP,GAAapE,QAAQoE,GAAxB,EAA6B;AAChC,oBAAKpE,QAAQuC,MAAR,GAAiBG,OAAO0B,GAAxB,GAA8BF,aAA/B,IAAiDlC,QAAQsC,MAA7D,EAAsE;AACpEnE,yBAAO2B,KAAP,CAAa,iDAAb;AACA3B,yBAAOuG,UAAP;AACD,iBAHD,MAIK;AACHvG,yBAAO2B,KAAP,CAAa,mCAAb;AACA3B,yBAAOwG,MAAP;AACD;AACF;AAEF,aAhBD,MAiBK,IAAIxG,OAAOgC,EAAP,CAAUgE,KAAV,EAAJ,EAAwB;AAE3B;AACA,kBAAIhG,OAAOgC,EAAP,CAAUiC,GAAV,EAAJ,EAAsB;AACpB,oBAAI1B,OAAO0B,GAAP,IAAcpE,QAAQoE,GAA1B,EAAgC;AAC9BjE,yBAAO2B,KAAP,CAAa,wCAAb;AACA3B,yBAAOyG,kBAAP;AACD,iBAHD,MAIK,IAAK5G,QAAQuC,MAAR,GAAiBG,OAAO0B,GAAxB,GAA8BF,aAA/B,IAAiDlC,QAAQsC,MAA7D,EAAsE;AACzEnE,yBAAO2B,KAAP,CAAa,2CAAb;AACA3B,yBAAOuG,UAAP;AACD,iBAHI,CAIL;AAJK,qBAKA,IAAGF,SAAH,EAAc;AACjBrG,2BAAO6E,GAAP,CAAWtC,MAAX,CAAkBwB,aAAlB;AACA/D,2BAAOK,IAAP,CAAYyD,UAAZ,CAAuBvB,OAAO0B,GAA9B;AACAjE,2BAAOK,IAAP,CAAY0D,aAAZ,CAA0BA,aAA1B;AACD;AACF,eAfD,CAiBA;AAjBA,mBAkBK,IAAG/D,OAAOgC,EAAP,CAAUmC,MAAV,EAAH,EAAwB;AAE3B;AACA,sBAAK5B,OAAO4B,MAAP,GAAgBtE,QAAQuC,MAAzB,IAAoCvC,QAAQoE,GAAhD,EAAqD;AACnDjE,2BAAO2B,KAAP,CAAa,gDAAb;AACA3B,2BAAOyG,kBAAP;AACD,mBAHD,CAIA;AAJA,uBAKK,IAAGlE,OAAO4B,MAAP,IAAiBtC,QAAQsC,MAA5B,EAAoC;AACvCnE,6BAAO2B,KAAP,CAAa,mDAAb;AACA3B,6BAAOuG,UAAP;AACD,qBAHI,CAIL;AAJK,yBAKA,IAAGF,SAAH,EAAc;AACjBrG,+BAAO6E,GAAP,CAAWtC,MAAX,CAAkBwB,aAAlB;AACA/D,+BAAOK,IAAP,CAAYyD,UAAZ,CAAuBvB,OAAO0B,GAA9B;AACAjE,+BAAOK,IAAP,CAAY0D,aAAZ,CAA0BA,aAA1B;AACD;AAEF;AACF,aAzCI,MA0CA,IAAI/D,OAAOgC,EAAP,CAAUmC,MAAV,EAAJ,EAAyB;AAC5B,kBAAI5B,OAAO0B,GAAP,IAAcpE,QAAQoE,GAA1B,EAAgC;AAC9BjE,uBAAO2B,KAAP,CAAa,yEAAb;AACA3B,uBAAOyG,kBAAP;AACD,eAHD,MAIK;AACH,oBAAGlI,SAAS4H,OAAZ,EAAqB;AACnB,sBAAGnG,OAAOgC,EAAP,CAAUiE,KAAV,MAAqB1D,OAAO4B,MAAP,IAAiBtC,QAAQsC,MAAjD,EAA0D;AACxDnE,2BAAO2B,KAAP,CAAa,sDAAb;AACA3B,2BAAO0G,SAAP;AACD;AACF,iBALD,MAMK;AACH,sBAAG1G,OAAOgC,EAAP,CAAUiE,KAAV,MAAsB1D,OAAO0B,GAAP,IAAcpC,QAAQsC,MAAR,GAAiBtE,QAAQuC,MAAhE,EAA0E;AACxEpC,2BAAO2B,KAAP,CAAa,mDAAb;AACA3B,2BAAOwG,MAAP;AACD;AACF;AACF;AACF;AACF;AACF,SA/eW;AAifZG,iBAAS,YAAW;AAClB3G,iBAAO2B,KAAP,CAAa,4CAAb;AACA3B,iBAAOwF,MAAP,CAAcpB,MAAd;AACArF,kBACG6E,GADH,CACO;AACHc,kBAAe,EADZ;AAEHT,iBAAe,EAFZ;AAGH2C,0BAAe;AAHZ,WADP,EAMGC,WANH,CAMenI,UAAUsH,KANzB,EAOGa,WAPH,CAOenI,UAAUyF,MAPzB,EAQGT,QARH,CAQYhF,UAAUuH,KARtB,EASGvC,QATH,CASYhF,UAAUuF,GATtB;AAWA1F,mBAASuI,KAAT,CAAe1I,IAAf,CAAoByB,OAApB;AACAtB,mBAASwI,SAAT,CAAmB3I,IAAnB,CAAwByB,OAAxB;AACD,SAjgBW;AAkgBZ0G,oBAAY,YAAW;AACrBvG,iBAAO2B,KAAP,CAAa,+CAAb;AACA3B,iBAAOwF,MAAP,CAAcpB,MAAd;AACArF,kBACG6E,GADH,CACO;AACHc,kBAAe,EADZ;AAEHT,iBAAe;AAFZ,WADP,EAKG4C,WALH,CAKenI,UAAUsH,KALzB,EAMGa,WANH,CAMenI,UAAUuF,GANzB,EAOGP,QAPH,CAOYhF,UAAUuH,KAPtB,EAQGvC,QARH,CAQYhF,UAAUyF,MARtB;AAUA5F,mBAASyI,QAAT,CAAkB5I,IAAlB,CAAuByB,OAAvB;AACAtB,mBAASwI,SAAT,CAAmB3I,IAAnB,CAAwByB,OAAxB;AACD,SAjhBW;AAmhBZ4G,4BAAoB,YAAW;AAC7BzG,iBAAO2B,KAAP,CAAa,+BAAb;AACA3B,iBAAOiH,KAAP;AACAjH,iBAAOkH,MAAP;AACD,SAvhBW;AA0hBZV,gBAAQ,YAAW;AACjBxG,iBAAO2B,KAAP,CAAa,+BAAb;AACA3B,iBAAO6E,GAAP,CAAWc,WAAX;AACA3F,iBAAO6E,GAAP,CAAWT,MAAX;AACArF,kBACG6E,GADH,CACO;AACHc,kBAAe1E,OAAOmC,KAAP,CAAatC,OAAb,CAAqB6E,IADjC;AAEHP,oBAAe,EAFZ;AAGHyC,0BAAe;AAHZ,WADP,EAMGC,WANH,CAMenI,UAAUuH,KANzB,EAOGY,WAPH,CAOenI,UAAUyF,MAPzB,EAQGT,QARH,CAQYhF,UAAUsH,KARtB,EASGtC,QATH,CASYhF,UAAUuF,GATtB;AAWA1F,mBAAS4I,OAAT,CAAiB/I,IAAjB,CAAsByB,OAAtB;AACD,SA1iBW;AA4iBZ6G,mBAAW,YAAW;AACpB1G,iBAAO2B,KAAP,CAAa,oCAAb;AACA3B,iBAAO6E,GAAP,CAAWc,WAAX;AACA3F,iBAAO6E,GAAP,CAAWT,MAAX;AACArF,kBACG6E,GADH,CACO;AACHc,kBAAe1E,OAAOmC,KAAP,CAAatC,OAAb,CAAqB6E,IADjC;AAEHP,oBAAe,EAFZ;AAGHyC,0BAAe;AAHZ,WADP,EAMGC,WANH,CAMenI,UAAUuH,KANzB,EAOGY,WAPH,CAOenI,UAAUuF,GAPzB,EAQGP,QARH,CAQYhF,UAAUsH,KARtB,EASGtC,QATH,CASYhF,UAAUyF,MATtB;AAWA5F,mBAAS4I,OAAT,CAAiB/I,IAAjB,CAAsByB,OAAtB;AACD,SA5jBW;AA8jBZqH,gBAAQ,YAAW;AACjB,cAAIlH,OAAOgC,EAAP,CAAUiE,KAAV,EAAJ,EAAwB;AACtBjG,mBAAO2B,KAAP,CAAa,8CAAb;AACA3B,mBAAOwF,MAAP,CAAcpB,MAAd;AACArF,oBACG8H,WADH,CACenI,UAAUuH,KADzB,EAEGY,WAFH,CAEenI,UAAUuF,GAFzB,EAGG4C,WAHH,CAGenI,UAAUyF,MAHzB;AAKD;AACF,SAxkBW;AA0kBZ8C,eAAO,YAAW;AAChB,cAAIjH,OAAOgC,EAAP,CAAUgE,KAAV,EAAJ,EAAwB;AACtBhG,mBAAO2B,KAAP,CAAa,oCAAb;AACA3B,mBAAOwF,MAAP,CAAcpB,MAAd;AACArF,oBACG8H,WADH,CACenI,UAAUsH,KADzB,EAEGa,WAFH,CAEenI,UAAUuF,GAFzB,EAGG4C,WAHH,CAGenI,UAAUyF,MAHzB;AAKA5F,qBAASwI,SAAT,CAAmB3I,IAAnB,CAAwByB,OAAxB;AACD;AACF,SArlBW;AAulBZgB,eAAO,YAAW;AAChBb,iBAAO2B,KAAP,CAAa,6BAAb;AACA3B,iBAAOkH,MAAP;AACAlH,iBAAOiH,KAAP;AACAjH,iBAAOoH,QAAP;AACApH,iBAAOwF,MAAP,CAAcpB,MAAd;AACApE,iBAAOwF,MAAP,CAAc1B,UAAd;AACD,SA9lBW;AAgmBZsD,kBAAU,YAAW;AACnBrI,kBACG6E,GADH,CACO;AACHS,mBAAS,EADN;AAEHjC,oBAAS;AAFN,WADP;AAMAjD,qBACGyE,GADH,CACO;AACHxB,oBAAQ;AADL,WADP;AAKD,SA5mBW;AA8mBZiF,iBAAS,UAASC,IAAT,EAAeC,KAAf,EAAsB;AAC7B,cAAIzK,EAAE0B,aAAF,CAAgB8I,IAAhB,CAAJ,EAA4B;AAC1BxK,cAAE2B,MAAF,CAAS,IAAT,EAAeF,QAAf,EAAyB+I,IAAzB;AACD,WAFD,MAGK,IAAGC,UAAUtK,SAAb,EAAwB;AAC3BsB,qBAAS+I,IAAT,IAAiBC,KAAjB;AACD,WAFI,MAGA;AACH,mBAAOhJ,SAAS+I,IAAT,CAAP;AACD;AACF,SAxnBW;AAynBZE,kBAAU,UAASF,IAAT,EAAeC,KAAf,EAAsB;AAC9B,cAAIzK,EAAE0B,aAAF,CAAgB8I,IAAhB,CAAJ,EAA4B;AAC1BxK,cAAE2B,MAAF,CAAS,IAAT,EAAeuB,MAAf,EAAuBsH,IAAvB;AACD,WAFD,MAGK,IAAGC,UAAUtK,SAAb,EAAwB;AAC3B+C,mBAAOsH,IAAP,IAAeC,KAAf;AACD,WAFI,MAGA;AACH,mBAAOvH,OAAOsH,IAAP,CAAP;AACD;AACF,SAnoBW;AAooBZ3F,eAAO,YAAW;AAChB,cAAG,CAACpD,SAASkJ,MAAV,IAAoBlJ,SAASoD,KAAhC,EAAuC;AACrC,gBAAGpD,SAAST,WAAZ,EAAyB;AACvBkC,qBAAOlC,WAAP,CAAmB4J,GAAnB,CAAuB1J,SAAvB;AACD,aAFD,MAGK;AACHgC,qBAAO2B,KAAP,GAAevE,SAASuK,SAAT,CAAmBnH,IAAnB,CAAwBpC,IAAxB,CAA6BwJ,QAAQC,IAArC,EAA2CD,OAA3C,EAAoDrJ,SAAS+I,IAAT,GAAgB,GAApE,CAAf;AACAtH,qBAAO2B,KAAP,CAAamG,KAAb,CAAmBF,OAAnB,EAA4B5J,SAA5B;AACD;AACF;AACF,SA9oBW;AA+oBZoC,iBAAS,YAAW;AAClB,cAAG,CAAC7B,SAASkJ,MAAV,IAAoBlJ,SAAS6B,OAA7B,IAAwC7B,SAASoD,KAApD,EAA2D;AACzD,gBAAGpD,SAAST,WAAZ,EAAyB;AACvBkC,qBAAOlC,WAAP,CAAmB4J,GAAnB,CAAuB1J,SAAvB;AACD,aAFD,MAGK;AACHgC,qBAAOI,OAAP,GAAiBhD,SAASuK,SAAT,CAAmBnH,IAAnB,CAAwBpC,IAAxB,CAA6BwJ,QAAQC,IAArC,EAA2CD,OAA3C,EAAoDrJ,SAAS+I,IAAT,GAAgB,GAApE,CAAjB;AACAtH,qBAAOI,OAAP,CAAe0H,KAAf,CAAqBF,OAArB,EAA8B5J,SAA9B;AACD;AACF;AACF,SAzpBW;AA0pBZY,eAAO,YAAW;AAChB,cAAG,CAACL,SAASkJ,MAAb,EAAqB;AACnBzH,mBAAOpB,KAAP,GAAexB,SAASuK,SAAT,CAAmBnH,IAAnB,CAAwBpC,IAAxB,CAA6BwJ,QAAQhJ,KAArC,EAA4CgJ,OAA5C,EAAqDrJ,SAAS+I,IAAT,GAAgB,GAArE,CAAf;AACAtH,mBAAOpB,KAAP,CAAakJ,KAAb,CAAmBF,OAAnB,EAA4B5J,SAA5B;AACD;AACF,SA/pBW;AAgqBZF,qBAAa;AACX4J,eAAK,UAASK,OAAT,EAAkB;AACrB,gBACEC,WADF,EAEEC,aAFF,EAGEC,YAHF;;AAKA,gBAAG3J,SAAST,WAAZ,EAAyB;AACvBkK,4BAAgB,IAAIpK,IAAJ,GAAWC,OAAX,EAAhB;AACAqK,6BAAgBvK,QAAQqK,WAAxB;AACAC,8BAAgBD,cAAcE,YAA9B;AACAvK,qBAAgBqK,WAAhB;AACAlK,0BAAYqK,IAAZ,CAAiB;AACf,wBAAmBJ,QAAQ,CAAR,CADJ;AAEf,6BAAmB,GAAG5J,KAAH,CAASC,IAAT,CAAc2J,OAAd,EAAuB,CAAvB,KAA6B,EAFjC;AAGf,2BAAmBlI,OAHJ;AAIf,kCAAmBoI;AAJJ,eAAjB;AAMD;;AACDxF,yBAAazC,OAAOlC,WAAP,CAAmB4E,KAAhC;AACA1C,mBAAOlC,WAAP,CAAmB4E,KAAnB,GAA2B9C,WAAWI,OAAOlC,WAAP,CAAmBsK,OAA9B,EAAuC,CAAvC,CAA3B;AACD,WArBU;AAsBXA,mBAAS,YAAW;AAClB,gBACEC,QAAQ9J,SAAS+I,IAAT,GAAgB,GAD1B;AAAA,gBAEEgB,YAAY,CAFd;AAIA3K,mBAAO,KAAP;AACA8E,yBAAazC,OAAOlC,WAAP,CAAmB4E,KAAhC;AACA5F,cAAEwB,IAAF,CAAOR,WAAP,EAAoB,UAASyK,KAAT,EAAgBjJ,IAAhB,EAAsB;AACxCgJ,2BAAahJ,KAAK,gBAAL,CAAb;AACD,aAFD;AAGA+I,qBAAS,MAAMC,SAAN,GAAkB,IAA3B;;AACA,gBAAG7K,cAAH,EAAmB;AACjB4K,uBAAS,QAAQ5K,cAAR,GAAyB,IAAlC;AACD;;AACD,gBAAI,CAACmK,QAAQY,KAAR,KAAkBvL,SAAlB,IAA+B2K,QAAQa,KAAR,KAAkBxL,SAAlD,KAAgEa,YAAYgE,MAAZ,GAAqB,CAAzF,EAA4F;AAC1F8F,sBAAQc,cAAR,CAAuBL,KAAvB;;AACA,kBAAGT,QAAQa,KAAX,EAAkB;AAChBb,wBAAQa,KAAR,CAAc3K,WAAd;AACD,eAFD,MAGK;AACHhB,kBAAEwB,IAAF,CAAOR,WAAP,EAAoB,UAASyK,KAAT,EAAgBjJ,IAAhB,EAAsB;AACxCsI,0BAAQF,GAAR,CAAYpI,KAAK,MAAL,IAAe,IAAf,GAAsBA,KAAK,gBAAL,CAAtB,GAA6C,IAAzD;AACD,iBAFD;AAGD;;AACDsI,sBAAQe,QAAR;AACD;;AACD7K,0BAAc,EAAd;AACD;AAjDU,SAhqBD;AAmtBZ8K,gBAAQ,UAAS7K,KAAT,EAAgB8K,eAAhB,EAAiChH,OAAjC,EAA0C;AAChD,cACEiH,SAASzJ,QADX;AAAA,cAEE0J,QAFF;AAAA,cAGEC,KAHF;AAAA,cAIEC,QAJF;AAMAJ,4BAAkBA,mBAAmB3K,cAArC;AACA2D,oBAAkBhC,WAAmBgC,OAArC;;AACA,cAAG,OAAO9D,KAAP,IAAgB,QAAhB,IAA4B+K,WAAW7L,SAA1C,EAAqD;AACnDc,oBAAWA,MAAMmL,KAAN,CAAY,OAAZ,CAAX;AACAH,uBAAWhL,MAAM+D,MAAN,GAAe,CAA1B;AACAhF,cAAEwB,IAAF,CAAOP,KAAP,EAAc,UAASoL,KAAT,EAAgB5B,KAAhB,EAAuB;AACnC,kBAAI6B,iBAAkBD,SAASJ,QAAV,GACjBxB,QAAQxJ,MAAMoL,QAAQ,CAAd,EAAiBE,MAAjB,CAAwB,CAAxB,EAA2BC,WAA3B,EAAR,GAAmDvL,MAAMoL,QAAQ,CAAd,EAAiBhL,KAAjB,CAAuB,CAAvB,CADlC,GAEjBJ,KAFJ;;AAIA,kBAAIjB,EAAE0B,aAAF,CAAiBsK,OAAOM,cAAP,CAAjB,KAA8CD,SAASJ,QAA3D,EAAuE;AACrED,yBAASA,OAAOM,cAAP,CAAT;AACD,eAFD,MAGK,IAAIN,OAAOM,cAAP,MAA2BnM,SAA/B,EAA2C;AAC9C+L,wBAAQF,OAAOM,cAAP,CAAR;AACA,uBAAO,KAAP;AACD,eAHI,MAIA,IAAItM,EAAE0B,aAAF,CAAiBsK,OAAOvB,KAAP,CAAjB,KAAqC4B,SAASJ,QAAlD,EAA8D;AACjED,yBAASA,OAAOvB,KAAP,CAAT;AACD,eAFI,MAGA,IAAIuB,OAAOvB,KAAP,MAAkBtK,SAAtB,EAAkC;AACrC+L,wBAAQF,OAAOvB,KAAP,CAAR;AACA,uBAAO,KAAP;AACD,eAHI,MAIA;AACH,uBAAO,KAAP;AACD;AACF,aAtBD;AAuBD;;AACD,cAAKzK,EAAEyM,UAAF,CAAcP,KAAd,CAAL,EAA6B;AAC3BC,uBAAWD,MAAMlB,KAAN,CAAYjG,OAAZ,EAAqBgH,eAArB,CAAX;AACD,WAFD,MAGK,IAAGG,UAAU/L,SAAb,EAAwB;AAC3BgM,uBAAWD,KAAX;AACD;;AACD,cAAGlM,EAAE0M,OAAF,CAAUnL,aAAV,CAAH,EAA6B;AAC3BA,0BAAc8J,IAAd,CAAmBc,QAAnB;AACD,WAFD,MAGK,IAAG5K,kBAAkBpB,SAArB,EAAgC;AACnCoB,4BAAgB,CAACA,aAAD,EAAgB4K,QAAhB,CAAhB;AACD,WAFI,MAGA,IAAGA,aAAahM,SAAhB,EAA2B;AAC9BoB,4BAAgB4K,QAAhB;AACD;;AACD,iBAAOD,KAAP;AACD;AAvwBW,OAAd;;AA0wBA,UAAG/K,aAAH,EAAkB;AAChB,YAAGoB,aAAapC,SAAhB,EAA2B;AACzB+C,iBAAOC,UAAP;AACD;;AACDD,eAAO4I,MAAP,CAAc7K,KAAd;AACD,OALD,MAMK;AACH,YAAGsB,aAAapC,SAAhB,EAA2B;AACzBoC,mBAASuJ,MAAT,CAAgB,SAAhB;AACD;;AACD5I,eAAOC,UAAP;AACD;AACF,KA1zBH;AA6zBA,WAAQ5B,kBAAkBpB,SAAnB,GACHoB,aADG,GAEH,IAFJ;AAID,GA/0BD;;AAi1BAvB,IAAEO,EAAF,CAAKC,MAAL,CAAYiB,QAAZ,GAAuB;AAErB+I,UAAiB,QAFI;AAGrB3I,eAAiB,QAHI;AAKrB8I,YAAiB,KALI;AAMrB9F,WAAiB,KANI;AAOrBvB,aAAiB,IAPI;AAQrBtC,iBAAiB,IARI;AAUrB;AACAqI,aAAiB,KAXI;AAarBtE,aAAiB,KAbI;AAerB;AACA3C,mBAAiBnC,MAhBI;AAkBrB;AACAqH,YAAiB,CAnBI;AAqBrB;AACAgC,kBAAiB,CAtBI;AAwBrBV,YAAiB,CAxBI;AAwBD;AAEpB;AACAhF,oBAAiB,KA3BI;AA6BrB;AACA6C,kBAAiB,YAAU,CAAE,CA9BR;AAgCrB;AACAF,cAAiB,YAAU,CAAE,CAjCR;AAmCrB;AACA8D,aAAiB,YAAU,CAAE,CApCR;AAsCrB;AACAJ,eAAiB,YAAU,CAAE,CAvCR;AAyCrB;AACAD,WAAiB,YAAU,CAAE,CA1CR;AA4CrB;AACAE,cAAiB,YAAU,CAAE,CA7CR;AA+CrBpI,WAAgB;AACd4F,iBAAiB,oDADH;AAEdtC,eAAiB,oIAFH;AAGduH,cAAiB,uCAHH;AAId1H,sBAAiB,kCAJH;AAKdM,mBAAiB;AALH,KA/CK;AAuDrB3D,eAAY;AACVuH,aAAY,OADF;AAEVD,aAAY,OAFF;AAGVrC,iBAAY,QAHF;AAIVM,WAAY,KAJF;AAKVE,cAAY;AALF;AAvDS,GAAvB;AAiEC,CA75BA,EA65BGuF,MA75BH,EA65BW3M,MA75BX,EA65BmBC,QA75BnB","file":"client/lib/semantic-ui/definitions/modules/sticky.js.map","sourcesContent":["/*\n  DO NOT MODIFY - This file has been generated and will be regenerated\n  Semantic UI v2.2.1\n*/\n/*!\n * # Semantic UI - Sticky\n * http://github.com/semantic-org/semantic-ui/\n *\n *\n * Released under the MIT license\n * http://opensource.org/licenses/MIT\n *\n */\n\n;(function ($, window, document, undefined) {\n\n\"use strict\";\n\nwindow = (typeof window != 'undefined' && window.Math == Math)\n  ? window\n  : (typeof self != 'undefined' && self.Math == Math)\n    ? self\n    : Function('return this')()\n;\n\n$.fn.sticky = function(parameters) {\n  var\n    $allModules    = $(this),\n    moduleSelector = $allModules.selector || '',\n\n    time           = new Date().getTime(),\n    performance    = [],\n\n    query          = arguments[0],\n    methodInvoked  = (typeof query == 'string'),\n    queryArguments = [].slice.call(arguments, 1),\n    returnedValue\n  ;\n\n  $allModules\n    .each(function() {\n      var\n        settings              = ( $.isPlainObject(parameters) )\n          ? $.extend(true, {}, $.fn.sticky.settings, parameters)\n          : $.extend({}, $.fn.sticky.settings),\n\n        className             = settings.className,\n        namespace             = settings.namespace,\n        error                 = settings.error,\n\n        eventNamespace        = '.' + namespace,\n        moduleNamespace       = 'module-' + namespace,\n\n        $module               = $(this),\n        $window               = $(window),\n        $scroll               = $(settings.scrollContext),\n        $container,\n        $context,\n\n        selector              = $module.selector || '',\n        instance              = $module.data(moduleNamespace),\n\n        requestAnimationFrame = window.requestAnimationFrame\n          || window.mozRequestAnimationFrame\n          || window.webkitRequestAnimationFrame\n          || window.msRequestAnimationFrame\n          || function(callback) { setTimeout(callback, 0); },\n\n        element         = this,\n\n        documentObserver,\n        observer,\n        module\n      ;\n\n      module      = {\n\n        initialize: function() {\n\n          module.determineContainer();\n          module.determineContext();\n          module.verbose('Initializing sticky', settings, $container);\n\n          module.save.positions();\n          module.checkErrors();\n          module.bind.events();\n\n          if(settings.observeChanges) {\n            module.observeChanges();\n          }\n          module.instantiate();\n        },\n\n        instantiate: function() {\n          module.verbose('Storing instance of module', module);\n          instance = module;\n          $module\n            .data(moduleNamespace, module)\n          ;\n        },\n\n        destroy: function() {\n          module.verbose('Destroying previous instance');\n          module.reset();\n          if(documentObserver) {\n            documentObserver.disconnect();\n          }\n          if(observer) {\n            observer.disconnect();\n          }\n          $window\n            .off('load' + eventNamespace, module.event.load)\n            .off('resize' + eventNamespace, module.event.resize)\n          ;\n          $scroll\n            .off('scrollchange' + eventNamespace, module.event.scrollchange)\n          ;\n          $module.removeData(moduleNamespace);\n        },\n\n        observeChanges: function() {\n          if('MutationObserver' in window) {\n            documentObserver = new MutationObserver(module.event.documentChanged);\n            observer         = new MutationObserver(module.event.changed);\n            documentObserver.observe(document, {\n              childList : true,\n              subtree   : true\n            });\n            observer.observe(element, {\n              childList : true,\n              subtree   : true\n            });\n            observer.observe($context[0], {\n              childList : true,\n              subtree   : true\n            });\n            module.debug('Setting up mutation observer', observer);\n          }\n        },\n\n        determineContainer: function() {\n          $container = $module.offsetParent();\n        },\n\n        determineContext: function() {\n          if(settings.context) {\n            $context = $(settings.context);\n          }\n          else {\n            $context = $container;\n          }\n          if($context.length === 0) {\n            module.error(error.invalidContext, settings.context, $module);\n            return;\n          }\n        },\n\n        checkErrors: function() {\n          if( module.is.hidden() ) {\n            module.error(error.visible, $module);\n          }\n          if(module.cache.element.height > module.cache.context.height) {\n            module.reset();\n            module.error(error.elementSize, $module);\n            return;\n          }\n        },\n\n        bind: {\n          events: function() {\n            $window\n              .on('load' + eventNamespace, module.event.load)\n              .on('resize' + eventNamespace, module.event.resize)\n            ;\n            // pub/sub pattern\n            $scroll\n              .off('scroll' + eventNamespace)\n              .on('scroll' + eventNamespace, module.event.scroll)\n              .on('scrollchange' + eventNamespace, module.event.scrollchange)\n            ;\n          }\n        },\n\n        event: {\n          changed: function(mutations) {\n            clearTimeout(module.timer);\n            module.timer = setTimeout(function() {\n              module.verbose('DOM tree modified, updating sticky menu', mutations);\n              module.refresh();\n            }, 100);\n          },\n          documentChanged: function(mutations) {\n            [].forEach.call(mutations, function(mutation) {\n              if(mutation.removedNodes) {\n                [].forEach.call(mutation.removedNodes, function(node) {\n                  if(node == element || $(node).find(element).length > 0) {\n                    module.debug('Element removed from DOM, tearing down events');\n                    module.destroy();\n                  }\n                });\n              }\n            });\n          },\n          load: function() {\n            module.verbose('Page contents finished loading');\n            requestAnimationFrame(module.refresh);\n          },\n          resize: function() {\n            module.verbose('Window resized');\n            requestAnimationFrame(module.refresh);\n          },\n          scroll: function() {\n            requestAnimationFrame(function() {\n              $scroll.triggerHandler('scrollchange' + eventNamespace, $scroll.scrollTop() );\n            });\n          },\n          scrollchange: function(event, scrollPosition) {\n            module.stick(scrollPosition);\n            settings.onScroll.call(element);\n          }\n        },\n\n        refresh: function(hardRefresh) {\n          module.reset();\n          if(!settings.context) {\n            module.determineContext();\n          }\n          if(hardRefresh) {\n            module.determineContainer();\n          }\n          module.save.positions();\n          module.stick();\n          settings.onReposition.call(element);\n        },\n\n        supports: {\n          sticky: function() {\n            var\n              $element = $('<div/>'),\n              element = $element[0]\n            ;\n            $element.addClass(className.supported);\n            return($element.css('position').match('sticky'));\n          }\n        },\n\n        save: {\n          lastScroll: function(scroll) {\n            module.lastScroll = scroll;\n          },\n          elementScroll: function(scroll) {\n            module.elementScroll = scroll;\n          },\n          positions: function() {\n            var\n              scrollContext = {\n                height : $scroll.height()\n              },\n              element = {\n                margin: {\n                  top    : parseInt($module.css('margin-top'), 10),\n                  bottom : parseInt($module.css('margin-bottom'), 10),\n                },\n                offset : $module.offset(),\n                width  : $module.outerWidth(),\n                height : $module.outerHeight()\n              },\n              context = {\n                offset : $context.offset(),\n                height : $context.outerHeight()\n              },\n              container = {\n                height: $container.outerHeight()\n              }\n            ;\n            if( !module.is.standardScroll() ) {\n              module.debug('Non-standard scroll. Removing scroll offset from element offset');\n\n              scrollContext.top  = $scroll.scrollTop();\n              scrollContext.left = $scroll.scrollLeft();\n\n              element.offset.top  += scrollContext.top;\n              context.offset.top  += scrollContext.top;\n              element.offset.left += scrollContext.left;\n              context.offset.left += scrollContext.left;\n            }\n            module.cache = {\n              fits : ( element.height < scrollContext.height ),\n              scrollContext : {\n                height : scrollContext.height\n              },\n              element: {\n                margin : element.margin,\n                top    : element.offset.top - element.margin.top,\n                left   : element.offset.left,\n                width  : element.width,\n                height : element.height,\n                bottom : element.offset.top + element.height\n              },\n              context: {\n                top           : context.offset.top,\n                height        : context.height,\n                bottom        : context.offset.top + context.height\n              }\n            };\n            module.set.containerSize();\n            module.set.size();\n            module.stick();\n            module.debug('Caching element positions', module.cache);\n          }\n        },\n\n        get: {\n          direction: function(scroll) {\n            var\n              direction = 'down'\n            ;\n            scroll = scroll || $scroll.scrollTop();\n            if(module.lastScroll !== undefined) {\n              if(module.lastScroll < scroll) {\n                direction = 'down';\n              }\n              else if(module.lastScroll > scroll) {\n                direction = 'up';\n              }\n            }\n            return direction;\n          },\n          scrollChange: function(scroll) {\n            scroll = scroll || $scroll.scrollTop();\n            return (module.lastScroll)\n              ? (scroll - module.lastScroll)\n              : 0\n            ;\n          },\n          currentElementScroll: function() {\n            if(module.elementScroll) {\n              return module.elementScroll;\n            }\n            return ( module.is.top() )\n              ? Math.abs(parseInt($module.css('top'), 10))    || 0\n              : Math.abs(parseInt($module.css('bottom'), 10)) || 0\n            ;\n          },\n\n          elementScroll: function(scroll) {\n            scroll = scroll || $scroll.scrollTop();\n            var\n              element        = module.cache.element,\n              scrollContext  = module.cache.scrollContext,\n              delta          = module.get.scrollChange(scroll),\n              maxScroll      = (element.height - scrollContext.height + settings.offset),\n              elementScroll  = module.get.currentElementScroll(),\n              possibleScroll = (elementScroll + delta)\n            ;\n            if(module.cache.fits || possibleScroll < 0) {\n              elementScroll = 0;\n            }\n            else if(possibleScroll > maxScroll ) {\n              elementScroll = maxScroll;\n            }\n            else {\n              elementScroll = possibleScroll;\n            }\n            return elementScroll;\n          }\n        },\n\n        remove: {\n          lastScroll: function() {\n            delete module.lastScroll;\n          },\n          elementScroll: function(scroll) {\n            delete module.elementScroll;\n          },\n          offset: function() {\n            $module.css('margin-top', '');\n          }\n        },\n\n        set: {\n          offset: function() {\n            module.verbose('Setting offset on element', settings.offset);\n            $module\n              .css('margin-top', settings.offset)\n            ;\n          },\n          containerSize: function() {\n            var\n              tagName = $container.get(0).tagName\n            ;\n            if(tagName === 'HTML' || tagName == 'body') {\n              // this can trigger for too many reasons\n              //module.error(error.container, tagName, $module);\n              module.determineContainer();\n            }\n            else {\n              if( Math.abs($container.outerHeight() - module.cache.context.height) > settings.jitter) {\n                module.debug('Context has padding, specifying exact height for container', module.cache.context.height);\n                $container.css({\n                  height: module.cache.context.height\n                });\n              }\n            }\n          },\n          minimumSize: function() {\n            var\n              element   = module.cache.element\n            ;\n            $container\n              .css('min-height', element.height)\n            ;\n          },\n          scroll: function(scroll) {\n            module.debug('Setting scroll on element', scroll);\n            if(module.elementScroll == scroll) {\n              return;\n            }\n            if( module.is.top() ) {\n              $module\n                .css('bottom', '')\n                .css('top', -scroll)\n              ;\n            }\n            if( module.is.bottom() ) {\n              $module\n                .css('top', '')\n                .css('bottom', scroll)\n              ;\n            }\n          },\n          size: function() {\n            if(module.cache.element.height !== 0 && module.cache.element.width !== 0) {\n              element.style.setProperty('width',  module.cache.element.width  + 'px', 'important');\n              element.style.setProperty('height', module.cache.element.height + 'px', 'important');\n            }\n          }\n        },\n\n        is: {\n          standardScroll: function() {\n            return ($scroll[0] == window);\n          },\n          top: function() {\n            return $module.hasClass(className.top);\n          },\n          bottom: function() {\n            return $module.hasClass(className.bottom);\n          },\n          initialPosition: function() {\n            return (!module.is.fixed() && !module.is.bound());\n          },\n          hidden: function() {\n            return (!$module.is(':visible'));\n          },\n          bound: function() {\n            return $module.hasClass(className.bound);\n          },\n          fixed: function() {\n            return $module.hasClass(className.fixed);\n          }\n        },\n\n        stick: function(scroll) {\n          var\n            cachedPosition = scroll || $scroll.scrollTop(),\n            cache          = module.cache,\n            fits           = cache.fits,\n            element        = cache.element,\n            scrollContext  = cache.scrollContext,\n            context        = cache.context,\n            offset         = (module.is.bottom() && settings.pushing)\n              ? settings.bottomOffset\n              : settings.offset,\n            scroll         = {\n              top    : cachedPosition + offset,\n              bottom : cachedPosition + offset + scrollContext.height\n            },\n            direction      = module.get.direction(scroll.top),\n            elementScroll  = (fits)\n              ? 0\n              : module.get.elementScroll(scroll.top),\n\n            // shorthand\n            doesntFit      = !fits,\n            elementVisible = (element.height !== 0)\n          ;\n\n          if(elementVisible) {\n\n            if( module.is.initialPosition() ) {\n              if(scroll.top >= context.bottom) {\n                module.debug('Initial element position is bottom of container');\n                module.bindBottom();\n              }\n              else if(scroll.top > element.top) {\n                if( (element.height + scroll.top - elementScroll) >= context.bottom ) {\n                  module.debug('Initial element position is bottom of container');\n                  module.bindBottom();\n                }\n                else {\n                  module.debug('Initial element position is fixed');\n                  module.fixTop();\n                }\n              }\n\n            }\n            else if( module.is.fixed() ) {\n\n              // currently fixed top\n              if( module.is.top() ) {\n                if( scroll.top <= element.top ) {\n                  module.debug('Fixed element reached top of container');\n                  module.setInitialPosition();\n                }\n                else if( (element.height + scroll.top - elementScroll) >= context.bottom ) {\n                  module.debug('Fixed element reached bottom of container');\n                  module.bindBottom();\n                }\n                // scroll element if larger than screen\n                else if(doesntFit) {\n                  module.set.scroll(elementScroll);\n                  module.save.lastScroll(scroll.top);\n                  module.save.elementScroll(elementScroll);\n                }\n              }\n\n              // currently fixed bottom\n              else if(module.is.bottom() ) {\n\n                // top edge\n                if( (scroll.bottom - element.height) <= element.top) {\n                  module.debug('Bottom fixed rail has reached top of container');\n                  module.setInitialPosition();\n                }\n                // bottom edge\n                else if(scroll.bottom >= context.bottom) {\n                  module.debug('Bottom fixed rail has reached bottom of container');\n                  module.bindBottom();\n                }\n                // scroll element if larger than screen\n                else if(doesntFit) {\n                  module.set.scroll(elementScroll);\n                  module.save.lastScroll(scroll.top);\n                  module.save.elementScroll(elementScroll);\n                }\n\n              }\n            }\n            else if( module.is.bottom() ) {\n              if( scroll.top <= element.top ) {\n                module.debug('Jumped from bottom fixed to top fixed, most likely used home/end button');\n                module.setInitialPosition();\n              }\n              else {\n                if(settings.pushing) {\n                  if(module.is.bound() && scroll.bottom <= context.bottom ) {\n                    module.debug('Fixing bottom attached element to bottom of browser.');\n                    module.fixBottom();\n                  }\n                }\n                else {\n                  if(module.is.bound() && (scroll.top <= context.bottom - element.height) ) {\n                    module.debug('Fixing bottom attached element to top of browser.');\n                    module.fixTop();\n                  }\n                }\n              }\n            }\n          }\n        },\n\n        bindTop: function() {\n          module.debug('Binding element to top of parent container');\n          module.remove.offset();\n          $module\n            .css({\n              left         : '',\n              top          : '',\n              marginBottom : ''\n            })\n            .removeClass(className.fixed)\n            .removeClass(className.bottom)\n            .addClass(className.bound)\n            .addClass(className.top)\n          ;\n          settings.onTop.call(element);\n          settings.onUnstick.call(element);\n        },\n        bindBottom: function() {\n          module.debug('Binding element to bottom of parent container');\n          module.remove.offset();\n          $module\n            .css({\n              left         : '',\n              top          : ''\n            })\n            .removeClass(className.fixed)\n            .removeClass(className.top)\n            .addClass(className.bound)\n            .addClass(className.bottom)\n          ;\n          settings.onBottom.call(element);\n          settings.onUnstick.call(element);\n        },\n\n        setInitialPosition: function() {\n          module.debug('Returning to initial position');\n          module.unfix();\n          module.unbind();\n        },\n\n\n        fixTop: function() {\n          module.debug('Fixing element to top of page');\n          module.set.minimumSize();\n          module.set.offset();\n          $module\n            .css({\n              left         : module.cache.element.left,\n              bottom       : '',\n              marginBottom : ''\n            })\n            .removeClass(className.bound)\n            .removeClass(className.bottom)\n            .addClass(className.fixed)\n            .addClass(className.top)\n          ;\n          settings.onStick.call(element);\n        },\n\n        fixBottom: function() {\n          module.debug('Sticking element to bottom of page');\n          module.set.minimumSize();\n          module.set.offset();\n          $module\n            .css({\n              left         : module.cache.element.left,\n              bottom       : '',\n              marginBottom : ''\n            })\n            .removeClass(className.bound)\n            .removeClass(className.top)\n            .addClass(className.fixed)\n            .addClass(className.bottom)\n          ;\n          settings.onStick.call(element);\n        },\n\n        unbind: function() {\n          if( module.is.bound() ) {\n            module.debug('Removing container bound position on element');\n            module.remove.offset();\n            $module\n              .removeClass(className.bound)\n              .removeClass(className.top)\n              .removeClass(className.bottom)\n            ;\n          }\n        },\n\n        unfix: function() {\n          if( module.is.fixed() ) {\n            module.debug('Removing fixed position on element');\n            module.remove.offset();\n            $module\n              .removeClass(className.fixed)\n              .removeClass(className.top)\n              .removeClass(className.bottom)\n            ;\n            settings.onUnstick.call(element);\n          }\n        },\n\n        reset: function() {\n          module.debug('Resetting elements position');\n          module.unbind();\n          module.unfix();\n          module.resetCSS();\n          module.remove.offset();\n          module.remove.lastScroll();\n        },\n\n        resetCSS: function() {\n          $module\n            .css({\n              width  : '',\n              height : ''\n            })\n          ;\n          $container\n            .css({\n              height: ''\n            })\n          ;\n        },\n\n        setting: function(name, value) {\n          if( $.isPlainObject(name) ) {\n            $.extend(true, settings, name);\n          }\n          else if(value !== undefined) {\n            settings[name] = value;\n          }\n          else {\n            return settings[name];\n          }\n        },\n        internal: function(name, value) {\n          if( $.isPlainObject(name) ) {\n            $.extend(true, module, name);\n          }\n          else if(value !== undefined) {\n            module[name] = value;\n          }\n          else {\n            return module[name];\n          }\n        },\n        debug: function() {\n          if(!settings.silent && settings.debug) {\n            if(settings.performance) {\n              module.performance.log(arguments);\n            }\n            else {\n              module.debug = Function.prototype.bind.call(console.info, console, settings.name + ':');\n              module.debug.apply(console, arguments);\n            }\n          }\n        },\n        verbose: function() {\n          if(!settings.silent && settings.verbose && settings.debug) {\n            if(settings.performance) {\n              module.performance.log(arguments);\n            }\n            else {\n              module.verbose = Function.prototype.bind.call(console.info, console, settings.name + ':');\n              module.verbose.apply(console, arguments);\n            }\n          }\n        },\n        error: function() {\n          if(!settings.silent) {\n            module.error = Function.prototype.bind.call(console.error, console, settings.name + ':');\n            module.error.apply(console, arguments);\n          }\n        },\n        performance: {\n          log: function(message) {\n            var\n              currentTime,\n              executionTime,\n              previousTime\n            ;\n            if(settings.performance) {\n              currentTime   = new Date().getTime();\n              previousTime  = time || currentTime;\n              executionTime = currentTime - previousTime;\n              time          = currentTime;\n              performance.push({\n                'Name'           : message[0],\n                'Arguments'      : [].slice.call(message, 1) || '',\n                'Element'        : element,\n                'Execution Time' : executionTime\n              });\n            }\n            clearTimeout(module.performance.timer);\n            module.performance.timer = setTimeout(module.performance.display, 0);\n          },\n          display: function() {\n            var\n              title = settings.name + ':',\n              totalTime = 0\n            ;\n            time = false;\n            clearTimeout(module.performance.timer);\n            $.each(performance, function(index, data) {\n              totalTime += data['Execution Time'];\n            });\n            title += ' ' + totalTime + 'ms';\n            if(moduleSelector) {\n              title += ' \\'' + moduleSelector + '\\'';\n            }\n            if( (console.group !== undefined || console.table !== undefined) && performance.length > 0) {\n              console.groupCollapsed(title);\n              if(console.table) {\n                console.table(performance);\n              }\n              else {\n                $.each(performance, function(index, data) {\n                  console.log(data['Name'] + ': ' + data['Execution Time']+'ms');\n                });\n              }\n              console.groupEnd();\n            }\n            performance = [];\n          }\n        },\n        invoke: function(query, passedArguments, context) {\n          var\n            object = instance,\n            maxDepth,\n            found,\n            response\n          ;\n          passedArguments = passedArguments || queryArguments;\n          context         = element         || context;\n          if(typeof query == 'string' && object !== undefined) {\n            query    = query.split(/[\\. ]/);\n            maxDepth = query.length - 1;\n            $.each(query, function(depth, value) {\n              var camelCaseValue = (depth != maxDepth)\n                ? value + query[depth + 1].charAt(0).toUpperCase() + query[depth + 1].slice(1)\n                : query\n              ;\n              if( $.isPlainObject( object[camelCaseValue] ) && (depth != maxDepth) ) {\n                object = object[camelCaseValue];\n              }\n              else if( object[camelCaseValue] !== undefined ) {\n                found = object[camelCaseValue];\n                return false;\n              }\n              else if( $.isPlainObject( object[value] ) && (depth != maxDepth) ) {\n                object = object[value];\n              }\n              else if( object[value] !== undefined ) {\n                found = object[value];\n                return false;\n              }\n              else {\n                return false;\n              }\n            });\n          }\n          if ( $.isFunction( found ) ) {\n            response = found.apply(context, passedArguments);\n          }\n          else if(found !== undefined) {\n            response = found;\n          }\n          if($.isArray(returnedValue)) {\n            returnedValue.push(response);\n          }\n          else if(returnedValue !== undefined) {\n            returnedValue = [returnedValue, response];\n          }\n          else if(response !== undefined) {\n            returnedValue = response;\n          }\n          return found;\n        }\n      };\n\n      if(methodInvoked) {\n        if(instance === undefined) {\n          module.initialize();\n        }\n        module.invoke(query);\n      }\n      else {\n        if(instance !== undefined) {\n          instance.invoke('destroy');\n        }\n        module.initialize();\n      }\n    })\n  ;\n\n  return (returnedValue !== undefined)\n    ? returnedValue\n    : this\n  ;\n};\n\n$.fn.sticky.settings = {\n\n  name           : 'Sticky',\n  namespace      : 'sticky',\n\n  silent         : false,\n  debug          : false,\n  verbose        : true,\n  performance    : true,\n\n  // whether to stick in the opposite direction on scroll up\n  pushing        : false,\n\n  context        : false,\n\n  // Context to watch scroll events\n  scrollContext  : window,\n\n  // Offset to adjust scroll\n  offset         : 0,\n\n  // Offset to adjust scroll when attached to bottom of screen\n  bottomOffset   : 0,\n\n  jitter         : 5, // will only set container height if difference between context and container is larger than this number\n\n  // Whether to automatically observe changes with Mutation Observers\n  observeChanges : false,\n\n  // Called when position is recalculated\n  onReposition   : function(){},\n\n  // Called on each scroll\n  onScroll       : function(){},\n\n  // Called when element is stuck to viewport\n  onStick        : function(){},\n\n  // Called when element is unstuck from viewport\n  onUnstick      : function(){},\n\n  // Called when element reaches top of context\n  onTop          : function(){},\n\n  // Called when element reaches bottom of context\n  onBottom       : function(){},\n\n  error         : {\n    container      : 'Sticky element must be inside a relative container',\n    visible        : 'Element is hidden, you must call refresh after element becomes visible. Use silent setting to surpress this warning in production.',\n    method         : 'The method you called is not defined.',\n    invalidContext : 'Context specified does not exist',\n    elementSize    : 'Sticky element is larger than its container, cannot create sticky.'\n  },\n\n  className : {\n    bound     : 'bound',\n    fixed     : 'fixed',\n    supported : 'native',\n    top       : 'top',\n    bottom    : 'bottom'\n  }\n\n};\n\n})( jQuery, window, document );\n"]},"hash":"02174206320ac04aae84260a9b706772f0f36c40"}
