{"metadata":{"usedHelpers":[],"marked":[],"modules":{"imports":[],"exports":{"exported":[],"specifiers":[]}}},"options":{"filename":"client/lib/semantic-ui/definitions/modules/embed.js","filenameRelative":"client/lib/semantic-ui/definitions/modules/embed.js","env":{"development":{"plugins":[]}},"retainLines":false,"highlightCode":true,"suppressDeprecationMessages":false,"presets":[],"plugins":[[[],{"generateLetDeclarations":true,"enforceStrictMode":false}],[[],null],[[],{"polyfill":false}],[[],null],[[],null],[[],null],[[],{"allowTopLevelThis":true,"strict":false,"loose":true}],[[],null],[[],null],[[],null],[[],null],[[],null],[[],null],[[],null],[[],null],[[],null],[[],null],[[],null],[[],null],[[],{"loose":true}],[[],{"loose":true}],[[],null],[[],{"loose":true}],[[],null],[[],null],[[],null],[[],null],[[],null],[[],null],[[],{"loose":true}],[[],null],[[],null],[[],null],[[],null],[[],null],[[],null],[[],null]],"ignore":[],"code":true,"metadata":true,"ast":true,"comments":true,"compact":false,"minified":false,"sourceMap":true,"sourceMaps":true,"sourceMapTarget":"client/lib/semantic-ui/definitions/modules/embed.js.map","sourceFileName":"client/lib/semantic-ui/definitions/modules/embed.js","babelrc":false,"sourceType":"module","moduleIds":false,"passPerPreset":false,"parserOpts":false,"generatorOpts":false,"basename":"embed"},"ignored":false,"code":"/*\n  DO NOT MODIFY - This file has been generated and will be regenerated\n  Semantic UI v2.2.1\n*/ /*!\n    * # Semantic UI - Embed\n    * http://github.com/semantic-org/semantic-ui/\n    *\n    *\n    * Released under the MIT license\n    * http://opensource.org/licenses/MIT\n    *\n    */;\n\n(function ($, window, document, undefined) {\n  \"use strict\";\n\n  window = typeof window != 'undefined' && window.Math == Math ? window : typeof self != 'undefined' && self.Math == Math ? self : Function('return this')();\n\n  $.fn.embed = function (parameters) {\n    var $allModules = $(this),\n        moduleSelector = $allModules.selector || '',\n        time = new Date().getTime(),\n        performance = [],\n        query = arguments[0],\n        methodInvoked = typeof query == 'string',\n        queryArguments = [].slice.call(arguments, 1),\n        returnedValue;\n    $allModules.each(function () {\n      var settings = $.isPlainObject(parameters) ? $.extend(true, {}, $.fn.embed.settings, parameters) : $.extend({}, $.fn.embed.settings),\n          selector = settings.selector,\n          className = settings.className,\n          sources = settings.sources,\n          error = settings.error,\n          metadata = settings.metadata,\n          namespace = settings.namespace,\n          templates = settings.templates,\n          eventNamespace = '.' + namespace,\n          moduleNamespace = 'module-' + namespace,\n          $window = $(window),\n          $module = $(this),\n          $placeholder = $module.find(selector.placeholder),\n          $icon = $module.find(selector.icon),\n          $embed = $module.find(selector.embed),\n          element = this,\n          instance = $module.data(moduleNamespace),\n          module;\n      module = {\n        initialize: function () {\n          module.debug('Initializing embed');\n          module.determine.autoplay();\n          module.create();\n          module.bind.events();\n          module.instantiate();\n        },\n        instantiate: function () {\n          module.verbose('Storing instance of module', module);\n          instance = module;\n          $module.data(moduleNamespace, module);\n        },\n        destroy: function () {\n          module.verbose('Destroying previous instance of embed');\n          module.reset();\n          $module.removeData(moduleNamespace).off(eventNamespace);\n        },\n        refresh: function () {\n          module.verbose('Refreshing selector cache');\n          $placeholder = $module.find(selector.placeholder);\n          $icon = $module.find(selector.icon);\n          $embed = $module.find(selector.embed);\n        },\n        bind: {\n          events: function () {\n            if (module.has.placeholder()) {\n              module.debug('Adding placeholder events');\n              $module.on('click' + eventNamespace, selector.placeholder, module.createAndShow).on('click' + eventNamespace, selector.icon, module.createAndShow);\n            }\n          }\n        },\n        create: function () {\n          var placeholder = module.get.placeholder();\n\n          if (placeholder) {\n            module.createPlaceholder();\n          } else {\n            module.createAndShow();\n          }\n        },\n        createPlaceholder: function (placeholder) {\n          var icon = module.get.icon(),\n              url = module.get.url(),\n              embed = module.generate.embed(url);\n          placeholder = placeholder || module.get.placeholder();\n          $module.html(templates.placeholder(placeholder, icon));\n          module.debug('Creating placeholder for embed', placeholder, icon);\n        },\n        createEmbed: function (url) {\n          module.refresh();\n          url = url || module.get.url();\n          $embed = $('<div/>').addClass(className.embed).html(module.generate.embed(url)).appendTo($module);\n          settings.onCreate.call(element, url);\n          module.debug('Creating embed object', $embed);\n        },\n        changeEmbed: function (url) {\n          $embed.html(module.generate.embed(url));\n        },\n        createAndShow: function () {\n          module.createEmbed();\n          module.show();\n        },\n        // sets new embed\n        change: function (source, id, url) {\n          module.debug('Changing video to ', source, id, url);\n          $module.data(metadata.source, source).data(metadata.id, id);\n\n          if (url) {\n            $module.data(metadata.url, url);\n          } else {\n            $module.removeData(metadata.url);\n          }\n\n          if (module.has.embed()) {\n            module.changeEmbed();\n          } else {\n            module.create();\n          }\n        },\n        // clears embed\n        reset: function () {\n          module.debug('Clearing embed and showing placeholder');\n          module.remove.active();\n          module.remove.embed();\n          module.showPlaceholder();\n          settings.onReset.call(element);\n        },\n        // shows current embed\n        show: function () {\n          module.debug('Showing embed');\n          module.set.active();\n          settings.onDisplay.call(element);\n        },\n        hide: function () {\n          module.debug('Hiding embed');\n          module.showPlaceholder();\n        },\n        showPlaceholder: function () {\n          module.debug('Showing placeholder image');\n          module.remove.active();\n          settings.onPlaceholderDisplay.call(element);\n        },\n        get: {\n          id: function () {\n            return settings.id || $module.data(metadata.id);\n          },\n          placeholder: function () {\n            return settings.placeholder || $module.data(metadata.placeholder);\n          },\n          icon: function () {\n            return settings.icon ? settings.icon : $module.data(metadata.icon) !== undefined ? $module.data(metadata.icon) : module.determine.icon();\n          },\n          source: function (url) {\n            return settings.source ? settings.source : $module.data(metadata.source) !== undefined ? $module.data(metadata.source) : module.determine.source();\n          },\n          type: function () {\n            var source = module.get.source();\n            return sources[source] !== undefined ? sources[source].type : false;\n          },\n          url: function () {\n            return settings.url ? settings.url : $module.data(metadata.url) !== undefined ? $module.data(metadata.url) : module.determine.url();\n          }\n        },\n        determine: {\n          autoplay: function () {\n            if (module.should.autoplay()) {\n              settings.autoplay = true;\n            }\n          },\n          source: function (url) {\n            var matchedSource = false;\n            url = url || module.get.url();\n\n            if (url) {\n              $.each(sources, function (name, source) {\n                if (url.search(source.domain) !== -1) {\n                  matchedSource = name;\n                  return false;\n                }\n              });\n            }\n\n            return matchedSource;\n          },\n          icon: function () {\n            var source = module.get.source();\n            return sources[source] !== undefined ? sources[source].icon : false;\n          },\n          url: function () {\n            var id = settings.id || $module.data(metadata.id),\n                source = settings.source || $module.data(metadata.source),\n                url;\n            url = sources[source] !== undefined ? sources[source].url.replace('{id}', id) : false;\n\n            if (url) {\n              $module.data(metadata.url, url);\n            }\n\n            return url;\n          }\n        },\n        set: {\n          active: function () {\n            $module.addClass(className.active);\n          }\n        },\n        remove: {\n          active: function () {\n            $module.removeClass(className.active);\n          },\n          embed: function () {\n            $embed.empty();\n          }\n        },\n        encode: {\n          parameters: function (parameters) {\n            var urlString = [],\n                index;\n\n            for (index in meteorBabelHelpers.sanitizeForInObject(parameters)) {\n              urlString.push(encodeURIComponent(index) + '=' + encodeURIComponent(parameters[index]));\n            }\n\n            return urlString.join('&amp;');\n          }\n        },\n        generate: {\n          embed: function (url) {\n            module.debug('Generating embed html');\n            var source = module.get.source(),\n                html,\n                parameters;\n            url = module.get.url(url);\n\n            if (url) {\n              parameters = module.generate.parameters(source);\n              html = templates.iframe(url, parameters);\n            } else {\n              module.error(error.noURL, $module);\n            }\n\n            return html;\n          },\n          parameters: function (source, extraParameters) {\n            var parameters = sources[source] && sources[source].parameters !== undefined ? sources[source].parameters(settings) : {};\n            extraParameters = extraParameters || settings.parameters;\n\n            if (extraParameters) {\n              parameters = $.extend({}, parameters, extraParameters);\n            }\n\n            parameters = settings.onEmbed(parameters);\n            return module.encode.parameters(parameters);\n          }\n        },\n        has: {\n          embed: function () {\n            return $embed.length > 0;\n          },\n          placeholder: function () {\n            return settings.placeholder || $module.data(metadata.placeholder);\n          }\n        },\n        should: {\n          autoplay: function () {\n            return settings.autoplay === 'auto' ? settings.placeholder || $module.data(metadata.placeholder) !== undefined : settings.autoplay;\n          }\n        },\n        is: {\n          video: function () {\n            return module.get.type() == 'video';\n          }\n        },\n        setting: function (name, value) {\n          module.debug('Changing setting', name, value);\n\n          if ($.isPlainObject(name)) {\n            $.extend(true, settings, name);\n          } else if (value !== undefined) {\n            if ($.isPlainObject(settings[name])) {\n              $.extend(true, settings[name], value);\n            } else {\n              settings[name] = value;\n            }\n          } else {\n            return settings[name];\n          }\n        },\n        internal: function (name, value) {\n          if ($.isPlainObject(name)) {\n            $.extend(true, module, name);\n          } else if (value !== undefined) {\n            module[name] = value;\n          } else {\n            return module[name];\n          }\n        },\n        debug: function () {\n          if (!settings.silent && settings.debug) {\n            if (settings.performance) {\n              module.performance.log(arguments);\n            } else {\n              module.debug = Function.prototype.bind.call(console.info, console, settings.name + ':');\n              module.debug.apply(console, arguments);\n            }\n          }\n        },\n        verbose: function () {\n          if (!settings.silent && settings.verbose && settings.debug) {\n            if (settings.performance) {\n              module.performance.log(arguments);\n            } else {\n              module.verbose = Function.prototype.bind.call(console.info, console, settings.name + ':');\n              module.verbose.apply(console, arguments);\n            }\n          }\n        },\n        error: function () {\n          if (!settings.silent) {\n            module.error = Function.prototype.bind.call(console.error, console, settings.name + ':');\n            module.error.apply(console, arguments);\n          }\n        },\n        performance: {\n          log: function (message) {\n            var currentTime, executionTime, previousTime;\n\n            if (settings.performance) {\n              currentTime = new Date().getTime();\n              previousTime = time || currentTime;\n              executionTime = currentTime - previousTime;\n              time = currentTime;\n              performance.push({\n                'Name': message[0],\n                'Arguments': [].slice.call(message, 1) || '',\n                'Element': element,\n                'Execution Time': executionTime\n              });\n            }\n\n            clearTimeout(module.performance.timer);\n            module.performance.timer = setTimeout(module.performance.display, 500);\n          },\n          display: function () {\n            var title = settings.name + ':',\n                totalTime = 0;\n            time = false;\n            clearTimeout(module.performance.timer);\n            $.each(performance, function (index, data) {\n              totalTime += data['Execution Time'];\n            });\n            title += ' ' + totalTime + 'ms';\n\n            if (moduleSelector) {\n              title += ' \\'' + moduleSelector + '\\'';\n            }\n\n            if ($allModules.length > 1) {\n              title += ' ' + '(' + $allModules.length + ')';\n            }\n\n            if ((console.group !== undefined || console.table !== undefined) && performance.length > 0) {\n              console.groupCollapsed(title);\n\n              if (console.table) {\n                console.table(performance);\n              } else {\n                $.each(performance, function (index, data) {\n                  console.log(data['Name'] + ': ' + data['Execution Time'] + 'ms');\n                });\n              }\n\n              console.groupEnd();\n            }\n\n            performance = [];\n          }\n        },\n        invoke: function (query, passedArguments, context) {\n          var object = instance,\n              maxDepth,\n              found,\n              response;\n          passedArguments = passedArguments || queryArguments;\n          context = element || context;\n\n          if (typeof query == 'string' && object !== undefined) {\n            query = query.split(/[\\. ]/);\n            maxDepth = query.length - 1;\n            $.each(query, function (depth, value) {\n              var camelCaseValue = depth != maxDepth ? value + query[depth + 1].charAt(0).toUpperCase() + query[depth + 1].slice(1) : query;\n\n              if ($.isPlainObject(object[camelCaseValue]) && depth != maxDepth) {\n                object = object[camelCaseValue];\n              } else if (object[camelCaseValue] !== undefined) {\n                found = object[camelCaseValue];\n                return false;\n              } else if ($.isPlainObject(object[value]) && depth != maxDepth) {\n                object = object[value];\n              } else if (object[value] !== undefined) {\n                found = object[value];\n                return false;\n              } else {\n                module.error(error.method, query);\n                return false;\n              }\n            });\n          }\n\n          if ($.isFunction(found)) {\n            response = found.apply(context, passedArguments);\n          } else if (found !== undefined) {\n            response = found;\n          }\n\n          if ($.isArray(returnedValue)) {\n            returnedValue.push(response);\n          } else if (returnedValue !== undefined) {\n            returnedValue = [returnedValue, response];\n          } else if (response !== undefined) {\n            returnedValue = response;\n          }\n\n          return found;\n        }\n      };\n\n      if (methodInvoked) {\n        if (instance === undefined) {\n          module.initialize();\n        }\n\n        module.invoke(query);\n      } else {\n        if (instance !== undefined) {\n          instance.invoke('destroy');\n        }\n\n        module.initialize();\n      }\n    });\n    return returnedValue !== undefined ? returnedValue : this;\n  };\n\n  $.fn.embed.settings = {\n    name: 'Embed',\n    namespace: 'embed',\n    silent: false,\n    debug: false,\n    verbose: false,\n    performance: true,\n    icon: false,\n    source: false,\n    url: false,\n    id: false,\n    // standard video settings\n    autoplay: 'auto',\n    color: '#444444',\n    hd: true,\n    brandedUI: false,\n    // additional parameters to include with the embed\n    parameters: false,\n    onDisplay: function () {},\n    onPlaceholderDisplay: function () {},\n    onReset: function () {},\n    onCreate: function (url) {},\n    onEmbed: function (parameters) {\n      return parameters;\n    },\n    metadata: {\n      id: 'id',\n      icon: 'icon',\n      placeholder: 'placeholder',\n      source: 'source',\n      url: 'url'\n    },\n    error: {\n      noURL: 'No URL specified',\n      method: 'The method you called is not defined'\n    },\n    className: {\n      active: 'active',\n      embed: 'embed'\n    },\n    selector: {\n      embed: '.embed',\n      placeholder: '.placeholder',\n      icon: '.icon'\n    },\n    sources: {\n      youtube: {\n        name: 'youtube',\n        type: 'video',\n        icon: 'video play',\n        domain: 'youtube.com',\n        url: '//www.youtube.com/embed/{id}',\n        parameters: function (settings) {\n          return {\n            autohide: !settings.brandedUI,\n            autoplay: settings.autoplay,\n            color: settings.color || undefined,\n            hq: settings.hd,\n            jsapi: settings.api,\n            modestbranding: !settings.brandedUI\n          };\n        }\n      },\n      vimeo: {\n        name: 'vimeo',\n        type: 'video',\n        icon: 'video play',\n        domain: 'vimeo.com',\n        url: '//player.vimeo.com/video/{id}',\n        parameters: function (settings) {\n          return {\n            api: settings.api,\n            autoplay: settings.autoplay,\n            byline: settings.brandedUI,\n            color: settings.color || undefined,\n            portrait: settings.brandedUI,\n            title: settings.brandedUI\n          };\n        }\n      }\n    },\n    templates: {\n      iframe: function (url, parameters) {\n        var src = url;\n\n        if (parameters) {\n          src += '?' + parameters;\n        }\n\n        return '' + '<iframe src=\"' + src + '\"' + ' width=\"100%\" height=\"100%\"' + ' frameborder=\"0\" scrolling=\"no\" webkitAllowFullScreen mozallowfullscreen allowFullScreen></iframe>';\n      },\n      placeholder: function (image, icon) {\n        var html = '';\n\n        if (icon) {\n          html += '<i class=\"' + icon + ' icon\"></i>';\n        }\n\n        if (image) {\n          html += '<img class=\"placeholder\" src=\"' + image + '\">';\n        }\n\n        return html;\n      }\n    },\n    // NOT YET IMPLEMENTED\n    api: false,\n    onPause: function () {},\n    onPlay: function () {},\n    onStop: function () {}\n  };\n})(jQuery, window, document);","map":{"version":3,"sources":["client/lib/semantic-ui/definitions/modules/embed.js"],"names":["$","window","document","undefined","Math","self","Function","fn","embed","parameters","$allModules","moduleSelector","selector","time","Date","getTime","performance","query","arguments","methodInvoked","queryArguments","slice","call","returnedValue","each","settings","isPlainObject","extend","className","sources","error","metadata","namespace","templates","eventNamespace","moduleNamespace","$window","$module","$placeholder","find","placeholder","$icon","icon","$embed","element","instance","data","module","initialize","debug","determine","autoplay","create","bind","events","instantiate","verbose","destroy","reset","removeData","off","refresh","has","on","createAndShow","get","createPlaceholder","url","generate","html","createEmbed","addClass","appendTo","onCreate","changeEmbed","show","change","source","id","remove","active","showPlaceholder","onReset","set","onDisplay","hide","onPlaceholderDisplay","type","should","matchedSource","name","search","domain","replace","removeClass","empty","encode","urlString","index","push","encodeURIComponent","join","iframe","noURL","extraParameters","onEmbed","length","is","video","setting","value","internal","silent","log","prototype","console","info","apply","message","currentTime","executionTime","previousTime","clearTimeout","timer","setTimeout","display","title","totalTime","group","table","groupCollapsed","groupEnd","invoke","passedArguments","context","object","maxDepth","found","response","split","depth","camelCaseValue","charAt","toUpperCase","method","isFunction","isArray","color","hd","brandedUI","youtube","autohide","hq","jsapi","api","modestbranding","vimeo","byline","portrait","src","image","onPause","onPlay","onStop","jQuery"],"mappings":"AAAA;;;GAIA;;;;;;;;MAUA;;AAAC,CAAC,UAAUA,CAAV,EAAaC,MAAb,EAAqBC,QAArB,EAA+BC,SAA/B,EAA0C;AAE5C;;AAEAF,WAAU,OAAOA,MAAP,IAAiB,WAAjB,IAAgCA,OAAOG,IAAP,IAAeA,IAAhD,GACLH,MADK,GAEJ,OAAOI,IAAP,IAAe,WAAf,IAA8BA,KAAKD,IAAL,IAAaA,IAA5C,GACEC,IADF,GAEEC,SAAS,aAAT,GAJN;;AAOAN,IAAEO,EAAF,CAAKC,KAAL,GAAa,UAASC,UAAT,EAAqB;AAEhC,QACEC,cAAkBV,EAAE,IAAF,CADpB;AAAA,QAGEW,iBAAkBD,YAAYE,QAAZ,IAAwB,EAH5C;AAAA,QAKEC,OAAkB,IAAIC,IAAJ,GAAWC,OAAX,EALpB;AAAA,QAMEC,cAAkB,EANpB;AAAA,QAQEC,QAAkBC,UAAU,CAAV,CARpB;AAAA,QASEC,gBAAmB,OAAOF,KAAP,IAAgB,QATrC;AAAA,QAUEG,iBAAkB,GAAGC,KAAH,CAASC,IAAT,CAAcJ,SAAd,EAAyB,CAAzB,CAVpB;AAAA,QAYEK,aAZF;AAeAb,gBACGc,IADH,CACQ,YAAW;AACf,UACEC,WAAoBzB,EAAE0B,aAAF,CAAgBjB,UAAhB,CAAF,GACdT,EAAE2B,MAAF,CAAS,IAAT,EAAe,EAAf,EAAmB3B,EAAEO,EAAF,CAAKC,KAAL,CAAWiB,QAA9B,EAAwChB,UAAxC,CADc,GAEdT,EAAE2B,MAAF,CAAS,EAAT,EAAa3B,EAAEO,EAAF,CAAKC,KAAL,CAAWiB,QAAxB,CAHN;AAAA,UAKEb,WAAkBa,SAASb,QAL7B;AAAA,UAMEgB,YAAkBH,SAASG,SAN7B;AAAA,UAOEC,UAAkBJ,SAASI,OAP7B;AAAA,UAQEC,QAAkBL,SAASK,KAR7B;AAAA,UASEC,WAAkBN,SAASM,QAT7B;AAAA,UAUEC,YAAkBP,SAASO,SAV7B;AAAA,UAWEC,YAAkBR,SAASQ,SAX7B;AAAA,UAaEC,iBAAkB,MAAMF,SAb1B;AAAA,UAcEG,kBAAkB,YAAYH,SAdhC;AAAA,UAgBEI,UAAkBpC,EAAEC,MAAF,CAhBpB;AAAA,UAiBEoC,UAAkBrC,EAAE,IAAF,CAjBpB;AAAA,UAkBEsC,eAAkBD,QAAQE,IAAR,CAAa3B,SAAS4B,WAAtB,CAlBpB;AAAA,UAmBEC,QAAkBJ,QAAQE,IAAR,CAAa3B,SAAS8B,IAAtB,CAnBpB;AAAA,UAoBEC,SAAkBN,QAAQE,IAAR,CAAa3B,SAASJ,KAAtB,CApBpB;AAAA,UAsBEoC,UAAkB,IAtBpB;AAAA,UAuBEC,WAAkBR,QAAQS,IAAR,CAAaX,eAAb,CAvBpB;AAAA,UAwBEY,MAxBF;AA2BAA,eAAS;AAEPC,oBAAY,YAAW;AACrBD,iBAAOE,KAAP,CAAa,oBAAb;AACAF,iBAAOG,SAAP,CAAiBC,QAAjB;AACAJ,iBAAOK,MAAP;AACAL,iBAAOM,IAAP,CAAYC,MAAZ;AACAP,iBAAOQ,WAAP;AACD,SARM;AAUPA,qBAAa,YAAW;AACtBR,iBAAOS,OAAP,CAAe,4BAAf,EAA6CT,MAA7C;AACAF,qBAAWE,MAAX;AACAV,kBACGS,IADH,CACQX,eADR,EACyBY,MADzB;AAGD,SAhBM;AAkBPU,iBAAS,YAAW;AAClBV,iBAAOS,OAAP,CAAe,uCAAf;AACAT,iBAAOW,KAAP;AACArB,kBACGsB,UADH,CACcxB,eADd,EAEGyB,GAFH,CAEO1B,cAFP;AAID,SAzBM;AA2BP2B,iBAAS,YAAW;AAClBd,iBAAOS,OAAP,CAAe,2BAAf;AACAlB,yBAAeD,QAAQE,IAAR,CAAa3B,SAAS4B,WAAtB,CAAf;AACAC,kBAAeJ,QAAQE,IAAR,CAAa3B,SAAS8B,IAAtB,CAAf;AACAC,mBAAeN,QAAQE,IAAR,CAAa3B,SAASJ,KAAtB,CAAf;AACD,SAhCM;AAkCP6C,cAAM;AACJC,kBAAQ,YAAW;AACjB,gBAAIP,OAAOe,GAAP,CAAWtB,WAAX,EAAJ,EAA+B;AAC7BO,qBAAOE,KAAP,CAAa,2BAAb;AACAZ,sBACG0B,EADH,CACM,UAAU7B,cADhB,EACgCtB,SAAS4B,WADzC,EACsDO,OAAOiB,aAD7D,EAEGD,EAFH,CAEM,UAAU7B,cAFhB,EAEgCtB,SAAS8B,IAFzC,EAE+CK,OAAOiB,aAFtD;AAID;AACF;AATG,SAlCC;AA8CPZ,gBAAQ,YAAW;AACjB,cACEZ,cAAcO,OAAOkB,GAAP,CAAWzB,WAAX,EADhB;;AAGA,cAAGA,WAAH,EAAgB;AACdO,mBAAOmB,iBAAP;AACD,WAFD,MAGK;AACHnB,mBAAOiB,aAAP;AACD;AACF,SAxDM;AA0DPE,2BAAmB,UAAS1B,WAAT,EAAsB;AACvC,cACEE,OAAQK,OAAOkB,GAAP,CAAWvB,IAAX,EADV;AAAA,cAEEyB,MAAQpB,OAAOkB,GAAP,CAAWE,GAAX,EAFV;AAAA,cAGE3D,QAAQuC,OAAOqB,QAAP,CAAgB5D,KAAhB,CAAsB2D,GAAtB,CAHV;AAKA3B,wBAAcA,eAAeO,OAAOkB,GAAP,CAAWzB,WAAX,EAA7B;AACAH,kBAAQgC,IAAR,CAAcpC,UAAUO,WAAV,CAAsBA,WAAtB,EAAmCE,IAAnC,CAAd;AACAK,iBAAOE,KAAP,CAAa,gCAAb,EAA+CT,WAA/C,EAA4DE,IAA5D;AACD,SAnEM;AAqEP4B,qBAAa,UAASH,GAAT,EAAc;AACzBpB,iBAAOc,OAAP;AACAM,gBAAMA,OAAOpB,OAAOkB,GAAP,CAAWE,GAAX,EAAb;AACAxB,mBAAS3C,EAAE,QAAF,EACNuE,QADM,CACG3C,UAAUpB,KADb,EAEN6D,IAFM,CAEAtB,OAAOqB,QAAP,CAAgB5D,KAAhB,CAAsB2D,GAAtB,CAFA,EAGNK,QAHM,CAGGnC,OAHH,CAAT;AAKAZ,mBAASgD,QAAT,CAAkBnD,IAAlB,CAAuBsB,OAAvB,EAAgCuB,GAAhC;AACApB,iBAAOE,KAAP,CAAa,uBAAb,EAAsCN,MAAtC;AACD,SA/EM;AAiFP+B,qBAAa,UAASP,GAAT,EAAc;AACzBxB,iBACG0B,IADH,CACStB,OAAOqB,QAAP,CAAgB5D,KAAhB,CAAsB2D,GAAtB,CADT;AAGD,SArFM;AAuFPH,uBAAe,YAAW;AACxBjB,iBAAOuB,WAAP;AACAvB,iBAAO4B,IAAP;AACD,SA1FM;AA4FP;AACAC,gBAAQ,UAASC,MAAT,EAAiBC,EAAjB,EAAqBX,GAArB,EAA0B;AAChCpB,iBAAOE,KAAP,CAAa,oBAAb,EAAmC4B,MAAnC,EAA2CC,EAA3C,EAA+CX,GAA/C;AACA9B,kBACGS,IADH,CACQf,SAAS8C,MADjB,EACyBA,MADzB,EAEG/B,IAFH,CAEQf,SAAS+C,EAFjB,EAEqBA,EAFrB;;AAIA,cAAGX,GAAH,EAAQ;AACN9B,oBAAQS,IAAR,CAAaf,SAASoC,GAAtB,EAA2BA,GAA3B;AACD,WAFD,MAGK;AACH9B,oBAAQsB,UAAR,CAAmB5B,SAASoC,GAA5B;AACD;;AACD,cAAGpB,OAAOe,GAAP,CAAWtD,KAAX,EAAH,EAAuB;AACrBuC,mBAAO2B,WAAP;AACD,WAFD,MAGK;AACH3B,mBAAOK,MAAP;AACD;AACF,SA/GM;AAiHP;AACAM,eAAO,YAAW;AAChBX,iBAAOE,KAAP,CAAa,wCAAb;AACAF,iBAAOgC,MAAP,CAAcC,MAAd;AACAjC,iBAAOgC,MAAP,CAAcvE,KAAd;AACAuC,iBAAOkC,eAAP;AACAxD,mBAASyD,OAAT,CAAiB5D,IAAjB,CAAsBsB,OAAtB;AACD,SAxHM;AA0HP;AACA+B,cAAM,YAAW;AACf5B,iBAAOE,KAAP,CAAa,eAAb;AACAF,iBAAOoC,GAAP,CAAWH,MAAX;AACAvD,mBAAS2D,SAAT,CAAmB9D,IAAnB,CAAwBsB,OAAxB;AACD,SA/HM;AAiIPyC,cAAM,YAAW;AACftC,iBAAOE,KAAP,CAAa,cAAb;AACAF,iBAAOkC,eAAP;AACD,SApIM;AAsIPA,yBAAiB,YAAW;AAC1BlC,iBAAOE,KAAP,CAAa,2BAAb;AACAF,iBAAOgC,MAAP,CAAcC,MAAd;AACAvD,mBAAS6D,oBAAT,CAA8BhE,IAA9B,CAAmCsB,OAAnC;AACD,SA1IM;AA4IPqB,aAAK;AACHa,cAAI,YAAW;AACb,mBAAOrD,SAASqD,EAAT,IAAezC,QAAQS,IAAR,CAAaf,SAAS+C,EAAtB,CAAtB;AACD,WAHE;AAIHtC,uBAAa,YAAW;AACtB,mBAAOf,SAASe,WAAT,IAAwBH,QAAQS,IAAR,CAAaf,SAASS,WAAtB,CAA/B;AACD,WANE;AAOHE,gBAAM,YAAW;AACf,mBAAQjB,SAASiB,IAAV,GACHjB,SAASiB,IADN,GAEFL,QAAQS,IAAR,CAAaf,SAASW,IAAtB,MAAgCvC,SAAjC,GACEkC,QAAQS,IAAR,CAAaf,SAASW,IAAtB,CADF,GAEEK,OAAOG,SAAP,CAAiBR,IAAjB,EAJN;AAMD,WAdE;AAeHmC,kBAAQ,UAASV,GAAT,EAAc;AACpB,mBAAQ1C,SAASoD,MAAV,GACHpD,SAASoD,MADN,GAEFxC,QAAQS,IAAR,CAAaf,SAAS8C,MAAtB,MAAkC1E,SAAnC,GACEkC,QAAQS,IAAR,CAAaf,SAAS8C,MAAtB,CADF,GAEE9B,OAAOG,SAAP,CAAiB2B,MAAjB,EAJN;AAMD,WAtBE;AAuBHU,gBAAM,YAAW;AACf,gBAAIV,SAAS9B,OAAOkB,GAAP,CAAWY,MAAX,EAAb;AACA,mBAAQhD,QAAQgD,MAAR,MAAoB1E,SAArB,GACH0B,QAAQgD,MAAR,EAAgBU,IADb,GAEH,KAFJ;AAID,WA7BE;AA8BHpB,eAAK,YAAW;AACd,mBAAQ1C,SAAS0C,GAAV,GACH1C,SAAS0C,GADN,GAEF9B,QAAQS,IAAR,CAAaf,SAASoC,GAAtB,MAA+BhE,SAAhC,GACEkC,QAAQS,IAAR,CAAaf,SAASoC,GAAtB,CADF,GAEEpB,OAAOG,SAAP,CAAiBiB,GAAjB,EAJN;AAMD;AArCE,SA5IE;AAoLPjB,mBAAW;AACTC,oBAAU,YAAW;AACnB,gBAAGJ,OAAOyC,MAAP,CAAcrC,QAAd,EAAH,EAA6B;AAC3B1B,uBAAS0B,QAAT,GAAoB,IAApB;AACD;AACF,WALQ;AAMT0B,kBAAQ,UAASV,GAAT,EAAc;AACpB,gBACEsB,gBAAgB,KADlB;AAGAtB,kBAAMA,OAAOpB,OAAOkB,GAAP,CAAWE,GAAX,EAAb;;AACA,gBAAGA,GAAH,EAAQ;AACNnE,gBAAEwB,IAAF,CAAOK,OAAP,EAAgB,UAAS6D,IAAT,EAAeb,MAAf,EAAuB;AACrC,oBAAGV,IAAIwB,MAAJ,CAAWd,OAAOe,MAAlB,MAA8B,CAAC,CAAlC,EAAqC;AACnCH,kCAAgBC,IAAhB;AACA,yBAAO,KAAP;AACD;AACF,eALD;AAMD;;AACD,mBAAOD,aAAP;AACD,WApBQ;AAqBT/C,gBAAM,YAAW;AACf,gBACEmC,SAAS9B,OAAOkB,GAAP,CAAWY,MAAX,EADX;AAGA,mBAAQhD,QAAQgD,MAAR,MAAoB1E,SAArB,GACH0B,QAAQgD,MAAR,EAAgBnC,IADb,GAEH,KAFJ;AAID,WA7BQ;AA8BTyB,eAAK,YAAW;AACd,gBACEW,KAASrD,SAASqD,EAAT,IAAmBzC,QAAQS,IAAR,CAAaf,SAAS+C,EAAtB,CAD9B;AAAA,gBAEED,SAASpD,SAASoD,MAAT,IAAmBxC,QAAQS,IAAR,CAAaf,SAAS8C,MAAtB,CAF9B;AAAA,gBAGEV,GAHF;AAKAA,kBAAOtC,QAAQgD,MAAR,MAAoB1E,SAArB,GACF0B,QAAQgD,MAAR,EAAgBV,GAAhB,CAAoB0B,OAApB,CAA4B,MAA5B,EAAoCf,EAApC,CADE,GAEF,KAFJ;;AAIA,gBAAGX,GAAH,EAAQ;AACN9B,sBAAQS,IAAR,CAAaf,SAASoC,GAAtB,EAA2BA,GAA3B;AACD;;AACD,mBAAOA,GAAP;AACD;AA5CQ,SApLJ;AAoOPgB,aAAK;AACHH,kBAAQ,YAAW;AACjB3C,oBAAQkC,QAAR,CAAiB3C,UAAUoD,MAA3B;AACD;AAHE,SApOE;AA0OPD,gBAAQ;AACNC,kBAAQ,YAAW;AACjB3C,oBAAQyD,WAAR,CAAoBlE,UAAUoD,MAA9B;AACD,WAHK;AAINxE,iBAAO,YAAW;AAChBmC,mBAAOoD,KAAP;AACD;AANK,SA1OD;AAmPPC,gBAAQ;AACNvF,sBAAY,UAASA,UAAT,EAAqB;AAC/B,gBACEwF,YAAY,EADd;AAAA,gBAEEC,KAFF;;AAIA,iBAAKA,KAAL,2CAAczF,UAAd,GAA0B;AACxBwF,wBAAUE,IAAV,CAAgBC,mBAAmBF,KAAnB,IAA4B,GAA5B,GAAkCE,mBAAoB3F,WAAWyF,KAAX,CAApB,CAAlD;AACD;;AACD,mBAAOD,UAAUI,IAAV,CAAe,OAAf,CAAP;AACD;AAVK,SAnPD;AAgQPjC,kBAAU;AACR5D,iBAAO,UAAS2D,GAAT,EAAc;AACnBpB,mBAAOE,KAAP,CAAa,uBAAb;AACA,gBACE4B,SAAS9B,OAAOkB,GAAP,CAAWY,MAAX,EADX;AAAA,gBAEER,IAFF;AAAA,gBAGE5D,UAHF;AAKA0D,kBAAMpB,OAAOkB,GAAP,CAAWE,GAAX,CAAeA,GAAf,CAAN;;AACA,gBAAGA,GAAH,EAAQ;AACN1D,2BAAasC,OAAOqB,QAAP,CAAgB3D,UAAhB,CAA2BoE,MAA3B,CAAb;AACAR,qBAAapC,UAAUqE,MAAV,CAAiBnC,GAAjB,EAAsB1D,UAAtB,CAAb;AACD,aAHD,MAIK;AACHsC,qBAAOjB,KAAP,CAAaA,MAAMyE,KAAnB,EAA0BlE,OAA1B;AACD;;AACD,mBAAOgC,IAAP;AACD,WAjBO;AAkBR5D,sBAAY,UAASoE,MAAT,EAAiB2B,eAAjB,EAAkC;AAC5C,gBACE/F,aAAcoB,QAAQgD,MAAR,KAAmBhD,QAAQgD,MAAR,EAAgBpE,UAAhB,KAA+BN,SAAnD,GACT0B,QAAQgD,MAAR,EAAgBpE,UAAhB,CAA2BgB,QAA3B,CADS,GAET,EAHN;AAKA+E,8BAAkBA,mBAAmB/E,SAAShB,UAA9C;;AACA,gBAAG+F,eAAH,EAAoB;AAClB/F,2BAAaT,EAAE2B,MAAF,CAAS,EAAT,EAAalB,UAAb,EAAyB+F,eAAzB,CAAb;AACD;;AACD/F,yBAAagB,SAASgF,OAAT,CAAiBhG,UAAjB,CAAb;AACA,mBAAOsC,OAAOiD,MAAP,CAAcvF,UAAd,CAAyBA,UAAzB,CAAP;AACD;AA9BO,SAhQH;AAiSPqD,aAAK;AACHtD,iBAAO,YAAW;AAChB,mBAAQmC,OAAO+D,MAAP,GAAgB,CAAxB;AACD,WAHE;AAIHlE,uBAAa,YAAW;AACtB,mBAAOf,SAASe,WAAT,IAAwBH,QAAQS,IAAR,CAAaf,SAASS,WAAtB,CAA/B;AACD;AANE,SAjSE;AA0SPgD,gBAAQ;AACNrC,oBAAU,YAAW;AACnB,mBAAQ1B,SAAS0B,QAAT,KAAsB,MAAvB,GACF1B,SAASe,WAAT,IAAwBH,QAAQS,IAAR,CAAaf,SAASS,WAAtB,MAAuCrC,SAD7D,GAEHsB,SAAS0B,QAFb;AAID;AANK,SA1SD;AAmTPwD,YAAI;AACFC,iBAAO,YAAW;AAChB,mBAAO7D,OAAOkB,GAAP,CAAWsB,IAAX,MAAqB,OAA5B;AACD;AAHC,SAnTG;AAyTPsB,iBAAS,UAASnB,IAAT,EAAeoB,KAAf,EAAsB;AAC7B/D,iBAAOE,KAAP,CAAa,kBAAb,EAAiCyC,IAAjC,EAAuCoB,KAAvC;;AACA,cAAI9G,EAAE0B,aAAF,CAAgBgE,IAAhB,CAAJ,EAA4B;AAC1B1F,cAAE2B,MAAF,CAAS,IAAT,EAAeF,QAAf,EAAyBiE,IAAzB;AACD,WAFD,MAGK,IAAGoB,UAAU3G,SAAb,EAAwB;AAC3B,gBAAGH,EAAE0B,aAAF,CAAgBD,SAASiE,IAAT,CAAhB,CAAH,EAAoC;AAClC1F,gBAAE2B,MAAF,CAAS,IAAT,EAAeF,SAASiE,IAAT,CAAf,EAA+BoB,KAA/B;AACD,aAFD,MAGK;AACHrF,uBAASiE,IAAT,IAAiBoB,KAAjB;AACD;AACF,WAPI,MAQA;AACH,mBAAOrF,SAASiE,IAAT,CAAP;AACD;AACF,SAzUM;AA0UPqB,kBAAU,UAASrB,IAAT,EAAeoB,KAAf,EAAsB;AAC9B,cAAI9G,EAAE0B,aAAF,CAAgBgE,IAAhB,CAAJ,EAA4B;AAC1B1F,cAAE2B,MAAF,CAAS,IAAT,EAAeoB,MAAf,EAAuB2C,IAAvB;AACD,WAFD,MAGK,IAAGoB,UAAU3G,SAAb,EAAwB;AAC3B4C,mBAAO2C,IAAP,IAAeoB,KAAf;AACD,WAFI,MAGA;AACH,mBAAO/D,OAAO2C,IAAP,CAAP;AACD;AACF,SApVM;AAqVPzC,eAAO,YAAW;AAChB,cAAG,CAACxB,SAASuF,MAAV,IAAoBvF,SAASwB,KAAhC,EAAuC;AACrC,gBAAGxB,SAAST,WAAZ,EAAyB;AACvB+B,qBAAO/B,WAAP,CAAmBiG,GAAnB,CAAuB/F,SAAvB;AACD,aAFD,MAGK;AACH6B,qBAAOE,KAAP,GAAe3C,SAAS4G,SAAT,CAAmB7D,IAAnB,CAAwB/B,IAAxB,CAA6B6F,QAAQC,IAArC,EAA2CD,OAA3C,EAAoD1F,SAASiE,IAAT,GAAgB,GAApE,CAAf;AACA3C,qBAAOE,KAAP,CAAaoE,KAAb,CAAmBF,OAAnB,EAA4BjG,SAA5B;AACD;AACF;AACF,SA/VM;AAgWPsC,iBAAS,YAAW;AAClB,cAAG,CAAC/B,SAASuF,MAAV,IAAoBvF,SAAS+B,OAA7B,IAAwC/B,SAASwB,KAApD,EAA2D;AACzD,gBAAGxB,SAAST,WAAZ,EAAyB;AACvB+B,qBAAO/B,WAAP,CAAmBiG,GAAnB,CAAuB/F,SAAvB;AACD,aAFD,MAGK;AACH6B,qBAAOS,OAAP,GAAiBlD,SAAS4G,SAAT,CAAmB7D,IAAnB,CAAwB/B,IAAxB,CAA6B6F,QAAQC,IAArC,EAA2CD,OAA3C,EAAoD1F,SAASiE,IAAT,GAAgB,GAApE,CAAjB;AACA3C,qBAAOS,OAAP,CAAe6D,KAAf,CAAqBF,OAArB,EAA8BjG,SAA9B;AACD;AACF;AACF,SA1WM;AA2WPY,eAAO,YAAW;AAChB,cAAG,CAACL,SAASuF,MAAb,EAAqB;AACnBjE,mBAAOjB,KAAP,GAAexB,SAAS4G,SAAT,CAAmB7D,IAAnB,CAAwB/B,IAAxB,CAA6B6F,QAAQrF,KAArC,EAA4CqF,OAA5C,EAAqD1F,SAASiE,IAAT,GAAgB,GAArE,CAAf;AACA3C,mBAAOjB,KAAP,CAAauF,KAAb,CAAmBF,OAAnB,EAA4BjG,SAA5B;AACD;AACF,SAhXM;AAiXPF,qBAAa;AACXiG,eAAK,UAASK,OAAT,EAAkB;AACrB,gBACEC,WADF,EAEEC,aAFF,EAGEC,YAHF;;AAKA,gBAAGhG,SAAST,WAAZ,EAAyB;AACvBuG,4BAAgB,IAAIzG,IAAJ,GAAWC,OAAX,EAAhB;AACA0G,6BAAgB5G,QAAQ0G,WAAxB;AACAC,8BAAgBD,cAAcE,YAA9B;AACA5G,qBAAgB0G,WAAhB;AACAvG,0BAAYmF,IAAZ,CAAiB;AACf,wBAAmBmB,QAAQ,CAAR,CADJ;AAEf,6BAAmB,GAAGjG,KAAH,CAASC,IAAT,CAAcgG,OAAd,EAAuB,CAAvB,KAA6B,EAFjC;AAGf,2BAAmB1E,OAHJ;AAIf,kCAAmB4E;AAJJ,eAAjB;AAMD;;AACDE,yBAAa3E,OAAO/B,WAAP,CAAmB2G,KAAhC;AACA5E,mBAAO/B,WAAP,CAAmB2G,KAAnB,GAA2BC,WAAW7E,OAAO/B,WAAP,CAAmB6G,OAA9B,EAAuC,GAAvC,CAA3B;AACD,WArBU;AAsBXA,mBAAS,YAAW;AAClB,gBACEC,QAAQrG,SAASiE,IAAT,GAAgB,GAD1B;AAAA,gBAEEqC,YAAY,CAFd;AAIAlH,mBAAO,KAAP;AACA6G,yBAAa3E,OAAO/B,WAAP,CAAmB2G,KAAhC;AACA3H,cAAEwB,IAAF,CAAOR,WAAP,EAAoB,UAASkF,KAAT,EAAgBpD,IAAhB,EAAsB;AACxCiF,2BAAajF,KAAK,gBAAL,CAAb;AACD,aAFD;AAGAgF,qBAAS,MAAMC,SAAN,GAAkB,IAA3B;;AACA,gBAAGpH,cAAH,EAAmB;AACjBmH,uBAAS,QAAQnH,cAAR,GAAyB,IAAlC;AACD;;AACD,gBAAGD,YAAYgG,MAAZ,GAAqB,CAAxB,EAA2B;AACzBoB,uBAAS,MAAM,GAAN,GAAYpH,YAAYgG,MAAxB,GAAiC,GAA1C;AACD;;AACD,gBAAI,CAACS,QAAQa,KAAR,KAAkB7H,SAAlB,IAA+BgH,QAAQc,KAAR,KAAkB9H,SAAlD,KAAgEa,YAAY0F,MAAZ,GAAqB,CAAzF,EAA4F;AAC1FS,sBAAQe,cAAR,CAAuBJ,KAAvB;;AACA,kBAAGX,QAAQc,KAAX,EAAkB;AAChBd,wBAAQc,KAAR,CAAcjH,WAAd;AACD,eAFD,MAGK;AACHhB,kBAAEwB,IAAF,CAAOR,WAAP,EAAoB,UAASkF,KAAT,EAAgBpD,IAAhB,EAAsB;AACxCqE,0BAAQF,GAAR,CAAYnE,KAAK,MAAL,IAAe,IAAf,GAAsBA,KAAK,gBAAL,CAAtB,GAA6C,IAAzD;AACD,iBAFD;AAGD;;AACDqE,sBAAQgB,QAAR;AACD;;AACDnH,0BAAc,EAAd;AACD;AApDU,SAjXN;AAuaPoH,gBAAQ,UAASnH,KAAT,EAAgBoH,eAAhB,EAAiCC,OAAjC,EAA0C;AAChD,cACEC,SAAS1F,QADX;AAAA,cAEE2F,QAFF;AAAA,cAGEC,KAHF;AAAA,cAIEC,QAJF;AAMAL,4BAAkBA,mBAAmBjH,cAArC;AACAkH,oBAAkB1F,WAAmB0F,OAArC;;AACA,cAAG,OAAOrH,KAAP,IAAgB,QAAhB,IAA4BsH,WAAWpI,SAA1C,EAAqD;AACnDc,oBAAWA,MAAM0H,KAAN,CAAY,OAAZ,CAAX;AACAH,uBAAWvH,MAAMyF,MAAN,GAAe,CAA1B;AACA1G,cAAEwB,IAAF,CAAOP,KAAP,EAAc,UAAS2H,KAAT,EAAgB9B,KAAhB,EAAuB;AACnC,kBAAI+B,iBAAkBD,SAASJ,QAAV,GACjB1B,QAAQ7F,MAAM2H,QAAQ,CAAd,EAAiBE,MAAjB,CAAwB,CAAxB,EAA2BC,WAA3B,EAAR,GAAmD9H,MAAM2H,QAAQ,CAAd,EAAiBvH,KAAjB,CAAuB,CAAvB,CADlC,GAEjBJ,KAFJ;;AAIA,kBAAIjB,EAAE0B,aAAF,CAAiB6G,OAAOM,cAAP,CAAjB,KAA8CD,SAASJ,QAA3D,EAAuE;AACrED,yBAASA,OAAOM,cAAP,CAAT;AACD,eAFD,MAGK,IAAIN,OAAOM,cAAP,MAA2B1I,SAA/B,EAA2C;AAC9CsI,wBAAQF,OAAOM,cAAP,CAAR;AACA,uBAAO,KAAP;AACD,eAHI,MAIA,IAAI7I,EAAE0B,aAAF,CAAiB6G,OAAOzB,KAAP,CAAjB,KAAqC8B,SAASJ,QAAlD,EAA8D;AACjED,yBAASA,OAAOzB,KAAP,CAAT;AACD,eAFI,MAGA,IAAIyB,OAAOzB,KAAP,MAAkB3G,SAAtB,EAAkC;AACrCsI,wBAAQF,OAAOzB,KAAP,CAAR;AACA,uBAAO,KAAP;AACD,eAHI,MAIA;AACH/D,uBAAOjB,KAAP,CAAaA,MAAMkH,MAAnB,EAA2B/H,KAA3B;AACA,uBAAO,KAAP;AACD;AACF,aAvBD;AAwBD;;AACD,cAAKjB,EAAEiJ,UAAF,CAAcR,KAAd,CAAL,EAA6B;AAC3BC,uBAAWD,MAAMpB,KAAN,CAAYiB,OAAZ,EAAqBD,eAArB,CAAX;AACD,WAFD,MAGK,IAAGI,UAAUtI,SAAb,EAAwB;AAC3BuI,uBAAWD,KAAX;AACD;;AACD,cAAGzI,EAAEkJ,OAAF,CAAU3H,aAAV,CAAH,EAA6B;AAC3BA,0BAAc4E,IAAd,CAAmBuC,QAAnB;AACD,WAFD,MAGK,IAAGnH,kBAAkBpB,SAArB,EAAgC;AACnCoB,4BAAgB,CAACA,aAAD,EAAgBmH,QAAhB,CAAhB;AACD,WAFI,MAGA,IAAGA,aAAavI,SAAhB,EAA2B;AAC9BoB,4BAAgBmH,QAAhB;AACD;;AACD,iBAAOD,KAAP;AACD;AA5dM,OAAT;;AA+dA,UAAGtH,aAAH,EAAkB;AAChB,YAAG0B,aAAa1C,SAAhB,EAA2B;AACzB4C,iBAAOC,UAAP;AACD;;AACDD,eAAOqF,MAAP,CAAcnH,KAAd;AACD,OALD,MAMK;AACH,YAAG4B,aAAa1C,SAAhB,EAA2B;AACzB0C,mBAASuF,MAAT,CAAgB,SAAhB;AACD;;AACDrF,eAAOC,UAAP;AACD;AACF,KAxgBH;AA0gBA,WAAQzB,kBAAkBpB,SAAnB,GACHoB,aADG,GAEH,IAFJ;AAID,GA/hBD;;AAiiBAvB,IAAEO,EAAF,CAAKC,KAAL,CAAWiB,QAAX,GAAsB;AAEpBiE,UAAc,OAFM;AAGpB1D,eAAc,OAHM;AAKpBgF,YAAc,KALM;AAMpB/D,WAAc,KANM;AAOpBO,aAAc,KAPM;AAQpBxC,iBAAc,IARM;AAUpB0B,UAAW,KAVS;AAWpBmC,YAAW,KAXS;AAYpBV,SAAW,KAZS;AAapBW,QAAW,KAbS;AAepB;AACA3B,cAAY,MAhBQ;AAiBpBgG,WAAY,SAjBQ;AAkBpBC,QAAY,IAlBQ;AAmBpBC,eAAY,KAnBQ;AAqBpB;AACA5I,gBAAY,KAtBQ;AAwBpB2E,eAAuB,YAAW,CAAE,CAxBhB;AAyBpBE,0BAAuB,YAAW,CAAE,CAzBhB;AA0BpBJ,aAAuB,YAAW,CAAE,CA1BhB;AA2BpBT,cAAuB,UAASN,GAAT,EAAc,CAAE,CA3BnB;AA4BpBsC,aAAuB,UAAShG,UAAT,EAAqB;AAC1C,aAAOA,UAAP;AACD,KA9BmB;AAgCpBsB,cAAc;AACZ+C,UAAc,IADF;AAEZpC,YAAc,MAFF;AAGZF,mBAAc,aAHF;AAIZqC,cAAc,QAJF;AAKZV,WAAc;AALF,KAhCM;AAwCpBrC,WAAQ;AACNyE,aAAS,kBADH;AAENyC,cAAS;AAFH,KAxCY;AA6CpBpH,eAAY;AACVoD,cAAS,QADC;AAEVxE,aAAS;AAFC,KA7CQ;AAkDpBI,cAAW;AACTJ,aAAc,QADL;AAETgC,mBAAc,cAFL;AAGTE,YAAc;AAHL,KAlDS;AAwDpBb,aAAS;AACPyH,eAAS;AACP5D,cAAS,SADF;AAEPH,cAAS,OAFF;AAGP7C,cAAS,YAHF;AAIPkD,gBAAS,aAJF;AAKPzB,aAAS,8BALF;AAMP1D,oBAAY,UAASgB,QAAT,EAAmB;AAC7B,iBAAO;AACL8H,sBAAiB,CAAC9H,SAAS4H,SADtB;AAELlG,sBAAiB1B,SAAS0B,QAFrB;AAGLgG,mBAAiB1H,SAAS0H,KAAT,IAAkBhJ,SAH9B;AAILqJ,gBAAiB/H,SAAS2H,EAJrB;AAKLK,mBAAiBhI,SAASiI,GALrB;AAMLC,4BAAiB,CAAClI,SAAS4H;AANtB,WAAP;AAQD;AAfM,OADF;AAkBPO,aAAO;AACLlE,cAAS,OADJ;AAELH,cAAS,OAFJ;AAGL7C,cAAS,YAHJ;AAILkD,gBAAS,WAJJ;AAKLzB,aAAS,+BALJ;AAML1D,oBAAY,UAASgB,QAAT,EAAmB;AAC7B,iBAAO;AACLiI,iBAAWjI,SAASiI,GADf;AAELvG,sBAAW1B,SAAS0B,QAFf;AAGL0G,oBAAWpI,SAAS4H,SAHf;AAILF,mBAAW1H,SAAS0H,KAAT,IAAkBhJ,SAJxB;AAKL2J,sBAAWrI,SAAS4H,SALf;AAMLvB,mBAAWrG,SAAS4H;AANf,WAAP;AAQD;AAfI;AAlBA,KAxDW;AA6FpBpH,eAAW;AACTqE,cAAS,UAASnC,GAAT,EAAc1D,UAAd,EAA0B;AACjC,YAAIsJ,MAAM5F,GAAV;;AACA,YAAI1D,UAAJ,EAAgB;AACZsJ,iBAAO,MAAMtJ,UAAb;AACH;;AACD,eAAO,KACH,eADG,GACesJ,GADf,GACqB,GADrB,GAEH,6BAFG,GAGH,oGAHJ;AAKD,OAXQ;AAYTvH,mBAAc,UAASwH,KAAT,EAAgBtH,IAAhB,EAAsB;AAClC,YACE2B,OAAO,EADT;;AAGA,YAAG3B,IAAH,EAAS;AACP2B,kBAAQ,eAAe3B,IAAf,GAAsB,aAA9B;AACD;;AACD,YAAGsH,KAAH,EAAU;AACR3F,kBAAQ,mCAAmC2F,KAAnC,GAA2C,IAAnD;AACD;;AACD,eAAO3F,IAAP;AACD;AAvBQ,KA7FS;AAuHpB;AACAqF,SAAU,KAxHU;AAyHpBO,aAAU,YAAW,CAAE,CAzHH;AA0HpBC,YAAU,YAAW,CAAE,CA1HH;AA2HpBC,YAAU,YAAW,CAAE;AA3HH,GAAtB;AAiIC,CA7qBA,EA6qBGC,MA7qBH,EA6qBWnK,MA7qBX,EA6qBmBC,QA7qBnB","file":"client/lib/semantic-ui/definitions/modules/embed.js.map","sourcesContent":["/*\n  DO NOT MODIFY - This file has been generated and will be regenerated\n  Semantic UI v2.2.1\n*/\n/*!\n * # Semantic UI - Embed\n * http://github.com/semantic-org/semantic-ui/\n *\n *\n * Released under the MIT license\n * http://opensource.org/licenses/MIT\n *\n */\n\n;(function ($, window, document, undefined) {\n\n\"use strict\";\n\nwindow = (typeof window != 'undefined' && window.Math == Math)\n  ? window\n  : (typeof self != 'undefined' && self.Math == Math)\n    ? self\n    : Function('return this')()\n;\n\n$.fn.embed = function(parameters) {\n\n  var\n    $allModules     = $(this),\n\n    moduleSelector  = $allModules.selector || '',\n\n    time            = new Date().getTime(),\n    performance     = [],\n\n    query           = arguments[0],\n    methodInvoked   = (typeof query == 'string'),\n    queryArguments  = [].slice.call(arguments, 1),\n\n    returnedValue\n  ;\n\n  $allModules\n    .each(function() {\n      var\n        settings        = ( $.isPlainObject(parameters) )\n          ? $.extend(true, {}, $.fn.embed.settings, parameters)\n          : $.extend({}, $.fn.embed.settings),\n\n        selector        = settings.selector,\n        className       = settings.className,\n        sources         = settings.sources,\n        error           = settings.error,\n        metadata        = settings.metadata,\n        namespace       = settings.namespace,\n        templates       = settings.templates,\n\n        eventNamespace  = '.' + namespace,\n        moduleNamespace = 'module-' + namespace,\n\n        $window         = $(window),\n        $module         = $(this),\n        $placeholder    = $module.find(selector.placeholder),\n        $icon           = $module.find(selector.icon),\n        $embed          = $module.find(selector.embed),\n\n        element         = this,\n        instance        = $module.data(moduleNamespace),\n        module\n      ;\n\n      module = {\n\n        initialize: function() {\n          module.debug('Initializing embed');\n          module.determine.autoplay();\n          module.create();\n          module.bind.events();\n          module.instantiate();\n        },\n\n        instantiate: function() {\n          module.verbose('Storing instance of module', module);\n          instance = module;\n          $module\n            .data(moduleNamespace, module)\n          ;\n        },\n\n        destroy: function() {\n          module.verbose('Destroying previous instance of embed');\n          module.reset();\n          $module\n            .removeData(moduleNamespace)\n            .off(eventNamespace)\n          ;\n        },\n\n        refresh: function() {\n          module.verbose('Refreshing selector cache');\n          $placeholder = $module.find(selector.placeholder);\n          $icon        = $module.find(selector.icon);\n          $embed       = $module.find(selector.embed);\n        },\n\n        bind: {\n          events: function() {\n            if( module.has.placeholder() ) {\n              module.debug('Adding placeholder events');\n              $module\n                .on('click' + eventNamespace, selector.placeholder, module.createAndShow)\n                .on('click' + eventNamespace, selector.icon, module.createAndShow)\n              ;\n            }\n          }\n        },\n\n        create: function() {\n          var\n            placeholder = module.get.placeholder()\n          ;\n          if(placeholder) {\n            module.createPlaceholder();\n          }\n          else {\n            module.createAndShow();\n          }\n        },\n\n        createPlaceholder: function(placeholder) {\n          var\n            icon  = module.get.icon(),\n            url   = module.get.url(),\n            embed = module.generate.embed(url)\n          ;\n          placeholder = placeholder || module.get.placeholder();\n          $module.html( templates.placeholder(placeholder, icon) );\n          module.debug('Creating placeholder for embed', placeholder, icon);\n        },\n\n        createEmbed: function(url) {\n          module.refresh();\n          url = url || module.get.url();\n          $embed = $('<div/>')\n            .addClass(className.embed)\n            .html( module.generate.embed(url) )\n            .appendTo($module)\n          ;\n          settings.onCreate.call(element, url);\n          module.debug('Creating embed object', $embed);\n        },\n\n        changeEmbed: function(url) {\n          $embed\n            .html( module.generate.embed(url) )\n          ;\n        },\n\n        createAndShow: function() {\n          module.createEmbed();\n          module.show();\n        },\n\n        // sets new embed\n        change: function(source, id, url) {\n          module.debug('Changing video to ', source, id, url);\n          $module\n            .data(metadata.source, source)\n            .data(metadata.id, id)\n          ;\n          if(url) {\n            $module.data(metadata.url, url);\n          }\n          else {\n            $module.removeData(metadata.url);\n          }\n          if(module.has.embed()) {\n            module.changeEmbed();\n          }\n          else {\n            module.create();\n          }\n        },\n\n        // clears embed\n        reset: function() {\n          module.debug('Clearing embed and showing placeholder');\n          module.remove.active();\n          module.remove.embed();\n          module.showPlaceholder();\n          settings.onReset.call(element);\n        },\n\n        // shows current embed\n        show: function() {\n          module.debug('Showing embed');\n          module.set.active();\n          settings.onDisplay.call(element);\n        },\n\n        hide: function() {\n          module.debug('Hiding embed');\n          module.showPlaceholder();\n        },\n\n        showPlaceholder: function() {\n          module.debug('Showing placeholder image');\n          module.remove.active();\n          settings.onPlaceholderDisplay.call(element);\n        },\n\n        get: {\n          id: function() {\n            return settings.id || $module.data(metadata.id);\n          },\n          placeholder: function() {\n            return settings.placeholder || $module.data(metadata.placeholder);\n          },\n          icon: function() {\n            return (settings.icon)\n              ? settings.icon\n              : ($module.data(metadata.icon) !== undefined)\n                ? $module.data(metadata.icon)\n                : module.determine.icon()\n            ;\n          },\n          source: function(url) {\n            return (settings.source)\n              ? settings.source\n              : ($module.data(metadata.source) !== undefined)\n                ? $module.data(metadata.source)\n                : module.determine.source()\n            ;\n          },\n          type: function() {\n            var source = module.get.source();\n            return (sources[source] !== undefined)\n              ? sources[source].type\n              : false\n            ;\n          },\n          url: function() {\n            return (settings.url)\n              ? settings.url\n              : ($module.data(metadata.url) !== undefined)\n                ? $module.data(metadata.url)\n                : module.determine.url()\n            ;\n          }\n        },\n\n        determine: {\n          autoplay: function() {\n            if(module.should.autoplay()) {\n              settings.autoplay = true;\n            }\n          },\n          source: function(url) {\n            var\n              matchedSource = false\n            ;\n            url = url || module.get.url();\n            if(url) {\n              $.each(sources, function(name, source) {\n                if(url.search(source.domain) !== -1) {\n                  matchedSource = name;\n                  return false;\n                }\n              });\n            }\n            return matchedSource;\n          },\n          icon: function() {\n            var\n              source = module.get.source()\n            ;\n            return (sources[source] !== undefined)\n              ? sources[source].icon\n              : false\n            ;\n          },\n          url: function() {\n            var\n              id     = settings.id     || $module.data(metadata.id),\n              source = settings.source || $module.data(metadata.source),\n              url\n            ;\n            url = (sources[source] !== undefined)\n              ? sources[source].url.replace('{id}', id)\n              : false\n            ;\n            if(url) {\n              $module.data(metadata.url, url);\n            }\n            return url;\n          }\n        },\n\n\n        set: {\n          active: function() {\n            $module.addClass(className.active);\n          }\n        },\n\n        remove: {\n          active: function() {\n            $module.removeClass(className.active);\n          },\n          embed: function() {\n            $embed.empty();\n          }\n        },\n\n        encode: {\n          parameters: function(parameters) {\n            var\n              urlString = [],\n              index\n            ;\n            for (index in parameters) {\n              urlString.push( encodeURIComponent(index) + '=' + encodeURIComponent( parameters[index] ) );\n            }\n            return urlString.join('&amp;');\n          }\n        },\n\n        generate: {\n          embed: function(url) {\n            module.debug('Generating embed html');\n            var\n              source = module.get.source(),\n              html,\n              parameters\n            ;\n            url = module.get.url(url);\n            if(url) {\n              parameters = module.generate.parameters(source);\n              html       = templates.iframe(url, parameters);\n            }\n            else {\n              module.error(error.noURL, $module);\n            }\n            return html;\n          },\n          parameters: function(source, extraParameters) {\n            var\n              parameters = (sources[source] && sources[source].parameters !== undefined)\n                ? sources[source].parameters(settings)\n                : {}\n            ;\n            extraParameters = extraParameters || settings.parameters;\n            if(extraParameters) {\n              parameters = $.extend({}, parameters, extraParameters);\n            }\n            parameters = settings.onEmbed(parameters);\n            return module.encode.parameters(parameters);\n          }\n        },\n\n        has: {\n          embed: function() {\n            return ($embed.length > 0);\n          },\n          placeholder: function() {\n            return settings.placeholder || $module.data(metadata.placeholder);\n          }\n        },\n\n        should: {\n          autoplay: function() {\n            return (settings.autoplay === 'auto')\n              ? (settings.placeholder || $module.data(metadata.placeholder) !== undefined)\n              : settings.autoplay\n            ;\n          }\n        },\n\n        is: {\n          video: function() {\n            return module.get.type() == 'video';\n          }\n        },\n\n        setting: function(name, value) {\n          module.debug('Changing setting', name, value);\n          if( $.isPlainObject(name) ) {\n            $.extend(true, settings, name);\n          }\n          else if(value !== undefined) {\n            if($.isPlainObject(settings[name])) {\n              $.extend(true, settings[name], value);\n            }\n            else {\n              settings[name] = value;\n            }\n          }\n          else {\n            return settings[name];\n          }\n        },\n        internal: function(name, value) {\n          if( $.isPlainObject(name) ) {\n            $.extend(true, module, name);\n          }\n          else if(value !== undefined) {\n            module[name] = value;\n          }\n          else {\n            return module[name];\n          }\n        },\n        debug: function() {\n          if(!settings.silent && settings.debug) {\n            if(settings.performance) {\n              module.performance.log(arguments);\n            }\n            else {\n              module.debug = Function.prototype.bind.call(console.info, console, settings.name + ':');\n              module.debug.apply(console, arguments);\n            }\n          }\n        },\n        verbose: function() {\n          if(!settings.silent && settings.verbose && settings.debug) {\n            if(settings.performance) {\n              module.performance.log(arguments);\n            }\n            else {\n              module.verbose = Function.prototype.bind.call(console.info, console, settings.name + ':');\n              module.verbose.apply(console, arguments);\n            }\n          }\n        },\n        error: function() {\n          if(!settings.silent) {\n            module.error = Function.prototype.bind.call(console.error, console, settings.name + ':');\n            module.error.apply(console, arguments);\n          }\n        },\n        performance: {\n          log: function(message) {\n            var\n              currentTime,\n              executionTime,\n              previousTime\n            ;\n            if(settings.performance) {\n              currentTime   = new Date().getTime();\n              previousTime  = time || currentTime;\n              executionTime = currentTime - previousTime;\n              time          = currentTime;\n              performance.push({\n                'Name'           : message[0],\n                'Arguments'      : [].slice.call(message, 1) || '',\n                'Element'        : element,\n                'Execution Time' : executionTime\n              });\n            }\n            clearTimeout(module.performance.timer);\n            module.performance.timer = setTimeout(module.performance.display, 500);\n          },\n          display: function() {\n            var\n              title = settings.name + ':',\n              totalTime = 0\n            ;\n            time = false;\n            clearTimeout(module.performance.timer);\n            $.each(performance, function(index, data) {\n              totalTime += data['Execution Time'];\n            });\n            title += ' ' + totalTime + 'ms';\n            if(moduleSelector) {\n              title += ' \\'' + moduleSelector + '\\'';\n            }\n            if($allModules.length > 1) {\n              title += ' ' + '(' + $allModules.length + ')';\n            }\n            if( (console.group !== undefined || console.table !== undefined) && performance.length > 0) {\n              console.groupCollapsed(title);\n              if(console.table) {\n                console.table(performance);\n              }\n              else {\n                $.each(performance, function(index, data) {\n                  console.log(data['Name'] + ': ' + data['Execution Time']+'ms');\n                });\n              }\n              console.groupEnd();\n            }\n            performance = [];\n          }\n        },\n        invoke: function(query, passedArguments, context) {\n          var\n            object = instance,\n            maxDepth,\n            found,\n            response\n          ;\n          passedArguments = passedArguments || queryArguments;\n          context         = element         || context;\n          if(typeof query == 'string' && object !== undefined) {\n            query    = query.split(/[\\. ]/);\n            maxDepth = query.length - 1;\n            $.each(query, function(depth, value) {\n              var camelCaseValue = (depth != maxDepth)\n                ? value + query[depth + 1].charAt(0).toUpperCase() + query[depth + 1].slice(1)\n                : query\n              ;\n              if( $.isPlainObject( object[camelCaseValue] ) && (depth != maxDepth) ) {\n                object = object[camelCaseValue];\n              }\n              else if( object[camelCaseValue] !== undefined ) {\n                found = object[camelCaseValue];\n                return false;\n              }\n              else if( $.isPlainObject( object[value] ) && (depth != maxDepth) ) {\n                object = object[value];\n              }\n              else if( object[value] !== undefined ) {\n                found = object[value];\n                return false;\n              }\n              else {\n                module.error(error.method, query);\n                return false;\n              }\n            });\n          }\n          if ( $.isFunction( found ) ) {\n            response = found.apply(context, passedArguments);\n          }\n          else if(found !== undefined) {\n            response = found;\n          }\n          if($.isArray(returnedValue)) {\n            returnedValue.push(response);\n          }\n          else if(returnedValue !== undefined) {\n            returnedValue = [returnedValue, response];\n          }\n          else if(response !== undefined) {\n            returnedValue = response;\n          }\n          return found;\n        }\n      };\n\n      if(methodInvoked) {\n        if(instance === undefined) {\n          module.initialize();\n        }\n        module.invoke(query);\n      }\n      else {\n        if(instance !== undefined) {\n          instance.invoke('destroy');\n        }\n        module.initialize();\n      }\n    })\n  ;\n  return (returnedValue !== undefined)\n    ? returnedValue\n    : this\n  ;\n};\n\n$.fn.embed.settings = {\n\n  name        : 'Embed',\n  namespace   : 'embed',\n\n  silent      : false,\n  debug       : false,\n  verbose     : false,\n  performance : true,\n\n  icon     : false,\n  source   : false,\n  url      : false,\n  id       : false,\n\n  // standard video settings\n  autoplay  : 'auto',\n  color     : '#444444',\n  hd        : true,\n  brandedUI : false,\n\n  // additional parameters to include with the embed\n  parameters: false,\n\n  onDisplay            : function() {},\n  onPlaceholderDisplay : function() {},\n  onReset              : function() {},\n  onCreate             : function(url) {},\n  onEmbed              : function(parameters) {\n    return parameters;\n  },\n\n  metadata    : {\n    id          : 'id',\n    icon        : 'icon',\n    placeholder : 'placeholder',\n    source      : 'source',\n    url         : 'url'\n  },\n\n  error : {\n    noURL  : 'No URL specified',\n    method : 'The method you called is not defined'\n  },\n\n  className : {\n    active : 'active',\n    embed  : 'embed'\n  },\n\n  selector : {\n    embed       : '.embed',\n    placeholder : '.placeholder',\n    icon        : '.icon'\n  },\n\n  sources: {\n    youtube: {\n      name   : 'youtube',\n      type   : 'video',\n      icon   : 'video play',\n      domain : 'youtube.com',\n      url    : '//www.youtube.com/embed/{id}',\n      parameters: function(settings) {\n        return {\n          autohide       : !settings.brandedUI,\n          autoplay       : settings.autoplay,\n          color          : settings.color || undefined,\n          hq             : settings.hd,\n          jsapi          : settings.api,\n          modestbranding : !settings.brandedUI\n        };\n      }\n    },\n    vimeo: {\n      name   : 'vimeo',\n      type   : 'video',\n      icon   : 'video play',\n      domain : 'vimeo.com',\n      url    : '//player.vimeo.com/video/{id}',\n      parameters: function(settings) {\n        return {\n          api      : settings.api,\n          autoplay : settings.autoplay,\n          byline   : settings.brandedUI,\n          color    : settings.color || undefined,\n          portrait : settings.brandedUI,\n          title    : settings.brandedUI\n        };\n      }\n    }\n  },\n\n  templates: {\n    iframe : function(url, parameters) {\n      var src = url;\n      if (parameters) {\n          src += '?' + parameters;\n      }\n      return ''\n        + '<iframe src=\"' + src + '\"'\n        + ' width=\"100%\" height=\"100%\"'\n        + ' frameborder=\"0\" scrolling=\"no\" webkitAllowFullScreen mozallowfullscreen allowFullScreen></iframe>'\n      ;\n    },\n    placeholder : function(image, icon) {\n      var\n        html = ''\n      ;\n      if(icon) {\n        html += '<i class=\"' + icon + ' icon\"></i>';\n      }\n      if(image) {\n        html += '<img class=\"placeholder\" src=\"' + image + '\">';\n      }\n      return html;\n    }\n  },\n\n  // NOT YET IMPLEMENTED\n  api     : false,\n  onPause : function() {},\n  onPlay  : function() {},\n  onStop  : function() {}\n\n};\n\n\n\n})( jQuery, window, document );\n"]},"hash":"0773db6e8b156a41af0b0312e017d4fe278d4734"}
