{"metadata":{"usedHelpers":[],"marked":[],"modules":{"imports":[{"source":"meteor/templating","imported":["Template"],"specifiers":[{"kind":"named","imported":"Template","local":"Template"}]}],"exports":{"exported":[],"specifiers":[]}}},"options":{"filename":"imports/ui/layouts/header.js","filenameRelative":"imports/ui/layouts/header.js","env":{"development":{"plugins":[]}},"retainLines":false,"highlightCode":true,"suppressDeprecationMessages":false,"presets":[],"plugins":[[[],{"generateLetDeclarations":true,"enforceStrictMode":false}],[[],null],[[],{"polyfill":false}],[[],null],[[],null],[[],null],[[],{"allowTopLevelThis":true,"strict":false,"loose":true}],[[],null],[[],null],[[],null],[[],null],[[],null],[[],null],[[],null],[[],null],[[],null],[[],null],[[],null],[[],null],[[],{"loose":true}],[[],{"loose":true}],[[],null],[[],{"loose":true}],[[],null],[[],null],[[],null],[[],null],[[],null],[[],null],[[],{"loose":true}],[[],null],[[],null],[[],null],[[],null],[[],null],[[],null],[[],null]],"ignore":[],"code":true,"metadata":true,"ast":true,"comments":true,"compact":false,"minified":false,"sourceMap":true,"sourceMaps":true,"sourceMapTarget":"imports/ui/layouts/header.js.map","sourceFileName":"imports/ui/layouts/header.js","babelrc":false,"sourceType":"module","moduleIds":false,"passPerPreset":false,"parserOpts":false,"generatorOpts":false,"basename":"header"},"ignored":false,"code":"var Template = void 0;\nmodule.watch(require(\"meteor/templating\"), {\n  Template: function (v) {\n    Template = v;\n  }\n}, 0);\n// The Header menu does not use dropdown menus, but most menus do.\n// Here's how to do the required initialization for Semantic UI dropdown menus.\nTemplate.Header.onRendered(function () {\n  function enableDropDown() {\n    this.$('.dropdown').dropdown();\n  }\n\n  return enableDropDown;\n}());","map":{"version":3,"sources":["imports/ui/layouts/header.js"],"names":["Template","module","watch","require","v","Header","onRendered","enableDropDown","$","dropdown"],"mappings":"AAAA,IAAIA,iBAAJ;AAAaC,OAAOC,KAAP,CAAaC,QAAQ,mBAAR,CAAb,EAA0C;AAACH,UAAD,YAAUI,CAAV,EAAY;AAACJ,eAASI,CAAT;AAAW;AAAxB,CAA1C,EAAoE,CAApE;AAEb;AACA;AACAJ,SAASK,MAAT,CAAgBC,UAAhB;AAA2B,WAASC,cAAT,GAA0B;AACnD,SAAKC,CAAL,CAAO,WAAP,EAAoBC,QAApB;AACD;;AAFD,SAAoCF,cAApC;AAAA","file":"imports/ui/layouts/header.js.map","sourcesContent":["import { Template } from 'meteor/templating';\n\n// The Header menu does not use dropdown menus, but most menus do.\n// Here's how to do the required initialization for Semantic UI dropdown menus.\nTemplate.Header.onRendered(function enableDropDown() {\n  this.$('.dropdown').dropdown();\n});\n"]},"hash":"11c25a55433868d3c2e36e643bce5645db0d50a6"}
