{"metadata":{"usedHelpers":[],"marked":[],"modules":{"imports":[{"source":"meteor/templating","imported":["Template"],"specifiers":[{"kind":"named","imported":"Template","local":"Template"}]}],"exports":{"exported":[],"specifiers":[]}}},"options":{"filename":"imports/ui/layouts/app-body.js","filenameRelative":"imports/ui/layouts/app-body.js","env":{"development":{"plugins":[]}},"retainLines":false,"highlightCode":true,"suppressDeprecationMessages":false,"presets":[],"plugins":[[[],{"generateLetDeclarations":true,"enforceStrictMode":false}],[[],null],[[],{"polyfill":false}],[[],null],[[],null],[[],null],[[],{"allowTopLevelThis":true,"strict":false,"loose":true}],[[],null],[[],null],[[],null],[[],null],[[],null],[[],null],[[],null],[[],null],[[],null],[[],null],[[],null],[[],null],[[],{"loose":true}],[[],{"loose":true}],[[],null],[[],{"loose":true}],[[],null],[[],null],[[],null],[[],null],[[],null],[[],null],[[],{"loose":true}],[[],null],[[],null],[[],null],[[],null],[[],null],[[],null],[[],null]],"ignore":[],"code":true,"metadata":true,"ast":true,"comments":true,"compact":false,"minified":false,"sourceMap":true,"sourceMaps":true,"sourceMapTarget":"imports/ui/layouts/app-body.js.map","sourceFileName":"imports/ui/layouts/app-body.js","babelrc":false,"sourceType":"module","moduleIds":false,"passPerPreset":false,"parserOpts":false,"generatorOpts":false,"basename":"app-body"},"ignored":false,"code":"var Template = void 0;\nmodule.watch(require(\"meteor/templating\"), {\n  Template: function (v) {\n    Template = v;\n  }\n}, 0);\nTemplate.App_Body.onCreated(function () {\n  function appBodyOnCreated() {// placeholder: typically you will put global subscriptions here if you remove the autopublish package.\n  }\n\n  return appBodyOnCreated;\n}());\nTemplate.App_Body.helpers({// placeholder: if you display dynamic data in your layout, you will put your template helpers here.\n});\nTemplate.App_Body.events({// placeholder: if you add a form to this top-level layout, handle the associated events here.\n});","map":{"version":3,"sources":["imports/ui/layouts/app-body.js"],"names":["Template","module","watch","require","v","App_Body","onCreated","appBodyOnCreated","helpers","events"],"mappings":"AAAA,IAAIA,iBAAJ;AAAaC,OAAOC,KAAP,CAAaC,QAAQ,mBAAR,CAAb,EAA0C;AAACH,UAAD,YAAUI,CAAV,EAAY;AAACJ,eAASI,CAAT;AAAW;AAAxB,CAA1C,EAAoE,CAApE;AAEbJ,SAASK,QAAT,CAAkBC,SAAlB;AAA4B,WAASC,gBAAT,GAA4B,CACtD;AACD;;AAFD,SAAqCA,gBAArC;AAAA;AAIAP,SAASK,QAAT,CAAkBG,OAAlB,CAA0B,CACxB;AADwB,CAA1B;AAIAR,SAASK,QAAT,CAAkBI,MAAlB,CAAyB,CACxB;AADwB,CAAzB","file":"imports/ui/layouts/app-body.js.map","sourcesContent":["import { Template } from 'meteor/templating';\n\nTemplate.App_Body.onCreated(function appBodyOnCreated() {\n  // placeholder: typically you will put global subscriptions here if you remove the autopublish package.\n});\n\nTemplate.App_Body.helpers({\n  // placeholder: if you display dynamic data in your layout, you will put your template helpers here.\n});\n\nTemplate.App_Body.events({\n // placeholder: if you add a form to this top-level layout, handle the associated events here.\n});\n"]},"hash":"1dc6970da6d2154dbb6bb5ba7c66afe0491dcd4b"}
