{"metadata":{"usedHelpers":[],"marked":[],"modules":{"imports":[],"exports":{"exported":[],"specifiers":[]}}},"options":{"filename":"client/lib/semantic-ui/definitions/modules/checkbox.js","filenameRelative":"client/lib/semantic-ui/definitions/modules/checkbox.js","env":{"development":{"plugins":[]}},"retainLines":false,"highlightCode":true,"suppressDeprecationMessages":false,"presets":[],"plugins":[[[],{"generateLetDeclarations":true,"enforceStrictMode":false}],[[],null],[[],{"polyfill":false}],[[],null],[[],null],[[],null],[[],{"allowTopLevelThis":true,"strict":false,"loose":true}],[[],null],[[],null],[[],null],[[],null],[[],null],[[],null],[[],null],[[],null],[[],null],[[],null],[[],null],[[],null],[[],{"loose":true}],[[],{"loose":true}],[[],null],[[],{"loose":true}],[[],null],[[],null],[[],null],[[],null],[[],null],[[],null],[[],{"loose":true}],[[],null],[[],null],[[],null],[[],null],[[],null],[[],null],[[],null]],"ignore":[],"code":true,"metadata":true,"ast":true,"comments":true,"compact":false,"minified":false,"sourceMap":true,"sourceMaps":true,"sourceMapTarget":"client/lib/semantic-ui/definitions/modules/checkbox.js.map","sourceFileName":"client/lib/semantic-ui/definitions/modules/checkbox.js","babelrc":false,"sourceType":"module","moduleIds":false,"passPerPreset":false,"parserOpts":false,"generatorOpts":false,"basename":"checkbox"},"ignored":false,"code":"/*\n  DO NOT MODIFY - This file has been generated and will be regenerated\n  Semantic UI v2.2.1\n*/ /*!\n    * # Semantic UI - Checkbox\n    * http://github.com/semantic-org/semantic-ui/\n    *\n    *\n    * Released under the MIT license\n    * http://opensource.org/licenses/MIT\n    *\n    */;\n\n(function ($, window, document, undefined) {\n  \"use strict\";\n\n  window = typeof window != 'undefined' && window.Math == Math ? window : typeof self != 'undefined' && self.Math == Math ? self : Function('return this')();\n\n  $.fn.checkbox = function (parameters) {\n    var $allModules = $(this),\n        moduleSelector = $allModules.selector || '',\n        time = new Date().getTime(),\n        performance = [],\n        query = arguments[0],\n        methodInvoked = typeof query == 'string',\n        queryArguments = [].slice.call(arguments, 1),\n        returnedValue;\n    $allModules.each(function () {\n      var settings = $.extend(true, {}, $.fn.checkbox.settings, parameters),\n          className = settings.className,\n          namespace = settings.namespace,\n          selector = settings.selector,\n          error = settings.error,\n          eventNamespace = '.' + namespace,\n          moduleNamespace = 'module-' + namespace,\n          $module = $(this),\n          $label = $(this).children(selector.label),\n          $input = $(this).children(selector.input),\n          input = $input[0],\n          initialLoad = false,\n          shortcutPressed = false,\n          instance = $module.data(moduleNamespace),\n          observer,\n          element = this,\n          module;\n      module = {\n        initialize: function () {\n          module.verbose('Initializing checkbox', settings);\n          module.create.label();\n          module.bind.events();\n          module.set.tabbable();\n          module.hide.input();\n          module.observeChanges();\n          module.instantiate();\n          module.setup();\n        },\n        instantiate: function () {\n          module.verbose('Storing instance of module', module);\n          instance = module;\n          $module.data(moduleNamespace, module);\n        },\n        destroy: function () {\n          module.verbose('Destroying module');\n          module.unbind.events();\n          module.show.input();\n          $module.removeData(moduleNamespace);\n        },\n        fix: {\n          reference: function () {\n            if ($module.is(selector.input)) {\n              module.debug('Behavior called on <input> adjusting invoked element');\n              $module = $module.closest(selector.checkbox);\n              module.refresh();\n            }\n          }\n        },\n        setup: function () {\n          module.set.initialLoad();\n\n          if (module.is.indeterminate()) {\n            module.debug('Initial value is indeterminate');\n            module.indeterminate();\n          } else if (module.is.checked()) {\n            module.debug('Initial value is checked');\n            module.check();\n          } else {\n            module.debug('Initial value is unchecked');\n            module.uncheck();\n          }\n\n          module.remove.initialLoad();\n        },\n        refresh: function () {\n          $label = $module.children(selector.label);\n          $input = $module.children(selector.input);\n          input = $input[0];\n        },\n        hide: {\n          input: function () {\n            module.verbose('Modifying <input> z-index to be unselectable');\n            $input.addClass(className.hidden);\n          }\n        },\n        show: {\n          input: function () {\n            module.verbose('Modifying <input> z-index to be selectable');\n            $input.removeClass(className.hidden);\n          }\n        },\n        observeChanges: function () {\n          if ('MutationObserver' in window) {\n            observer = new MutationObserver(function (mutations) {\n              module.debug('DOM tree modified, updating selector cache');\n              module.refresh();\n            });\n            observer.observe(element, {\n              childList: true,\n              subtree: true\n            });\n            module.debug('Setting up mutation observer', observer);\n          }\n        },\n        attachEvents: function (selector, event) {\n          var $element = $(selector);\n          event = $.isFunction(module[event]) ? module[event] : module.toggle;\n\n          if ($element.length > 0) {\n            module.debug('Attaching checkbox events to element', selector, event);\n            $element.on('click' + eventNamespace, event);\n          } else {\n            module.error(error.notFound);\n          }\n        },\n        event: {\n          click: function (event) {\n            var $target = $(event.target);\n\n            if ($target.is(selector.input)) {\n              module.verbose('Using default check action on initialized checkbox');\n              return;\n            }\n\n            if ($target.is(selector.link)) {\n              module.debug('Clicking link inside checkbox, skipping toggle');\n              return;\n            }\n\n            module.toggle();\n            $input.focus();\n            event.preventDefault();\n          },\n          keydown: function (event) {\n            var key = event.which,\n                keyCode = {\n              enter: 13,\n              space: 32,\n              escape: 27\n            };\n\n            if (key == keyCode.escape) {\n              module.verbose('Escape key pressed blurring field');\n              $input.blur();\n              shortcutPressed = true;\n            } else if (!event.ctrlKey && (key == keyCode.space || key == keyCode.enter)) {\n              module.verbose('Enter/space key pressed, toggling checkbox');\n              module.toggle();\n              shortcutPressed = true;\n            } else {\n              shortcutPressed = false;\n            }\n          },\n          keyup: function (event) {\n            if (shortcutPressed) {\n              event.preventDefault();\n            }\n          }\n        },\n        check: function () {\n          if (!module.should.allowCheck()) {\n            return;\n          }\n\n          module.debug('Checking checkbox', $input);\n          module.set.checked();\n\n          if (!module.should.ignoreCallbacks()) {\n            settings.onChecked.call(input);\n            settings.onChange.call(input);\n          }\n        },\n        uncheck: function () {\n          if (!module.should.allowUncheck()) {\n            return;\n          }\n\n          module.debug('Unchecking checkbox');\n          module.set.unchecked();\n\n          if (!module.should.ignoreCallbacks()) {\n            settings.onUnchecked.call(input);\n            settings.onChange.call(input);\n          }\n        },\n        indeterminate: function () {\n          if (module.should.allowIndeterminate()) {\n            module.debug('Checkbox is already indeterminate');\n            return;\n          }\n\n          module.debug('Making checkbox indeterminate');\n          module.set.indeterminate();\n\n          if (!module.should.ignoreCallbacks()) {\n            settings.onIndeterminate.call(input);\n            settings.onChange.call(input);\n          }\n        },\n        determinate: function () {\n          if (module.should.allowDeterminate()) {\n            module.debug('Checkbox is already determinate');\n            return;\n          }\n\n          module.debug('Making checkbox determinate');\n          module.set.determinate();\n\n          if (!module.should.ignoreCallbacks()) {\n            settings.onDeterminate.call(input);\n            settings.onChange.call(input);\n          }\n        },\n        enable: function () {\n          if (module.is.enabled()) {\n            module.debug('Checkbox is already enabled');\n            return;\n          }\n\n          module.debug('Enabling checkbox');\n          module.set.enabled();\n          settings.onEnable.call(input); // preserve legacy callbacks\n\n          settings.onEnabled.call(input);\n        },\n        disable: function () {\n          if (module.is.disabled()) {\n            module.debug('Checkbox is already disabled');\n            return;\n          }\n\n          module.debug('Disabling checkbox');\n          module.set.disabled();\n          settings.onDisable.call(input); // preserve legacy callbacks\n\n          settings.onDisabled.call(input);\n        },\n        get: {\n          radios: function () {\n            var name = module.get.name();\n            return $('input[name=\"' + name + '\"]').closest(selector.checkbox);\n          },\n          otherRadios: function () {\n            return module.get.radios().not($module);\n          },\n          name: function () {\n            return $input.attr('name');\n          }\n        },\n        is: {\n          initialLoad: function () {\n            return initialLoad;\n          },\n          radio: function () {\n            return $input.hasClass(className.radio) || $input.attr('type') == 'radio';\n          },\n          indeterminate: function () {\n            return $input.prop('indeterminate') !== undefined && $input.prop('indeterminate');\n          },\n          checked: function () {\n            return $input.prop('checked') !== undefined && $input.prop('checked');\n          },\n          disabled: function () {\n            return $input.prop('disabled') !== undefined && $input.prop('disabled');\n          },\n          enabled: function () {\n            return !module.is.disabled();\n          },\n          determinate: function () {\n            return !module.is.indeterminate();\n          },\n          unchecked: function () {\n            return !module.is.checked();\n          }\n        },\n        should: {\n          allowCheck: function () {\n            if (module.is.determinate() && module.is.checked() && !module.should.forceCallbacks()) {\n              module.debug('Should not allow check, checkbox is already checked');\n              return false;\n            }\n\n            if (settings.beforeChecked.apply(input) === false) {\n              module.debug('Should not allow check, beforeChecked cancelled');\n              return false;\n            }\n\n            return true;\n          },\n          allowUncheck: function () {\n            if (module.is.determinate() && module.is.unchecked() && !module.should.forceCallbacks()) {\n              module.debug('Should not allow uncheck, checkbox is already unchecked');\n              return false;\n            }\n\n            if (settings.beforeUnchecked.apply(input) === false) {\n              module.debug('Should not allow uncheck, beforeUnchecked cancelled');\n              return false;\n            }\n\n            return true;\n          },\n          allowIndeterminate: function () {\n            if (module.is.indeterminate() && !module.should.forceCallbacks()) {\n              module.debug('Should not allow indeterminate, checkbox is already indeterminate');\n              return false;\n            }\n\n            if (settings.beforeIndeterminate.apply(input) === false) {\n              module.debug('Should not allow indeterminate, beforeIndeterminate cancelled');\n              return false;\n            }\n\n            return true;\n          },\n          allowDeterminate: function () {\n            if (module.is.determinate() && !module.should.forceCallbacks()) {\n              module.debug('Should not allow determinate, checkbox is already determinate');\n              return false;\n            }\n\n            if (settings.beforeDeterminate.apply(input) === false) {\n              module.debug('Should not allow determinate, beforeDeterminate cancelled');\n              return false;\n            }\n\n            return true;\n          },\n          forceCallbacks: function () {\n            return module.is.initialLoad() && settings.fireOnInit;\n          },\n          ignoreCallbacks: function () {\n            return initialLoad && !settings.fireOnInit;\n          }\n        },\n        can: {\n          change: function () {\n            return !($module.hasClass(className.disabled) || $module.hasClass(className.readOnly) || $input.prop('disabled') || $input.prop('readonly'));\n          },\n          uncheck: function () {\n            return typeof settings.uncheckable === 'boolean' ? settings.uncheckable : !module.is.radio();\n          }\n        },\n        set: {\n          initialLoad: function () {\n            initialLoad = true;\n          },\n          checked: function () {\n            module.verbose('Setting class to checked');\n            $module.removeClass(className.indeterminate).addClass(className.checked);\n\n            if (module.is.radio()) {\n              module.uncheckOthers();\n            }\n\n            if (!module.is.indeterminate() && module.is.checked()) {\n              module.debug('Input is already checked, skipping input property change');\n              return;\n            }\n\n            module.verbose('Setting state to checked', input);\n            $input.prop('indeterminate', false).prop('checked', true);\n            module.trigger.change();\n          },\n          unchecked: function () {\n            module.verbose('Removing checked class');\n            $module.removeClass(className.indeterminate).removeClass(className.checked);\n\n            if (!module.is.indeterminate() && module.is.unchecked()) {\n              module.debug('Input is already unchecked');\n              return;\n            }\n\n            module.debug('Setting state to unchecked');\n            $input.prop('indeterminate', false).prop('checked', false);\n            module.trigger.change();\n          },\n          indeterminate: function () {\n            module.verbose('Setting class to indeterminate');\n            $module.addClass(className.indeterminate);\n\n            if (module.is.indeterminate()) {\n              module.debug('Input is already indeterminate, skipping input property change');\n              return;\n            }\n\n            module.debug('Setting state to indeterminate');\n            $input.prop('indeterminate', true);\n            module.trigger.change();\n          },\n          determinate: function () {\n            module.verbose('Removing indeterminate class');\n            $module.removeClass(className.indeterminate);\n\n            if (module.is.determinate()) {\n              module.debug('Input is already determinate, skipping input property change');\n              return;\n            }\n\n            module.debug('Setting state to determinate');\n            $input.prop('indeterminate', false);\n          },\n          disabled: function () {\n            module.verbose('Setting class to disabled');\n            $module.addClass(className.disabled);\n\n            if (module.is.disabled()) {\n              module.debug('Input is already disabled, skipping input property change');\n              return;\n            }\n\n            module.debug('Setting state to disabled');\n            $input.prop('disabled', 'disabled');\n            module.trigger.change();\n          },\n          enabled: function () {\n            module.verbose('Removing disabled class');\n            $module.removeClass(className.disabled);\n\n            if (module.is.enabled()) {\n              module.debug('Input is already enabled, skipping input property change');\n              return;\n            }\n\n            module.debug('Setting state to enabled');\n            $input.prop('disabled', false);\n            module.trigger.change();\n          },\n          tabbable: function () {\n            module.verbose('Adding tabindex to checkbox');\n\n            if ($input.attr('tabindex') === undefined) {\n              $input.attr('tabindex', 0);\n            }\n          }\n        },\n        remove: {\n          initialLoad: function () {\n            initialLoad = false;\n          }\n        },\n        trigger: {\n          change: function () {\n            var events = document.createEvent('HTMLEvents'),\n                inputElement = $input[0];\n\n            if (inputElement) {\n              module.verbose('Triggering native change event');\n              events.initEvent('change', true, false);\n              inputElement.dispatchEvent(events);\n            }\n          }\n        },\n        create: {\n          label: function () {\n            if ($input.prevAll(selector.label).length > 0) {\n              $input.prev(selector.label).detach().insertAfter($input);\n              module.debug('Moving existing label', $label);\n            } else if (!module.has.label()) {\n              $label = $('<label>').insertAfter($input);\n              module.debug('Creating label', $label);\n            }\n          }\n        },\n        has: {\n          label: function () {\n            return $label.length > 0;\n          }\n        },\n        bind: {\n          events: function () {\n            module.verbose('Attaching checkbox events');\n            $module.on('click' + eventNamespace, module.event.click).on('keydown' + eventNamespace, selector.input, module.event.keydown).on('keyup' + eventNamespace, selector.input, module.event.keyup);\n          }\n        },\n        unbind: {\n          events: function () {\n            module.debug('Removing events');\n            $module.off(eventNamespace);\n          }\n        },\n        uncheckOthers: function () {\n          var $radios = module.get.otherRadios();\n          module.debug('Unchecking other radios', $radios);\n          $radios.removeClass(className.checked);\n        },\n        toggle: function () {\n          if (!module.can.change()) {\n            if (!module.is.radio()) {\n              module.debug('Checkbox is read-only or disabled, ignoring toggle');\n            }\n\n            return;\n          }\n\n          if (module.is.indeterminate() || module.is.unchecked()) {\n            module.debug('Currently unchecked');\n            module.check();\n          } else if (module.is.checked() && module.can.uncheck()) {\n            module.debug('Currently checked');\n            module.uncheck();\n          }\n        },\n        setting: function (name, value) {\n          module.debug('Changing setting', name, value);\n\n          if ($.isPlainObject(name)) {\n            $.extend(true, settings, name);\n          } else if (value !== undefined) {\n            if ($.isPlainObject(settings[name])) {\n              $.extend(true, settings[name], value);\n            } else {\n              settings[name] = value;\n            }\n          } else {\n            return settings[name];\n          }\n        },\n        internal: function (name, value) {\n          if ($.isPlainObject(name)) {\n            $.extend(true, module, name);\n          } else if (value !== undefined) {\n            module[name] = value;\n          } else {\n            return module[name];\n          }\n        },\n        debug: function () {\n          if (!settings.silent && settings.debug) {\n            if (settings.performance) {\n              module.performance.log(arguments);\n            } else {\n              module.debug = Function.prototype.bind.call(console.info, console, settings.name + ':');\n              module.debug.apply(console, arguments);\n            }\n          }\n        },\n        verbose: function () {\n          if (!settings.silent && settings.verbose && settings.debug) {\n            if (settings.performance) {\n              module.performance.log(arguments);\n            } else {\n              module.verbose = Function.prototype.bind.call(console.info, console, settings.name + ':');\n              module.verbose.apply(console, arguments);\n            }\n          }\n        },\n        error: function () {\n          if (!settings.silent) {\n            module.error = Function.prototype.bind.call(console.error, console, settings.name + ':');\n            module.error.apply(console, arguments);\n          }\n        },\n        performance: {\n          log: function (message) {\n            var currentTime, executionTime, previousTime;\n\n            if (settings.performance) {\n              currentTime = new Date().getTime();\n              previousTime = time || currentTime;\n              executionTime = currentTime - previousTime;\n              time = currentTime;\n              performance.push({\n                'Name': message[0],\n                'Arguments': [].slice.call(message, 1) || '',\n                'Element': element,\n                'Execution Time': executionTime\n              });\n            }\n\n            clearTimeout(module.performance.timer);\n            module.performance.timer = setTimeout(module.performance.display, 500);\n          },\n          display: function () {\n            var title = settings.name + ':',\n                totalTime = 0;\n            time = false;\n            clearTimeout(module.performance.timer);\n            $.each(performance, function (index, data) {\n              totalTime += data['Execution Time'];\n            });\n            title += ' ' + totalTime + 'ms';\n\n            if (moduleSelector) {\n              title += ' \\'' + moduleSelector + '\\'';\n            }\n\n            if ((console.group !== undefined || console.table !== undefined) && performance.length > 0) {\n              console.groupCollapsed(title);\n\n              if (console.table) {\n                console.table(performance);\n              } else {\n                $.each(performance, function (index, data) {\n                  console.log(data['Name'] + ': ' + data['Execution Time'] + 'ms');\n                });\n              }\n\n              console.groupEnd();\n            }\n\n            performance = [];\n          }\n        },\n        invoke: function (query, passedArguments, context) {\n          var object = instance,\n              maxDepth,\n              found,\n              response;\n          passedArguments = passedArguments || queryArguments;\n          context = element || context;\n\n          if (typeof query == 'string' && object !== undefined) {\n            query = query.split(/[\\. ]/);\n            maxDepth = query.length - 1;\n            $.each(query, function (depth, value) {\n              var camelCaseValue = depth != maxDepth ? value + query[depth + 1].charAt(0).toUpperCase() + query[depth + 1].slice(1) : query;\n\n              if ($.isPlainObject(object[camelCaseValue]) && depth != maxDepth) {\n                object = object[camelCaseValue];\n              } else if (object[camelCaseValue] !== undefined) {\n                found = object[camelCaseValue];\n                return false;\n              } else if ($.isPlainObject(object[value]) && depth != maxDepth) {\n                object = object[value];\n              } else if (object[value] !== undefined) {\n                found = object[value];\n                return false;\n              } else {\n                module.error(error.method, query);\n                return false;\n              }\n            });\n          }\n\n          if ($.isFunction(found)) {\n            response = found.apply(context, passedArguments);\n          } else if (found !== undefined) {\n            response = found;\n          }\n\n          if ($.isArray(returnedValue)) {\n            returnedValue.push(response);\n          } else if (returnedValue !== undefined) {\n            returnedValue = [returnedValue, response];\n          } else if (response !== undefined) {\n            returnedValue = response;\n          }\n\n          return found;\n        }\n      };\n\n      if (methodInvoked) {\n        if (instance === undefined) {\n          module.initialize();\n        }\n\n        module.invoke(query);\n      } else {\n        if (instance !== undefined) {\n          instance.invoke('destroy');\n        }\n\n        module.initialize();\n      }\n    });\n    return returnedValue !== undefined ? returnedValue : this;\n  };\n\n  $.fn.checkbox.settings = {\n    name: 'Checkbox',\n    namespace: 'checkbox',\n    silent: false,\n    debug: false,\n    verbose: true,\n    performance: true,\n    // delegated event context\n    uncheckable: 'auto',\n    fireOnInit: false,\n    onChange: function () {},\n    beforeChecked: function () {},\n    beforeUnchecked: function () {},\n    beforeDeterminate: function () {},\n    beforeIndeterminate: function () {},\n    onChecked: function () {},\n    onUnchecked: function () {},\n    onDeterminate: function () {},\n    onIndeterminate: function () {},\n    onEnable: function () {},\n    onDisable: function () {},\n    // preserve misspelled callbacks (will be removed in 3.0)\n    onEnabled: function () {},\n    onDisabled: function () {},\n    className: {\n      checked: 'checked',\n      indeterminate: 'indeterminate',\n      disabled: 'disabled',\n      hidden: 'hidden',\n      radio: 'radio',\n      readOnly: 'read-only'\n    },\n    error: {\n      method: 'The method you called is not defined'\n    },\n    selector: {\n      checkbox: '.ui.checkbox',\n      label: 'label, .box',\n      input: 'input[type=\"checkbox\"], input[type=\"radio\"]',\n      link: 'a[href]'\n    }\n  };\n})(jQuery, window, document);","map":{"version":3,"sources":["client/lib/semantic-ui/definitions/modules/checkbox.js"],"names":["$","window","document","undefined","Math","self","Function","fn","checkbox","parameters","$allModules","moduleSelector","selector","time","Date","getTime","performance","query","arguments","methodInvoked","queryArguments","slice","call","returnedValue","each","settings","extend","className","namespace","error","eventNamespace","moduleNamespace","$module","$label","children","label","$input","input","initialLoad","shortcutPressed","instance","data","observer","element","module","initialize","verbose","create","bind","events","set","tabbable","hide","observeChanges","instantiate","setup","destroy","unbind","show","removeData","fix","reference","is","debug","closest","refresh","indeterminate","checked","check","uncheck","remove","addClass","hidden","removeClass","MutationObserver","mutations","observe","childList","subtree","attachEvents","event","$element","isFunction","toggle","length","on","notFound","click","$target","target","link","focus","preventDefault","keydown","key","which","keyCode","enter","space","escape","blur","ctrlKey","keyup","should","allowCheck","ignoreCallbacks","onChecked","onChange","allowUncheck","unchecked","onUnchecked","allowIndeterminate","onIndeterminate","determinate","allowDeterminate","onDeterminate","enable","enabled","onEnable","onEnabled","disable","disabled","onDisable","onDisabled","get","radios","name","otherRadios","not","attr","radio","hasClass","prop","forceCallbacks","beforeChecked","apply","beforeUnchecked","beforeIndeterminate","beforeDeterminate","fireOnInit","can","change","readOnly","uncheckable","uncheckOthers","trigger","createEvent","inputElement","initEvent","dispatchEvent","prevAll","prev","detach","insertAfter","has","off","$radios","setting","value","isPlainObject","internal","silent","log","prototype","console","info","message","currentTime","executionTime","previousTime","push","clearTimeout","timer","setTimeout","display","title","totalTime","index","group","table","groupCollapsed","groupEnd","invoke","passedArguments","context","object","maxDepth","found","response","split","depth","camelCaseValue","charAt","toUpperCase","method","isArray","jQuery"],"mappings":"AAAA;;;GAIA;;;;;;;;MAUA;;AAAC,CAAC,UAAUA,CAAV,EAAaC,MAAb,EAAqBC,QAArB,EAA+BC,SAA/B,EAA0C;AAE5C;;AAEAF,WAAU,OAAOA,MAAP,IAAiB,WAAjB,IAAgCA,OAAOG,IAAP,IAAeA,IAAhD,GACLH,MADK,GAEJ,OAAOI,IAAP,IAAe,WAAf,IAA8BA,KAAKD,IAAL,IAAaA,IAA5C,GACEC,IADF,GAEEC,SAAS,aAAT,GAJN;;AAOAN,IAAEO,EAAF,CAAKC,QAAL,GAAgB,UAASC,UAAT,EAAqB;AACnC,QACEC,cAAiBV,EAAE,IAAF,CADnB;AAAA,QAEEW,iBAAiBD,YAAYE,QAAZ,IAAwB,EAF3C;AAAA,QAIEC,OAAiB,IAAIC,IAAJ,GAAWC,OAAX,EAJnB;AAAA,QAKEC,cAAiB,EALnB;AAAA,QAOEC,QAAiBC,UAAU,CAAV,CAPnB;AAAA,QAQEC,gBAAkB,OAAOF,KAAP,IAAgB,QARpC;AAAA,QASEG,iBAAiB,GAAGC,KAAH,CAASC,IAAT,CAAcJ,SAAd,EAAyB,CAAzB,CATnB;AAAA,QAUEK,aAVF;AAaAb,gBACGc,IADH,CACQ,YAAW;AACf,UACEC,WAAkBzB,EAAE0B,MAAF,CAAS,IAAT,EAAe,EAAf,EAAmB1B,EAAEO,EAAF,CAAKC,QAAL,CAAciB,QAAjC,EAA2ChB,UAA3C,CADpB;AAAA,UAGEkB,YAAkBF,SAASE,SAH7B;AAAA,UAIEC,YAAkBH,SAASG,SAJ7B;AAAA,UAKEhB,WAAkBa,SAASb,QAL7B;AAAA,UAMEiB,QAAkBJ,SAASI,KAN7B;AAAA,UAQEC,iBAAkB,MAAMF,SAR1B;AAAA,UASEG,kBAAkB,YAAYH,SAThC;AAAA,UAWEI,UAAkBhC,EAAE,IAAF,CAXpB;AAAA,UAYEiC,SAAkBjC,EAAE,IAAF,EAAQkC,QAAR,CAAiBtB,SAASuB,KAA1B,CAZpB;AAAA,UAaEC,SAAkBpC,EAAE,IAAF,EAAQkC,QAAR,CAAiBtB,SAASyB,KAA1B,CAbpB;AAAA,UAcEA,QAAkBD,OAAO,CAAP,CAdpB;AAAA,UAgBEE,cAAkB,KAhBpB;AAAA,UAiBEC,kBAAkB,KAjBpB;AAAA,UAkBEC,WAAkBR,QAAQS,IAAR,CAAaV,eAAb,CAlBpB;AAAA,UAoBEW,QApBF;AAAA,UAqBEC,UAAkB,IArBpB;AAAA,UAsBEC,MAtBF;AAyBAA,eAAc;AAEZC,oBAAY,YAAW;AACrBD,iBAAOE,OAAP,CAAe,uBAAf,EAAwCrB,QAAxC;AAEAmB,iBAAOG,MAAP,CAAcZ,KAAd;AACAS,iBAAOI,IAAP,CAAYC,MAAZ;AAEAL,iBAAOM,GAAP,CAAWC,QAAX;AACAP,iBAAOQ,IAAP,CAAYf,KAAZ;AAEAO,iBAAOS,cAAP;AACAT,iBAAOU,WAAP;AACAV,iBAAOW,KAAP;AACD,SAdW;AAgBZD,qBAAa,YAAW;AACtBV,iBAAOE,OAAP,CAAe,4BAAf,EAA6CF,MAA7C;AACAJ,qBAAWI,MAAX;AACAZ,kBACGS,IADH,CACQV,eADR,EACyBa,MADzB;AAGD,SAtBW;AAwBZY,iBAAS,YAAW;AAClBZ,iBAAOE,OAAP,CAAe,mBAAf;AACAF,iBAAOa,MAAP,CAAcR,MAAd;AACAL,iBAAOc,IAAP,CAAYrB,KAAZ;AACAL,kBAAQ2B,UAAR,CAAmB5B,eAAnB;AACD,SA7BW;AA+BZ6B,aAAK;AACHC,qBAAW,YAAW;AACpB,gBAAI7B,QAAQ8B,EAAR,CAAWlD,SAASyB,KAApB,CAAJ,EAAiC;AAC/BO,qBAAOmB,KAAP,CAAa,sDAAb;AACA/B,wBAAUA,QAAQgC,OAAR,CAAgBpD,SAASJ,QAAzB,CAAV;AACAoC,qBAAOqB,OAAP;AACD;AACF;AAPE,SA/BO;AAyCZV,eAAO,YAAW;AAChBX,iBAAOM,GAAP,CAAWZ,WAAX;;AACA,cAAIM,OAAOkB,EAAP,CAAUI,aAAV,EAAJ,EAAgC;AAC9BtB,mBAAOmB,KAAP,CAAa,gCAAb;AACAnB,mBAAOsB,aAAP;AACD,WAHD,MAIK,IAAItB,OAAOkB,EAAP,CAAUK,OAAV,EAAJ,EAA0B;AAC7BvB,mBAAOmB,KAAP,CAAa,0BAAb;AACAnB,mBAAOwB,KAAP;AACD,WAHI,MAIA;AACHxB,mBAAOmB,KAAP,CAAa,4BAAb;AACAnB,mBAAOyB,OAAP;AACD;;AACDzB,iBAAO0B,MAAP,CAAchC,WAAd;AACD,SAxDW;AA0DZ2B,iBAAS,YAAW;AAClBhC,mBAASD,QAAQE,QAAR,CAAiBtB,SAASuB,KAA1B,CAAT;AACAC,mBAASJ,QAAQE,QAAR,CAAiBtB,SAASyB,KAA1B,CAAT;AACAA,kBAASD,OAAO,CAAP,CAAT;AACD,SA9DW;AAgEZgB,cAAM;AACJf,iBAAO,YAAW;AAChBO,mBAAOE,OAAP,CAAe,8CAAf;AACAV,mBAAOmC,QAAP,CAAgB5C,UAAU6C,MAA1B;AACD;AAJG,SAhEM;AAsEZd,cAAM;AACJrB,iBAAO,YAAW;AAChBO,mBAAOE,OAAP,CAAe,4CAAf;AACAV,mBAAOqC,WAAP,CAAmB9C,UAAU6C,MAA7B;AACD;AAJG,SAtEM;AA6EZnB,wBAAgB,YAAW;AACzB,cAAG,sBAAsBpD,MAAzB,EAAiC;AAC/ByC,uBAAW,IAAIgC,gBAAJ,CAAqB,UAASC,SAAT,EAAoB;AAClD/B,qBAAOmB,KAAP,CAAa,4CAAb;AACAnB,qBAAOqB,OAAP;AACD,aAHU,CAAX;AAIAvB,qBAASkC,OAAT,CAAiBjC,OAAjB,EAA0B;AACxBkC,yBAAY,IADY;AAExBC,uBAAY;AAFY,aAA1B;AAIAlC,mBAAOmB,KAAP,CAAa,8BAAb,EAA6CrB,QAA7C;AACD;AACF,SAzFW;AA2FZqC,sBAAc,UAASnE,QAAT,EAAmBoE,KAAnB,EAA0B;AACtC,cACEC,WAAWjF,EAAEY,QAAF,CADb;AAGAoE,kBAAQhF,EAAEkF,UAAF,CAAatC,OAAOoC,KAAP,CAAb,IACJpC,OAAOoC,KAAP,CADI,GAEJpC,OAAOuC,MAFX;;AAIA,cAAGF,SAASG,MAAT,GAAkB,CAArB,EAAwB;AACtBxC,mBAAOmB,KAAP,CAAa,sCAAb,EAAqDnD,QAArD,EAA+DoE,KAA/D;AACAC,qBACGI,EADH,CACM,UAAUvD,cADhB,EACgCkD,KADhC;AAGD,WALD,MAMK;AACHpC,mBAAOf,KAAP,CAAaA,MAAMyD,QAAnB;AACD;AACF,SA5GW;AA8GZN,eAAO;AACLO,iBAAO,UAASP,KAAT,EAAgB;AACrB,gBACEQ,UAAUxF,EAAEgF,MAAMS,MAAR,CADZ;;AAGA,gBAAID,QAAQ1B,EAAR,CAAWlD,SAASyB,KAApB,CAAJ,EAAiC;AAC/BO,qBAAOE,OAAP,CAAe,oDAAf;AACA;AACD;;AACD,gBAAI0C,QAAQ1B,EAAR,CAAWlD,SAAS8E,IAApB,CAAJ,EAAgC;AAC9B9C,qBAAOmB,KAAP,CAAa,gDAAb;AACA;AACD;;AACDnB,mBAAOuC,MAAP;AACA/C,mBAAOuD,KAAP;AACAX,kBAAMY,cAAN;AACD,WAhBI;AAiBLC,mBAAS,UAASb,KAAT,EAAgB;AACvB,gBACEc,MAAUd,MAAMe,KADlB;AAAA,gBAEEC,UAAU;AACRC,qBAAS,EADD;AAERC,qBAAS,EAFD;AAGRC,sBAAS;AAHD,aAFZ;;AAQA,gBAAGL,OAAOE,QAAQG,MAAlB,EAA0B;AACxBvD,qBAAOE,OAAP,CAAe,mCAAf;AACAV,qBAAOgE,IAAP;AACA7D,gCAAkB,IAAlB;AACD,aAJD,MAKK,IAAG,CAACyC,MAAMqB,OAAP,KAAoBP,OAAOE,QAAQE,KAAf,IAAwBJ,OAAOE,QAAQC,KAA3D,CAAH,EAAuE;AAC1ErD,qBAAOE,OAAP,CAAe,4CAAf;AACAF,qBAAOuC,MAAP;AACA5C,gCAAkB,IAAlB;AACD,aAJI,MAKA;AACHA,gCAAkB,KAAlB;AACD;AACF,WAvCI;AAwCL+D,iBAAO,UAAStB,KAAT,EAAgB;AACrB,gBAAGzC,eAAH,EAAoB;AAClByC,oBAAMY,cAAN;AACD;AACF;AA5CI,SA9GK;AA6JZxB,eAAO,YAAW;AAChB,cAAI,CAACxB,OAAO2D,MAAP,CAAcC,UAAd,EAAL,EAAkC;AAChC;AACD;;AACD5D,iBAAOmB,KAAP,CAAa,mBAAb,EAAkC3B,MAAlC;AACAQ,iBAAOM,GAAP,CAAWiB,OAAX;;AACA,cAAI,CAACvB,OAAO2D,MAAP,CAAcE,eAAd,EAAL,EAAuC;AACrChF,qBAASiF,SAAT,CAAmBpF,IAAnB,CAAwBe,KAAxB;AACAZ,qBAASkF,QAAT,CAAkBrF,IAAlB,CAAuBe,KAAvB;AACD;AACF,SAvKW;AAyKZgC,iBAAS,YAAW;AAClB,cAAI,CAACzB,OAAO2D,MAAP,CAAcK,YAAd,EAAL,EAAoC;AAClC;AACD;;AACDhE,iBAAOmB,KAAP,CAAa,qBAAb;AACAnB,iBAAOM,GAAP,CAAW2D,SAAX;;AACA,cAAI,CAACjE,OAAO2D,MAAP,CAAcE,eAAd,EAAL,EAAuC;AACrChF,qBAASqF,WAAT,CAAqBxF,IAArB,CAA0Be,KAA1B;AACAZ,qBAASkF,QAAT,CAAkBrF,IAAlB,CAAuBe,KAAvB;AACD;AACF,SAnLW;AAqLZ6B,uBAAe,YAAW;AACxB,cAAItB,OAAO2D,MAAP,CAAcQ,kBAAd,EAAJ,EAAyC;AACvCnE,mBAAOmB,KAAP,CAAa,mCAAb;AACA;AACD;;AACDnB,iBAAOmB,KAAP,CAAa,+BAAb;AACAnB,iBAAOM,GAAP,CAAWgB,aAAX;;AACA,cAAI,CAACtB,OAAO2D,MAAP,CAAcE,eAAd,EAAL,EAAuC;AACrChF,qBAASuF,eAAT,CAAyB1F,IAAzB,CAA8Be,KAA9B;AACAZ,qBAASkF,QAAT,CAAkBrF,IAAlB,CAAuBe,KAAvB;AACD;AACF,SAhMW;AAkMZ4E,qBAAa,YAAW;AACtB,cAAIrE,OAAO2D,MAAP,CAAcW,gBAAd,EAAJ,EAAuC;AACrCtE,mBAAOmB,KAAP,CAAa,iCAAb;AACA;AACD;;AACDnB,iBAAOmB,KAAP,CAAa,6BAAb;AACAnB,iBAAOM,GAAP,CAAW+D,WAAX;;AACA,cAAI,CAACrE,OAAO2D,MAAP,CAAcE,eAAd,EAAL,EAAuC;AACrChF,qBAAS0F,aAAT,CAAuB7F,IAAvB,CAA4Be,KAA5B;AACAZ,qBAASkF,QAAT,CAAkBrF,IAAlB,CAAuBe,KAAvB;AACD;AACF,SA7MW;AA+MZ+E,gBAAQ,YAAW;AACjB,cAAIxE,OAAOkB,EAAP,CAAUuD,OAAV,EAAJ,EAA0B;AACxBzE,mBAAOmB,KAAP,CAAa,6BAAb;AACA;AACD;;AACDnB,iBAAOmB,KAAP,CAAa,mBAAb;AACAnB,iBAAOM,GAAP,CAAWmE,OAAX;AACA5F,mBAAS6F,QAAT,CAAkBhG,IAAlB,CAAuBe,KAAvB,EAPiB,CAQjB;;AACAZ,mBAAS8F,SAAT,CAAmBjG,IAAnB,CAAwBe,KAAxB;AACD,SAzNW;AA2NZmF,iBAAS,YAAW;AAClB,cAAI5E,OAAOkB,EAAP,CAAU2D,QAAV,EAAJ,EAA2B;AACzB7E,mBAAOmB,KAAP,CAAa,8BAAb;AACA;AACD;;AACDnB,iBAAOmB,KAAP,CAAa,oBAAb;AACAnB,iBAAOM,GAAP,CAAWuE,QAAX;AACAhG,mBAASiG,SAAT,CAAmBpG,IAAnB,CAAwBe,KAAxB,EAPkB,CAQlB;;AACAZ,mBAASkG,UAAT,CAAoBrG,IAApB,CAAyBe,KAAzB;AACD,SArOW;AAuOZuF,aAAK;AACHC,kBAAQ,YAAW;AACjB,gBACEC,OAAOlF,OAAOgF,GAAP,CAAWE,IAAX,EADT;AAGA,mBAAO9H,EAAE,iBAAiB8H,IAAjB,GAAwB,IAA1B,EAAgC9D,OAAhC,CAAwCpD,SAASJ,QAAjD,CAAP;AACD,WANE;AAOHuH,uBAAa,YAAW;AACtB,mBAAOnF,OAAOgF,GAAP,CAAWC,MAAX,GAAoBG,GAApB,CAAwBhG,OAAxB,CAAP;AACD,WATE;AAUH8F,gBAAM,YAAW;AACf,mBAAO1F,OAAO6F,IAAP,CAAY,MAAZ,CAAP;AACD;AAZE,SAvOO;AAsPZnE,YAAI;AACFxB,uBAAa,YAAW;AACtB,mBAAOA,WAAP;AACD,WAHC;AAIF4F,iBAAO,YAAW;AAChB,mBAAQ9F,OAAO+F,QAAP,CAAgBxG,UAAUuG,KAA1B,KAAoC9F,OAAO6F,IAAP,CAAY,MAAZ,KAAuB,OAAnE;AACD,WANC;AAOF/D,yBAAe,YAAW;AACxB,mBAAO9B,OAAOgG,IAAP,CAAY,eAAZ,MAAiCjI,SAAjC,IAA8CiC,OAAOgG,IAAP,CAAY,eAAZ,CAArD;AACD,WATC;AAUFjE,mBAAS,YAAW;AAClB,mBAAO/B,OAAOgG,IAAP,CAAY,SAAZ,MAA2BjI,SAA3B,IAAwCiC,OAAOgG,IAAP,CAAY,SAAZ,CAA/C;AACD,WAZC;AAaFX,oBAAU,YAAW;AACnB,mBAAOrF,OAAOgG,IAAP,CAAY,UAAZ,MAA4BjI,SAA5B,IAAyCiC,OAAOgG,IAAP,CAAY,UAAZ,CAAhD;AACD,WAfC;AAgBFf,mBAAS,YAAW;AAClB,mBAAO,CAACzE,OAAOkB,EAAP,CAAU2D,QAAV,EAAR;AACD,WAlBC;AAmBFR,uBAAa,YAAW;AACtB,mBAAO,CAACrE,OAAOkB,EAAP,CAAUI,aAAV,EAAR;AACD,WArBC;AAsBF2C,qBAAW,YAAW;AACpB,mBAAO,CAACjE,OAAOkB,EAAP,CAAUK,OAAV,EAAR;AACD;AAxBC,SAtPQ;AAiRZoC,gBAAQ;AACNC,sBAAY,YAAW;AACrB,gBAAG5D,OAAOkB,EAAP,CAAUmD,WAAV,MAA2BrE,OAAOkB,EAAP,CAAUK,OAAV,EAA3B,IAAkD,CAACvB,OAAO2D,MAAP,CAAc8B,cAAd,EAAtD,EAAuF;AACrFzF,qBAAOmB,KAAP,CAAa,qDAAb;AACA,qBAAO,KAAP;AACD;;AACD,gBAAGtC,SAAS6G,aAAT,CAAuBC,KAAvB,CAA6BlG,KAA7B,MAAwC,KAA3C,EAAkD;AAChDO,qBAAOmB,KAAP,CAAa,iDAAb;AACA,qBAAO,KAAP;AACD;;AACD,mBAAO,IAAP;AACD,WAXK;AAYN6C,wBAAc,YAAW;AACvB,gBAAGhE,OAAOkB,EAAP,CAAUmD,WAAV,MAA2BrE,OAAOkB,EAAP,CAAU+C,SAAV,EAA3B,IAAoD,CAACjE,OAAO2D,MAAP,CAAc8B,cAAd,EAAxD,EAAyF;AACvFzF,qBAAOmB,KAAP,CAAa,yDAAb;AACA,qBAAO,KAAP;AACD;;AACD,gBAAGtC,SAAS+G,eAAT,CAAyBD,KAAzB,CAA+BlG,KAA/B,MAA0C,KAA7C,EAAoD;AAClDO,qBAAOmB,KAAP,CAAa,qDAAb;AACA,qBAAO,KAAP;AACD;;AACD,mBAAO,IAAP;AACD,WAtBK;AAuBNgD,8BAAoB,YAAW;AAC7B,gBAAGnE,OAAOkB,EAAP,CAAUI,aAAV,MAA6B,CAACtB,OAAO2D,MAAP,CAAc8B,cAAd,EAAjC,EAAkE;AAChEzF,qBAAOmB,KAAP,CAAa,mEAAb;AACA,qBAAO,KAAP;AACD;;AACD,gBAAGtC,SAASgH,mBAAT,CAA6BF,KAA7B,CAAmClG,KAAnC,MAA8C,KAAjD,EAAwD;AACtDO,qBAAOmB,KAAP,CAAa,+DAAb;AACA,qBAAO,KAAP;AACD;;AACD,mBAAO,IAAP;AACD,WAjCK;AAkCNmD,4BAAkB,YAAW;AAC3B,gBAAGtE,OAAOkB,EAAP,CAAUmD,WAAV,MAA2B,CAACrE,OAAO2D,MAAP,CAAc8B,cAAd,EAA/B,EAAgE;AAC9DzF,qBAAOmB,KAAP,CAAa,+DAAb;AACA,qBAAO,KAAP;AACD;;AACD,gBAAGtC,SAASiH,iBAAT,CAA2BH,KAA3B,CAAiClG,KAAjC,MAA4C,KAA/C,EAAsD;AACpDO,qBAAOmB,KAAP,CAAa,2DAAb;AACA,qBAAO,KAAP;AACD;;AACD,mBAAO,IAAP;AACD,WA5CK;AA6CNsE,0BAAgB,YAAW;AACzB,mBAAQzF,OAAOkB,EAAP,CAAUxB,WAAV,MAA2Bb,SAASkH,UAA5C;AACD,WA/CK;AAgDNlC,2BAAiB,YAAW;AAC1B,mBAAQnE,eAAe,CAACb,SAASkH,UAAjC;AACD;AAlDK,SAjRI;AAsUZC,aAAK;AACHC,kBAAQ,YAAW;AACjB,mBAAO,EAAG7G,QAAQmG,QAAR,CAAiBxG,UAAU8F,QAA3B,KAAwCzF,QAAQmG,QAAR,CAAiBxG,UAAUmH,QAA3B,CAAxC,IAAgF1G,OAAOgG,IAAP,CAAY,UAAZ,CAAhF,IAA2GhG,OAAOgG,IAAP,CAAY,UAAZ,CAA9G,CAAP;AACD,WAHE;AAIH/D,mBAAS,YAAW;AAClB,mBAAQ,OAAO5C,SAASsH,WAAhB,KAAgC,SAAjC,GACHtH,SAASsH,WADN,GAEH,CAACnG,OAAOkB,EAAP,CAAUoE,KAAV,EAFL;AAID;AATE,SAtUO;AAkVZhF,aAAK;AACHZ,uBAAa,YAAW;AACtBA,0BAAc,IAAd;AACD,WAHE;AAIH6B,mBAAS,YAAW;AAClBvB,mBAAOE,OAAP,CAAe,0BAAf;AACAd,oBACGyC,WADH,CACe9C,UAAUuC,aADzB,EAEGK,QAFH,CAEY5C,UAAUwC,OAFtB;;AAIA,gBAAIvB,OAAOkB,EAAP,CAAUoE,KAAV,EAAJ,EAAwB;AACtBtF,qBAAOoG,aAAP;AACD;;AACD,gBAAG,CAACpG,OAAOkB,EAAP,CAAUI,aAAV,EAAD,IAA8BtB,OAAOkB,EAAP,CAAUK,OAAV,EAAjC,EAAsD;AACpDvB,qBAAOmB,KAAP,CAAa,0DAAb;AACA;AACD;;AACDnB,mBAAOE,OAAP,CAAe,0BAAf,EAA2CT,KAA3C;AACAD,mBACGgG,IADH,CACQ,eADR,EACyB,KADzB,EAEGA,IAFH,CAEQ,SAFR,EAEmB,IAFnB;AAIAxF,mBAAOqG,OAAP,CAAeJ,MAAf;AACD,WAvBE;AAwBHhC,qBAAW,YAAW;AACpBjE,mBAAOE,OAAP,CAAe,wBAAf;AACAd,oBACGyC,WADH,CACe9C,UAAUuC,aADzB,EAEGO,WAFH,CAEe9C,UAAUwC,OAFzB;;AAIA,gBAAG,CAACvB,OAAOkB,EAAP,CAAUI,aAAV,EAAD,IAA+BtB,OAAOkB,EAAP,CAAU+C,SAAV,EAAlC,EAA0D;AACxDjE,qBAAOmB,KAAP,CAAa,4BAAb;AACA;AACD;;AACDnB,mBAAOmB,KAAP,CAAa,4BAAb;AACA3B,mBACGgG,IADH,CACQ,eADR,EACyB,KADzB,EAEGA,IAFH,CAEQ,SAFR,EAEmB,KAFnB;AAIAxF,mBAAOqG,OAAP,CAAeJ,MAAf;AACD,WAxCE;AAyCH3E,yBAAe,YAAW;AACxBtB,mBAAOE,OAAP,CAAe,gCAAf;AACAd,oBACGuC,QADH,CACY5C,UAAUuC,aADtB;;AAGA,gBAAItB,OAAOkB,EAAP,CAAUI,aAAV,EAAJ,EAAgC;AAC9BtB,qBAAOmB,KAAP,CAAa,gEAAb;AACA;AACD;;AACDnB,mBAAOmB,KAAP,CAAa,gCAAb;AACA3B,mBACGgG,IADH,CACQ,eADR,EACyB,IADzB;AAGAxF,mBAAOqG,OAAP,CAAeJ,MAAf;AACD,WAvDE;AAwDH5B,uBAAa,YAAW;AACtBrE,mBAAOE,OAAP,CAAe,8BAAf;AACAd,oBACGyC,WADH,CACe9C,UAAUuC,aADzB;;AAGA,gBAAItB,OAAOkB,EAAP,CAAUmD,WAAV,EAAJ,EAA8B;AAC5BrE,qBAAOmB,KAAP,CAAa,8DAAb;AACA;AACD;;AACDnB,mBAAOmB,KAAP,CAAa,8BAAb;AACA3B,mBACGgG,IADH,CACQ,eADR,EACyB,KADzB;AAGD,WArEE;AAsEHX,oBAAU,YAAW;AACnB7E,mBAAOE,OAAP,CAAe,2BAAf;AACAd,oBACGuC,QADH,CACY5C,UAAU8F,QADtB;;AAGA,gBAAI7E,OAAOkB,EAAP,CAAU2D,QAAV,EAAJ,EAA2B;AACzB7E,qBAAOmB,KAAP,CAAa,2DAAb;AACA;AACD;;AACDnB,mBAAOmB,KAAP,CAAa,2BAAb;AACA3B,mBACGgG,IADH,CACQ,UADR,EACoB,UADpB;AAGAxF,mBAAOqG,OAAP,CAAeJ,MAAf;AACD,WApFE;AAqFHxB,mBAAS,YAAW;AAClBzE,mBAAOE,OAAP,CAAe,yBAAf;AACAd,oBAAQyC,WAAR,CAAoB9C,UAAU8F,QAA9B;;AACA,gBAAI7E,OAAOkB,EAAP,CAAUuD,OAAV,EAAJ,EAA0B;AACxBzE,qBAAOmB,KAAP,CAAa,0DAAb;AACA;AACD;;AACDnB,mBAAOmB,KAAP,CAAa,0BAAb;AACA3B,mBACGgG,IADH,CACQ,UADR,EACoB,KADpB;AAGAxF,mBAAOqG,OAAP,CAAeJ,MAAf;AACD,WAjGE;AAkGH1F,oBAAU,YAAW;AACnBP,mBAAOE,OAAP,CAAe,6BAAf;;AACA,gBAAIV,OAAO6F,IAAP,CAAY,UAAZ,MAA4B9H,SAAhC,EAA2C;AACzCiC,qBAAO6F,IAAP,CAAY,UAAZ,EAAwB,CAAxB;AACD;AACF;AAvGE,SAlVO;AA4bZ3D,gBAAQ;AACNhC,uBAAa,YAAW;AACtBA,0BAAc,KAAd;AACD;AAHK,SA5bI;AAkcZ2G,iBAAS;AACPJ,kBAAQ,YAAW;AACjB,gBACE5F,SAAe/C,SAASgJ,WAAT,CAAqB,YAArB,CADjB;AAAA,gBAEEC,eAAe/G,OAAO,CAAP,CAFjB;;AAIA,gBAAG+G,YAAH,EAAiB;AACfvG,qBAAOE,OAAP,CAAe,gCAAf;AACAG,qBAAOmG,SAAP,CAAiB,QAAjB,EAA2B,IAA3B,EAAiC,KAAjC;AACAD,2BAAaE,aAAb,CAA2BpG,MAA3B;AACD;AACF;AAXM,SAlcG;AAidZF,gBAAQ;AACNZ,iBAAO,YAAW;AAChB,gBAAGC,OAAOkH,OAAP,CAAe1I,SAASuB,KAAxB,EAA+BiD,MAA/B,GAAwC,CAA3C,EAA8C;AAC5ChD,qBAAOmH,IAAP,CAAY3I,SAASuB,KAArB,EAA4BqH,MAA5B,GAAqCC,WAArC,CAAiDrH,MAAjD;AACAQ,qBAAOmB,KAAP,CAAa,uBAAb,EAAsC9B,MAAtC;AACD,aAHD,MAIK,IAAI,CAACW,OAAO8G,GAAP,CAAWvH,KAAX,EAAL,EAA0B;AAC7BF,uBAASjC,EAAE,SAAF,EAAayJ,WAAb,CAAyBrH,MAAzB,CAAT;AACAQ,qBAAOmB,KAAP,CAAa,gBAAb,EAA+B9B,MAA/B;AACD;AACF;AAVK,SAjdI;AA8dZyH,aAAK;AACHvH,iBAAO,YAAW;AAChB,mBAAQF,OAAOmD,MAAP,GAAgB,CAAxB;AACD;AAHE,SA9dO;AAoeZpC,cAAM;AACJC,kBAAQ,YAAW;AACjBL,mBAAOE,OAAP,CAAe,2BAAf;AACAd,oBACGqD,EADH,CACM,UAAYvD,cADlB,EACkCc,OAAOoC,KAAP,CAAaO,KAD/C,EAEGF,EAFH,CAEM,YAAYvD,cAFlB,EAEkClB,SAASyB,KAF3C,EAEkDO,OAAOoC,KAAP,CAAaa,OAF/D,EAGGR,EAHH,CAGM,UAAYvD,cAHlB,EAGkClB,SAASyB,KAH3C,EAGkDO,OAAOoC,KAAP,CAAasB,KAH/D;AAKD;AARG,SApeM;AA+eZ7C,gBAAQ;AACNR,kBAAQ,YAAW;AACjBL,mBAAOmB,KAAP,CAAa,iBAAb;AACA/B,oBACG2H,GADH,CACO7H,cADP;AAGD;AANK,SA/eI;AAwfZkH,uBAAe,YAAW;AACxB,cACEY,UAAUhH,OAAOgF,GAAP,CAAWG,WAAX,EADZ;AAGAnF,iBAAOmB,KAAP,CAAa,yBAAb,EAAwC6F,OAAxC;AACAA,kBAAQnF,WAAR,CAAoB9C,UAAUwC,OAA9B;AACD,SA9fW;AAggBZgB,gBAAQ,YAAW;AACjB,cAAI,CAACvC,OAAOgG,GAAP,CAAWC,MAAX,EAAL,EAA2B;AACzB,gBAAG,CAACjG,OAAOkB,EAAP,CAAUoE,KAAV,EAAJ,EAAuB;AACrBtF,qBAAOmB,KAAP,CAAa,oDAAb;AACD;;AACD;AACD;;AACD,cAAInB,OAAOkB,EAAP,CAAUI,aAAV,MAA6BtB,OAAOkB,EAAP,CAAU+C,SAAV,EAAjC,EAAyD;AACvDjE,mBAAOmB,KAAP,CAAa,qBAAb;AACAnB,mBAAOwB,KAAP;AACD,WAHD,MAIK,IAAIxB,OAAOkB,EAAP,CAAUK,OAAV,MAAuBvB,OAAOgG,GAAP,CAAWvE,OAAX,EAA3B,EAAkD;AACrDzB,mBAAOmB,KAAP,CAAa,mBAAb;AACAnB,mBAAOyB,OAAP;AACD;AACF,SA/gBW;AAghBZwF,iBAAS,UAAS/B,IAAT,EAAegC,KAAf,EAAsB;AAC7BlH,iBAAOmB,KAAP,CAAa,kBAAb,EAAiC+D,IAAjC,EAAuCgC,KAAvC;;AACA,cAAI9J,EAAE+J,aAAF,CAAgBjC,IAAhB,CAAJ,EAA4B;AAC1B9H,cAAE0B,MAAF,CAAS,IAAT,EAAeD,QAAf,EAAyBqG,IAAzB;AACD,WAFD,MAGK,IAAGgC,UAAU3J,SAAb,EAAwB;AAC3B,gBAAGH,EAAE+J,aAAF,CAAgBtI,SAASqG,IAAT,CAAhB,CAAH,EAAoC;AAClC9H,gBAAE0B,MAAF,CAAS,IAAT,EAAeD,SAASqG,IAAT,CAAf,EAA+BgC,KAA/B;AACD,aAFD,MAGK;AACHrI,uBAASqG,IAAT,IAAiBgC,KAAjB;AACD;AACF,WAPI,MAQA;AACH,mBAAOrI,SAASqG,IAAT,CAAP;AACD;AACF,SAhiBW;AAiiBZkC,kBAAU,UAASlC,IAAT,EAAegC,KAAf,EAAsB;AAC9B,cAAI9J,EAAE+J,aAAF,CAAgBjC,IAAhB,CAAJ,EAA4B;AAC1B9H,cAAE0B,MAAF,CAAS,IAAT,EAAekB,MAAf,EAAuBkF,IAAvB;AACD,WAFD,MAGK,IAAGgC,UAAU3J,SAAb,EAAwB;AAC3ByC,mBAAOkF,IAAP,IAAegC,KAAf;AACD,WAFI,MAGA;AACH,mBAAOlH,OAAOkF,IAAP,CAAP;AACD;AACF,SA3iBW;AA4iBZ/D,eAAO,YAAW;AAChB,cAAG,CAACtC,SAASwI,MAAV,IAAoBxI,SAASsC,KAAhC,EAAuC;AACrC,gBAAGtC,SAAST,WAAZ,EAAyB;AACvB4B,qBAAO5B,WAAP,CAAmBkJ,GAAnB,CAAuBhJ,SAAvB;AACD,aAFD,MAGK;AACH0B,qBAAOmB,KAAP,GAAezD,SAAS6J,SAAT,CAAmBnH,IAAnB,CAAwB1B,IAAxB,CAA6B8I,QAAQC,IAArC,EAA2CD,OAA3C,EAAoD3I,SAASqG,IAAT,GAAgB,GAApE,CAAf;AACAlF,qBAAOmB,KAAP,CAAawE,KAAb,CAAmB6B,OAAnB,EAA4BlJ,SAA5B;AACD;AACF;AACF,SAtjBW;AAujBZ4B,iBAAS,YAAW;AAClB,cAAG,CAACrB,SAASwI,MAAV,IAAoBxI,SAASqB,OAA7B,IAAwCrB,SAASsC,KAApD,EAA2D;AACzD,gBAAGtC,SAAST,WAAZ,EAAyB;AACvB4B,qBAAO5B,WAAP,CAAmBkJ,GAAnB,CAAuBhJ,SAAvB;AACD,aAFD,MAGK;AACH0B,qBAAOE,OAAP,GAAiBxC,SAAS6J,SAAT,CAAmBnH,IAAnB,CAAwB1B,IAAxB,CAA6B8I,QAAQC,IAArC,EAA2CD,OAA3C,EAAoD3I,SAASqG,IAAT,GAAgB,GAApE,CAAjB;AACAlF,qBAAOE,OAAP,CAAeyF,KAAf,CAAqB6B,OAArB,EAA8BlJ,SAA9B;AACD;AACF;AACF,SAjkBW;AAkkBZW,eAAO,YAAW;AAChB,cAAG,CAACJ,SAASwI,MAAb,EAAqB;AACnBrH,mBAAOf,KAAP,GAAevB,SAAS6J,SAAT,CAAmBnH,IAAnB,CAAwB1B,IAAxB,CAA6B8I,QAAQvI,KAArC,EAA4CuI,OAA5C,EAAqD3I,SAASqG,IAAT,GAAgB,GAArE,CAAf;AACAlF,mBAAOf,KAAP,CAAa0G,KAAb,CAAmB6B,OAAnB,EAA4BlJ,SAA5B;AACD;AACF,SAvkBW;AAwkBZF,qBAAa;AACXkJ,eAAK,UAASI,OAAT,EAAkB;AACrB,gBACEC,WADF,EAEEC,aAFF,EAGEC,YAHF;;AAKA,gBAAGhJ,SAAST,WAAZ,EAAyB;AACvBuJ,4BAAgB,IAAIzJ,IAAJ,GAAWC,OAAX,EAAhB;AACA0J,6BAAgB5J,QAAQ0J,WAAxB;AACAC,8BAAgBD,cAAcE,YAA9B;AACA5J,qBAAgB0J,WAAhB;AACAvJ,0BAAY0J,IAAZ,CAAiB;AACf,wBAAmBJ,QAAQ,CAAR,CADJ;AAEf,6BAAmB,GAAGjJ,KAAH,CAASC,IAAT,CAAcgJ,OAAd,EAAuB,CAAvB,KAA6B,EAFjC;AAGf,2BAAmB3H,OAHJ;AAIf,kCAAmB6H;AAJJ,eAAjB;AAMD;;AACDG,yBAAa/H,OAAO5B,WAAP,CAAmB4J,KAAhC;AACAhI,mBAAO5B,WAAP,CAAmB4J,KAAnB,GAA2BC,WAAWjI,OAAO5B,WAAP,CAAmB8J,OAA9B,EAAuC,GAAvC,CAA3B;AACD,WArBU;AAsBXA,mBAAS,YAAW;AAClB,gBACEC,QAAQtJ,SAASqG,IAAT,GAAgB,GAD1B;AAAA,gBAEEkD,YAAY,CAFd;AAIAnK,mBAAO,KAAP;AACA8J,yBAAa/H,OAAO5B,WAAP,CAAmB4J,KAAhC;AACA5K,cAAEwB,IAAF,CAAOR,WAAP,EAAoB,UAASiK,KAAT,EAAgBxI,IAAhB,EAAsB;AACxCuI,2BAAavI,KAAK,gBAAL,CAAb;AACD,aAFD;AAGAsI,qBAAS,MAAMC,SAAN,GAAkB,IAA3B;;AACA,gBAAGrK,cAAH,EAAmB;AACjBoK,uBAAS,QAAQpK,cAAR,GAAyB,IAAlC;AACD;;AACD,gBAAI,CAACyJ,QAAQc,KAAR,KAAkB/K,SAAlB,IAA+BiK,QAAQe,KAAR,KAAkBhL,SAAlD,KAAgEa,YAAYoE,MAAZ,GAAqB,CAAzF,EAA4F;AAC1FgF,sBAAQgB,cAAR,CAAuBL,KAAvB;;AACA,kBAAGX,QAAQe,KAAX,EAAkB;AAChBf,wBAAQe,KAAR,CAAcnK,WAAd;AACD,eAFD,MAGK;AACHhB,kBAAEwB,IAAF,CAAOR,WAAP,EAAoB,UAASiK,KAAT,EAAgBxI,IAAhB,EAAsB;AACxC2H,0BAAQF,GAAR,CAAYzH,KAAK,MAAL,IAAe,IAAf,GAAsBA,KAAK,gBAAL,CAAtB,GAA6C,IAAzD;AACD,iBAFD;AAGD;;AACD2H,sBAAQiB,QAAR;AACD;;AACDrK,0BAAc,EAAd;AACD;AAjDU,SAxkBD;AA2nBZsK,gBAAQ,UAASrK,KAAT,EAAgBsK,eAAhB,EAAiCC,OAAjC,EAA0C;AAChD,cACEC,SAASjJ,QADX;AAAA,cAEEkJ,QAFF;AAAA,cAGEC,KAHF;AAAA,cAIEC,QAJF;AAMAL,4BAAkBA,mBAAmBnK,cAArC;AACAoK,oBAAkB7I,WAAmB6I,OAArC;;AACA,cAAG,OAAOvK,KAAP,IAAgB,QAAhB,IAA4BwK,WAAWtL,SAA1C,EAAqD;AACnDc,oBAAWA,MAAM4K,KAAN,CAAY,OAAZ,CAAX;AACAH,uBAAWzK,MAAMmE,MAAN,GAAe,CAA1B;AACApF,cAAEwB,IAAF,CAAOP,KAAP,EAAc,UAAS6K,KAAT,EAAgBhC,KAAhB,EAAuB;AACnC,kBAAIiC,iBAAkBD,SAASJ,QAAV,GACjB5B,QAAQ7I,MAAM6K,QAAQ,CAAd,EAAiBE,MAAjB,CAAwB,CAAxB,EAA2BC,WAA3B,EAAR,GAAmDhL,MAAM6K,QAAQ,CAAd,EAAiBzK,KAAjB,CAAuB,CAAvB,CADlC,GAEjBJ,KAFJ;;AAIA,kBAAIjB,EAAE+J,aAAF,CAAiB0B,OAAOM,cAAP,CAAjB,KAA8CD,SAASJ,QAA3D,EAAuE;AACrED,yBAASA,OAAOM,cAAP,CAAT;AACD,eAFD,MAGK,IAAIN,OAAOM,cAAP,MAA2B5L,SAA/B,EAA2C;AAC9CwL,wBAAQF,OAAOM,cAAP,CAAR;AACA,uBAAO,KAAP;AACD,eAHI,MAIA,IAAI/L,EAAE+J,aAAF,CAAiB0B,OAAO3B,KAAP,CAAjB,KAAqCgC,SAASJ,QAAlD,EAA8D;AACjED,yBAASA,OAAO3B,KAAP,CAAT;AACD,eAFI,MAGA,IAAI2B,OAAO3B,KAAP,MAAkB3J,SAAtB,EAAkC;AACrCwL,wBAAQF,OAAO3B,KAAP,CAAR;AACA,uBAAO,KAAP;AACD,eAHI,MAIA;AACHlH,uBAAOf,KAAP,CAAaA,MAAMqK,MAAnB,EAA2BjL,KAA3B;AACA,uBAAO,KAAP;AACD;AACF,aAvBD;AAwBD;;AACD,cAAKjB,EAAEkF,UAAF,CAAcyG,KAAd,CAAL,EAA6B;AAC3BC,uBAAWD,MAAMpD,KAAN,CAAYiD,OAAZ,EAAqBD,eAArB,CAAX;AACD,WAFD,MAGK,IAAGI,UAAUxL,SAAb,EAAwB;AAC3ByL,uBAAWD,KAAX;AACD;;AACD,cAAG3L,EAAEmM,OAAF,CAAU5K,aAAV,CAAH,EAA6B;AAC3BA,0BAAcmJ,IAAd,CAAmBkB,QAAnB;AACD,WAFD,MAGK,IAAGrK,kBAAkBpB,SAArB,EAAgC;AACnCoB,4BAAgB,CAACA,aAAD,EAAgBqK,QAAhB,CAAhB;AACD,WAFI,MAGA,IAAGA,aAAazL,SAAhB,EAA2B;AAC9BoB,4BAAgBqK,QAAhB;AACD;;AACD,iBAAOD,KAAP;AACD;AAhrBW,OAAd;;AAmrBA,UAAGxK,aAAH,EAAkB;AAChB,YAAGqB,aAAarC,SAAhB,EAA2B;AACzByC,iBAAOC,UAAP;AACD;;AACDD,eAAO0I,MAAP,CAAcrK,KAAd;AACD,OALD,MAMK;AACH,YAAGuB,aAAarC,SAAhB,EAA2B;AACzBqC,mBAAS8I,MAAT,CAAgB,SAAhB;AACD;;AACD1I,eAAOC,UAAP;AACD;AACF,KA1tBH;AA6tBA,WAAQtB,kBAAkBpB,SAAnB,GACHoB,aADG,GAEH,IAFJ;AAID,GA/uBD;;AAivBAvB,IAAEO,EAAF,CAAKC,QAAL,CAAciB,QAAd,GAAyB;AAEvBqG,UAAsB,UAFC;AAGvBlG,eAAsB,UAHC;AAKvBqI,YAAsB,KALC;AAMvBlG,WAAsB,KANC;AAOvBjB,aAAsB,IAPC;AAQvB9B,iBAAsB,IARC;AAUvB;AACA+H,iBAAsB,MAXC;AAYvBJ,gBAAsB,KAZC;AAcvBhC,cAAsB,YAAU,CAAE,CAdX;AAgBvB2B,mBAAsB,YAAU,CAAE,CAhBX;AAiBvBE,qBAAsB,YAAU,CAAE,CAjBX;AAkBvBE,uBAAsB,YAAU,CAAE,CAlBX;AAmBvBD,yBAAsB,YAAU,CAAE,CAnBX;AAqBvB/B,eAAsB,YAAU,CAAE,CArBX;AAsBvBI,iBAAsB,YAAU,CAAE,CAtBX;AAwBvBK,mBAAsB,YAAW,CAAE,CAxBZ;AAyBvBH,qBAAsB,YAAW,CAAE,CAzBZ;AA2BvBM,cAAsB,YAAU,CAAE,CA3BX;AA4BvBI,eAAsB,YAAU,CAAE,CA5BX;AA8BvB;AACAH,eAAsB,YAAU,CAAE,CA/BX;AAgCvBI,gBAAsB,YAAU,CAAE,CAhCX;AAkCvBhG,eAAkB;AAChBwC,eAAgB,SADA;AAEhBD,qBAAgB,eAFA;AAGhBuD,gBAAgB,UAHA;AAIhBjD,cAAgB,QAJA;AAKhB0D,aAAgB,OALA;AAMhBY,gBAAgB;AANA,KAlCK;AA2CvBjH,WAAY;AACVqK,cAAe;AADL,KA3CW;AA+CvBtL,cAAW;AACTJ,gBAAW,cADF;AAET2B,aAAW,aAFF;AAGTE,aAAW,6CAHF;AAITqD,YAAW;AAJF;AA/CY,GAAzB;AAwDC,CApzBA,EAozBG0G,MApzBH,EAozBWnM,MApzBX,EAozBmBC,QApzBnB","file":"client/lib/semantic-ui/definitions/modules/checkbox.js.map","sourcesContent":["/*\n  DO NOT MODIFY - This file has been generated and will be regenerated\n  Semantic UI v2.2.1\n*/\n/*!\n * # Semantic UI - Checkbox\n * http://github.com/semantic-org/semantic-ui/\n *\n *\n * Released under the MIT license\n * http://opensource.org/licenses/MIT\n *\n */\n\n;(function ($, window, document, undefined) {\n\n\"use strict\";\n\nwindow = (typeof window != 'undefined' && window.Math == Math)\n  ? window\n  : (typeof self != 'undefined' && self.Math == Math)\n    ? self\n    : Function('return this')()\n;\n\n$.fn.checkbox = function(parameters) {\n  var\n    $allModules    = $(this),\n    moduleSelector = $allModules.selector || '',\n\n    time           = new Date().getTime(),\n    performance    = [],\n\n    query          = arguments[0],\n    methodInvoked  = (typeof query == 'string'),\n    queryArguments = [].slice.call(arguments, 1),\n    returnedValue\n  ;\n\n  $allModules\n    .each(function() {\n      var\n        settings        = $.extend(true, {}, $.fn.checkbox.settings, parameters),\n\n        className       = settings.className,\n        namespace       = settings.namespace,\n        selector        = settings.selector,\n        error           = settings.error,\n\n        eventNamespace  = '.' + namespace,\n        moduleNamespace = 'module-' + namespace,\n\n        $module         = $(this),\n        $label          = $(this).children(selector.label),\n        $input          = $(this).children(selector.input),\n        input           = $input[0],\n\n        initialLoad     = false,\n        shortcutPressed = false,\n        instance        = $module.data(moduleNamespace),\n\n        observer,\n        element         = this,\n        module\n      ;\n\n      module      = {\n\n        initialize: function() {\n          module.verbose('Initializing checkbox', settings);\n\n          module.create.label();\n          module.bind.events();\n\n          module.set.tabbable();\n          module.hide.input();\n\n          module.observeChanges();\n          module.instantiate();\n          module.setup();\n        },\n\n        instantiate: function() {\n          module.verbose('Storing instance of module', module);\n          instance = module;\n          $module\n            .data(moduleNamespace, module)\n          ;\n        },\n\n        destroy: function() {\n          module.verbose('Destroying module');\n          module.unbind.events();\n          module.show.input();\n          $module.removeData(moduleNamespace);\n        },\n\n        fix: {\n          reference: function() {\n            if( $module.is(selector.input) ) {\n              module.debug('Behavior called on <input> adjusting invoked element');\n              $module = $module.closest(selector.checkbox);\n              module.refresh();\n            }\n          }\n        },\n\n        setup: function() {\n          module.set.initialLoad();\n          if( module.is.indeterminate() ) {\n            module.debug('Initial value is indeterminate');\n            module.indeterminate();\n          }\n          else if( module.is.checked() ) {\n            module.debug('Initial value is checked');\n            module.check();\n          }\n          else {\n            module.debug('Initial value is unchecked');\n            module.uncheck();\n          }\n          module.remove.initialLoad();\n        },\n\n        refresh: function() {\n          $label = $module.children(selector.label);\n          $input = $module.children(selector.input);\n          input  = $input[0];\n        },\n\n        hide: {\n          input: function() {\n            module.verbose('Modifying <input> z-index to be unselectable');\n            $input.addClass(className.hidden);\n          }\n        },\n        show: {\n          input: function() {\n            module.verbose('Modifying <input> z-index to be selectable');\n            $input.removeClass(className.hidden);\n          }\n        },\n\n        observeChanges: function() {\n          if('MutationObserver' in window) {\n            observer = new MutationObserver(function(mutations) {\n              module.debug('DOM tree modified, updating selector cache');\n              module.refresh();\n            });\n            observer.observe(element, {\n              childList : true,\n              subtree   : true\n            });\n            module.debug('Setting up mutation observer', observer);\n          }\n        },\n\n        attachEvents: function(selector, event) {\n          var\n            $element = $(selector)\n          ;\n          event = $.isFunction(module[event])\n            ? module[event]\n            : module.toggle\n          ;\n          if($element.length > 0) {\n            module.debug('Attaching checkbox events to element', selector, event);\n            $element\n              .on('click' + eventNamespace, event)\n            ;\n          }\n          else {\n            module.error(error.notFound);\n          }\n        },\n\n        event: {\n          click: function(event) {\n            var\n              $target = $(event.target)\n            ;\n            if( $target.is(selector.input) ) {\n              module.verbose('Using default check action on initialized checkbox');\n              return;\n            }\n            if( $target.is(selector.link) ) {\n              module.debug('Clicking link inside checkbox, skipping toggle');\n              return;\n            }\n            module.toggle();\n            $input.focus();\n            event.preventDefault();\n          },\n          keydown: function(event) {\n            var\n              key     = event.which,\n              keyCode = {\n                enter  : 13,\n                space  : 32,\n                escape : 27\n              }\n            ;\n            if(key == keyCode.escape) {\n              module.verbose('Escape key pressed blurring field');\n              $input.blur();\n              shortcutPressed = true;\n            }\n            else if(!event.ctrlKey && ( key == keyCode.space || key == keyCode.enter) ) {\n              module.verbose('Enter/space key pressed, toggling checkbox');\n              module.toggle();\n              shortcutPressed = true;\n            }\n            else {\n              shortcutPressed = false;\n            }\n          },\n          keyup: function(event) {\n            if(shortcutPressed) {\n              event.preventDefault();\n            }\n          }\n        },\n\n        check: function() {\n          if( !module.should.allowCheck() ) {\n            return;\n          }\n          module.debug('Checking checkbox', $input);\n          module.set.checked();\n          if( !module.should.ignoreCallbacks() ) {\n            settings.onChecked.call(input);\n            settings.onChange.call(input);\n          }\n        },\n\n        uncheck: function() {\n          if( !module.should.allowUncheck() ) {\n            return;\n          }\n          module.debug('Unchecking checkbox');\n          module.set.unchecked();\n          if( !module.should.ignoreCallbacks() ) {\n            settings.onUnchecked.call(input);\n            settings.onChange.call(input);\n          }\n        },\n\n        indeterminate: function() {\n          if( module.should.allowIndeterminate() ) {\n            module.debug('Checkbox is already indeterminate');\n            return;\n          }\n          module.debug('Making checkbox indeterminate');\n          module.set.indeterminate();\n          if( !module.should.ignoreCallbacks() ) {\n            settings.onIndeterminate.call(input);\n            settings.onChange.call(input);\n          }\n        },\n\n        determinate: function() {\n          if( module.should.allowDeterminate() ) {\n            module.debug('Checkbox is already determinate');\n            return;\n          }\n          module.debug('Making checkbox determinate');\n          module.set.determinate();\n          if( !module.should.ignoreCallbacks() ) {\n            settings.onDeterminate.call(input);\n            settings.onChange.call(input);\n          }\n        },\n\n        enable: function() {\n          if( module.is.enabled() ) {\n            module.debug('Checkbox is already enabled');\n            return;\n          }\n          module.debug('Enabling checkbox');\n          module.set.enabled();\n          settings.onEnable.call(input);\n          // preserve legacy callbacks\n          settings.onEnabled.call(input);\n        },\n\n        disable: function() {\n          if( module.is.disabled() ) {\n            module.debug('Checkbox is already disabled');\n            return;\n          }\n          module.debug('Disabling checkbox');\n          module.set.disabled();\n          settings.onDisable.call(input);\n          // preserve legacy callbacks\n          settings.onDisabled.call(input);\n        },\n\n        get: {\n          radios: function() {\n            var\n              name = module.get.name()\n            ;\n            return $('input[name=\"' + name + '\"]').closest(selector.checkbox);\n          },\n          otherRadios: function() {\n            return module.get.radios().not($module);\n          },\n          name: function() {\n            return $input.attr('name');\n          }\n        },\n\n        is: {\n          initialLoad: function() {\n            return initialLoad;\n          },\n          radio: function() {\n            return ($input.hasClass(className.radio) || $input.attr('type') == 'radio');\n          },\n          indeterminate: function() {\n            return $input.prop('indeterminate') !== undefined && $input.prop('indeterminate');\n          },\n          checked: function() {\n            return $input.prop('checked') !== undefined && $input.prop('checked');\n          },\n          disabled: function() {\n            return $input.prop('disabled') !== undefined && $input.prop('disabled');\n          },\n          enabled: function() {\n            return !module.is.disabled();\n          },\n          determinate: function() {\n            return !module.is.indeterminate();\n          },\n          unchecked: function() {\n            return !module.is.checked();\n          }\n        },\n\n        should: {\n          allowCheck: function() {\n            if(module.is.determinate() && module.is.checked() && !module.should.forceCallbacks() ) {\n              module.debug('Should not allow check, checkbox is already checked');\n              return false;\n            }\n            if(settings.beforeChecked.apply(input) === false) {\n              module.debug('Should not allow check, beforeChecked cancelled');\n              return false;\n            }\n            return true;\n          },\n          allowUncheck: function() {\n            if(module.is.determinate() && module.is.unchecked() && !module.should.forceCallbacks() ) {\n              module.debug('Should not allow uncheck, checkbox is already unchecked');\n              return false;\n            }\n            if(settings.beforeUnchecked.apply(input) === false) {\n              module.debug('Should not allow uncheck, beforeUnchecked cancelled');\n              return false;\n            }\n            return true;\n          },\n          allowIndeterminate: function() {\n            if(module.is.indeterminate() && !module.should.forceCallbacks() ) {\n              module.debug('Should not allow indeterminate, checkbox is already indeterminate');\n              return false;\n            }\n            if(settings.beforeIndeterminate.apply(input) === false) {\n              module.debug('Should not allow indeterminate, beforeIndeterminate cancelled');\n              return false;\n            }\n            return true;\n          },\n          allowDeterminate: function() {\n            if(module.is.determinate() && !module.should.forceCallbacks() ) {\n              module.debug('Should not allow determinate, checkbox is already determinate');\n              return false;\n            }\n            if(settings.beforeDeterminate.apply(input) === false) {\n              module.debug('Should not allow determinate, beforeDeterminate cancelled');\n              return false;\n            }\n            return true;\n          },\n          forceCallbacks: function() {\n            return (module.is.initialLoad() && settings.fireOnInit);\n          },\n          ignoreCallbacks: function() {\n            return (initialLoad && !settings.fireOnInit);\n          }\n        },\n\n        can: {\n          change: function() {\n            return !( $module.hasClass(className.disabled) || $module.hasClass(className.readOnly) || $input.prop('disabled') || $input.prop('readonly') );\n          },\n          uncheck: function() {\n            return (typeof settings.uncheckable === 'boolean')\n              ? settings.uncheckable\n              : !module.is.radio()\n            ;\n          }\n        },\n\n        set: {\n          initialLoad: function() {\n            initialLoad = true;\n          },\n          checked: function() {\n            module.verbose('Setting class to checked');\n            $module\n              .removeClass(className.indeterminate)\n              .addClass(className.checked)\n            ;\n            if( module.is.radio() ) {\n              module.uncheckOthers();\n            }\n            if(!module.is.indeterminate() && module.is.checked()) {\n              module.debug('Input is already checked, skipping input property change');\n              return;\n            }\n            module.verbose('Setting state to checked', input);\n            $input\n              .prop('indeterminate', false)\n              .prop('checked', true)\n            ;\n            module.trigger.change();\n          },\n          unchecked: function() {\n            module.verbose('Removing checked class');\n            $module\n              .removeClass(className.indeterminate)\n              .removeClass(className.checked)\n            ;\n            if(!module.is.indeterminate() &&  module.is.unchecked() ) {\n              module.debug('Input is already unchecked');\n              return;\n            }\n            module.debug('Setting state to unchecked');\n            $input\n              .prop('indeterminate', false)\n              .prop('checked', false)\n            ;\n            module.trigger.change();\n          },\n          indeterminate: function() {\n            module.verbose('Setting class to indeterminate');\n            $module\n              .addClass(className.indeterminate)\n            ;\n            if( module.is.indeterminate() ) {\n              module.debug('Input is already indeterminate, skipping input property change');\n              return;\n            }\n            module.debug('Setting state to indeterminate');\n            $input\n              .prop('indeterminate', true)\n            ;\n            module.trigger.change();\n          },\n          determinate: function() {\n            module.verbose('Removing indeterminate class');\n            $module\n              .removeClass(className.indeterminate)\n            ;\n            if( module.is.determinate() ) {\n              module.debug('Input is already determinate, skipping input property change');\n              return;\n            }\n            module.debug('Setting state to determinate');\n            $input\n              .prop('indeterminate', false)\n            ;\n          },\n          disabled: function() {\n            module.verbose('Setting class to disabled');\n            $module\n              .addClass(className.disabled)\n            ;\n            if( module.is.disabled() ) {\n              module.debug('Input is already disabled, skipping input property change');\n              return;\n            }\n            module.debug('Setting state to disabled');\n            $input\n              .prop('disabled', 'disabled')\n            ;\n            module.trigger.change();\n          },\n          enabled: function() {\n            module.verbose('Removing disabled class');\n            $module.removeClass(className.disabled);\n            if( module.is.enabled() ) {\n              module.debug('Input is already enabled, skipping input property change');\n              return;\n            }\n            module.debug('Setting state to enabled');\n            $input\n              .prop('disabled', false)\n            ;\n            module.trigger.change();\n          },\n          tabbable: function() {\n            module.verbose('Adding tabindex to checkbox');\n            if( $input.attr('tabindex') === undefined) {\n              $input.attr('tabindex', 0);\n            }\n          }\n        },\n\n        remove: {\n          initialLoad: function() {\n            initialLoad = false;\n          }\n        },\n\n        trigger: {\n          change: function() {\n            var\n              events       = document.createEvent('HTMLEvents'),\n              inputElement = $input[0]\n            ;\n            if(inputElement) {\n              module.verbose('Triggering native change event');\n              events.initEvent('change', true, false);\n              inputElement.dispatchEvent(events);\n            }\n          }\n        },\n\n\n        create: {\n          label: function() {\n            if($input.prevAll(selector.label).length > 0) {\n              $input.prev(selector.label).detach().insertAfter($input);\n              module.debug('Moving existing label', $label);\n            }\n            else if( !module.has.label() ) {\n              $label = $('<label>').insertAfter($input);\n              module.debug('Creating label', $label);\n            }\n          }\n        },\n\n        has: {\n          label: function() {\n            return ($label.length > 0);\n          }\n        },\n\n        bind: {\n          events: function() {\n            module.verbose('Attaching checkbox events');\n            $module\n              .on('click'   + eventNamespace, module.event.click)\n              .on('keydown' + eventNamespace, selector.input, module.event.keydown)\n              .on('keyup'   + eventNamespace, selector.input, module.event.keyup)\n            ;\n          }\n        },\n\n        unbind: {\n          events: function() {\n            module.debug('Removing events');\n            $module\n              .off(eventNamespace)\n            ;\n          }\n        },\n\n        uncheckOthers: function() {\n          var\n            $radios = module.get.otherRadios()\n          ;\n          module.debug('Unchecking other radios', $radios);\n          $radios.removeClass(className.checked);\n        },\n\n        toggle: function() {\n          if( !module.can.change() ) {\n            if(!module.is.radio()) {\n              module.debug('Checkbox is read-only or disabled, ignoring toggle');\n            }\n            return;\n          }\n          if( module.is.indeterminate() || module.is.unchecked() ) {\n            module.debug('Currently unchecked');\n            module.check();\n          }\n          else if( module.is.checked() && module.can.uncheck() ) {\n            module.debug('Currently checked');\n            module.uncheck();\n          }\n        },\n        setting: function(name, value) {\n          module.debug('Changing setting', name, value);\n          if( $.isPlainObject(name) ) {\n            $.extend(true, settings, name);\n          }\n          else if(value !== undefined) {\n            if($.isPlainObject(settings[name])) {\n              $.extend(true, settings[name], value);\n            }\n            else {\n              settings[name] = value;\n            }\n          }\n          else {\n            return settings[name];\n          }\n        },\n        internal: function(name, value) {\n          if( $.isPlainObject(name) ) {\n            $.extend(true, module, name);\n          }\n          else if(value !== undefined) {\n            module[name] = value;\n          }\n          else {\n            return module[name];\n          }\n        },\n        debug: function() {\n          if(!settings.silent && settings.debug) {\n            if(settings.performance) {\n              module.performance.log(arguments);\n            }\n            else {\n              module.debug = Function.prototype.bind.call(console.info, console, settings.name + ':');\n              module.debug.apply(console, arguments);\n            }\n          }\n        },\n        verbose: function() {\n          if(!settings.silent && settings.verbose && settings.debug) {\n            if(settings.performance) {\n              module.performance.log(arguments);\n            }\n            else {\n              module.verbose = Function.prototype.bind.call(console.info, console, settings.name + ':');\n              module.verbose.apply(console, arguments);\n            }\n          }\n        },\n        error: function() {\n          if(!settings.silent) {\n            module.error = Function.prototype.bind.call(console.error, console, settings.name + ':');\n            module.error.apply(console, arguments);\n          }\n        },\n        performance: {\n          log: function(message) {\n            var\n              currentTime,\n              executionTime,\n              previousTime\n            ;\n            if(settings.performance) {\n              currentTime   = new Date().getTime();\n              previousTime  = time || currentTime;\n              executionTime = currentTime - previousTime;\n              time          = currentTime;\n              performance.push({\n                'Name'           : message[0],\n                'Arguments'      : [].slice.call(message, 1) || '',\n                'Element'        : element,\n                'Execution Time' : executionTime\n              });\n            }\n            clearTimeout(module.performance.timer);\n            module.performance.timer = setTimeout(module.performance.display, 500);\n          },\n          display: function() {\n            var\n              title = settings.name + ':',\n              totalTime = 0\n            ;\n            time = false;\n            clearTimeout(module.performance.timer);\n            $.each(performance, function(index, data) {\n              totalTime += data['Execution Time'];\n            });\n            title += ' ' + totalTime + 'ms';\n            if(moduleSelector) {\n              title += ' \\'' + moduleSelector + '\\'';\n            }\n            if( (console.group !== undefined || console.table !== undefined) && performance.length > 0) {\n              console.groupCollapsed(title);\n              if(console.table) {\n                console.table(performance);\n              }\n              else {\n                $.each(performance, function(index, data) {\n                  console.log(data['Name'] + ': ' + data['Execution Time']+'ms');\n                });\n              }\n              console.groupEnd();\n            }\n            performance = [];\n          }\n        },\n        invoke: function(query, passedArguments, context) {\n          var\n            object = instance,\n            maxDepth,\n            found,\n            response\n          ;\n          passedArguments = passedArguments || queryArguments;\n          context         = element         || context;\n          if(typeof query == 'string' && object !== undefined) {\n            query    = query.split(/[\\. ]/);\n            maxDepth = query.length - 1;\n            $.each(query, function(depth, value) {\n              var camelCaseValue = (depth != maxDepth)\n                ? value + query[depth + 1].charAt(0).toUpperCase() + query[depth + 1].slice(1)\n                : query\n              ;\n              if( $.isPlainObject( object[camelCaseValue] ) && (depth != maxDepth) ) {\n                object = object[camelCaseValue];\n              }\n              else if( object[camelCaseValue] !== undefined ) {\n                found = object[camelCaseValue];\n                return false;\n              }\n              else if( $.isPlainObject( object[value] ) && (depth != maxDepth) ) {\n                object = object[value];\n              }\n              else if( object[value] !== undefined ) {\n                found = object[value];\n                return false;\n              }\n              else {\n                module.error(error.method, query);\n                return false;\n              }\n            });\n          }\n          if ( $.isFunction( found ) ) {\n            response = found.apply(context, passedArguments);\n          }\n          else if(found !== undefined) {\n            response = found;\n          }\n          if($.isArray(returnedValue)) {\n            returnedValue.push(response);\n          }\n          else if(returnedValue !== undefined) {\n            returnedValue = [returnedValue, response];\n          }\n          else if(response !== undefined) {\n            returnedValue = response;\n          }\n          return found;\n        }\n      };\n\n      if(methodInvoked) {\n        if(instance === undefined) {\n          module.initialize();\n        }\n        module.invoke(query);\n      }\n      else {\n        if(instance !== undefined) {\n          instance.invoke('destroy');\n        }\n        module.initialize();\n      }\n    })\n  ;\n\n  return (returnedValue !== undefined)\n    ? returnedValue\n    : this\n  ;\n};\n\n$.fn.checkbox.settings = {\n\n  name                : 'Checkbox',\n  namespace           : 'checkbox',\n\n  silent              : false,\n  debug               : false,\n  verbose             : true,\n  performance         : true,\n\n  // delegated event context\n  uncheckable         : 'auto',\n  fireOnInit          : false,\n\n  onChange            : function(){},\n\n  beforeChecked       : function(){},\n  beforeUnchecked     : function(){},\n  beforeDeterminate   : function(){},\n  beforeIndeterminate : function(){},\n\n  onChecked           : function(){},\n  onUnchecked         : function(){},\n\n  onDeterminate       : function() {},\n  onIndeterminate     : function() {},\n\n  onEnable            : function(){},\n  onDisable           : function(){},\n\n  // preserve misspelled callbacks (will be removed in 3.0)\n  onEnabled           : function(){},\n  onDisabled          : function(){},\n\n  className       : {\n    checked       : 'checked',\n    indeterminate : 'indeterminate',\n    disabled      : 'disabled',\n    hidden        : 'hidden',\n    radio         : 'radio',\n    readOnly      : 'read-only'\n  },\n\n  error     : {\n    method       : 'The method you called is not defined'\n  },\n\n  selector : {\n    checkbox : '.ui.checkbox',\n    label    : 'label, .box',\n    input    : 'input[type=\"checkbox\"], input[type=\"radio\"]',\n    link     : 'a[href]'\n  }\n\n};\n\n})( jQuery, window, document );\n"]},"hash":"1ebfb6b2f3697e224bbb1e89bca0a6b1a50c9b00"}
