{"metadata":{"usedHelpers":[],"marked":[],"modules":{"imports":[],"exports":{"exported":[],"specifiers":[]}}},"options":{"filename":"packages/fabienb4:autoform-semantic-ui/templates/semantic-ui/inputTypes/select-checkbox/select-checkbox.js","filenameRelative":"packages/fabienb4:autoform-semantic-ui/templates/semantic-ui/inputTypes/select-checkbox/select-checkbox.js","env":{"development":{"plugins":[]}},"retainLines":false,"highlightCode":true,"suppressDeprecationMessages":false,"presets":[],"plugins":[[[],{"generateLetDeclarations":true,"enforceStrictMode":false}],[[],null],[[],{"polyfill":false}],[[],null],[[],null],[[],null],[[],{"allowTopLevelThis":true,"strict":false,"loose":true}],[[],null],[[],null],[[],null],[[],null],[[],null],[[],null],[[],null],[[],null],[[],null],[[],null],[[],null],[[],null],[[],{"loose":true}],[[],{"loose":true}],[[],null],[[],{"loose":true}],[[],null],[[],null],[[],null],[[],null],[[],null],[[],null],[[],{"loose":true}],[[],null],[[],null],[[],null],[[],null],[[],null],[[],null],[[],null]],"ignore":[],"code":true,"metadata":true,"ast":true,"comments":true,"compact":false,"minified":false,"sourceMap":true,"sourceMaps":true,"sourceMapTarget":"packages/fabienb4:autoform-semantic-ui/templates/semantic-ui/inputTypes/select-checkbox/select-checkbox.js.map","sourceFileName":"packages/fabienb4:autoform-semantic-ui/templates/semantic-ui/inputTypes/select-checkbox/select-checkbox.js","babelrc":false,"sourceType":"module","moduleIds":false,"passPerPreset":false,"parserOpts":false,"generatorOpts":false,"basename":"select-checkbox"},"ignored":false,"code":"Template.afCheckboxGroup_semanticUI.helpers({\n  atts: function () {\n    var atts = _.clone(this.atts);\n\n    if (this.selected) {\n      atts.checked = \"checked\";\n    } // remove data-schema-key attribute because we put it\n    // on the entire group\n\n\n    delete atts[\"data-schema-key\"];\n    return atts;\n  },\n  dsk: function () {\n    return {\n      \"data-schema-key\": this.atts[\"data-schema-key\"]\n    };\n  }\n});\nTemplate.afCheckboxGroup_semanticUI.onRendered(function () {\n  this.$(this.firstNode).find(\".ui.checkbox\").checkbox(this.data.atts.settings);\n});","map":{"version":3,"sources":["packages/fabienb4:autoform-semantic-ui/templates/semantic-ui/inputTypes/select-checkbox/select-checkbox.js"],"names":["Template","afCheckboxGroup_semanticUI","helpers","atts","_","clone","selected","checked","dsk","onRendered","$","firstNode","find","checkbox","data","settings"],"mappings":"AAAAA,SAASC,0BAAT,CAAoCC,OAApC,CAA4C;AAC1CC,MAD0C,cACnC;AACL,QAAIA,OAAOC,EAAEC,KAAF,CAAQ,KAAKF,IAAb,CAAX;;AAEA,QAAI,KAAKG,QAAT,EAAmB;AACjBH,WAAKI,OAAL,GAAe,SAAf;AACD,KALI,CAOL;AACA;;;AACA,WAAOJ,KAAK,iBAAL,CAAP;AAEA,WAAOA,IAAP;AACD,GAbyC;AAc1CK,KAd0C,cAcpC;AACJ,WAAO;AACL,yBAAmB,KAAKL,IAAL,CAAU,iBAAV;AADd,KAAP;AAGD;AAlByC,CAA5C;AAqBAH,SAASC,0BAAT,CAAoCQ,UAApC,CAA+C,YAAW;AACxD,OAAKC,CAAL,CAAO,KAAKC,SAAZ,EAAuBC,IAAvB,CAA4B,cAA5B,EAA4CC,QAA5C,CAAqD,KAAKC,IAAL,CAAUX,IAAV,CAAeY,QAApE;AACD,CAFD","file":"packages/fabienb4:autoform-semantic-ui/templates/semantic-ui/inputTypes/select-checkbox/select-checkbox.js.map","sourcesContent":["Template.afCheckboxGroup_semanticUI.helpers({\n  atts() {\n    let atts = _.clone(this.atts);\n\n    if (this.selected) {\n      atts.checked = \"checked\";\n    }\n\n    // remove data-schema-key attribute because we put it\n    // on the entire group\n    delete atts[\"data-schema-key\"];\n\n    return atts;\n  },\n  dsk() {\n    return {\n      \"data-schema-key\": this.atts[\"data-schema-key\"]\n    };\n  }\n});\n\nTemplate.afCheckboxGroup_semanticUI.onRendered(function() {\n  this.$(this.firstNode).find(\".ui.checkbox\").checkbox(this.data.atts.settings);\n});\n"]},"hash":"210fbaa0a7a9fbe7e3330d95a5b13fa42d1f9ac8"}
