{"metadata":{"usedHelpers":[],"marked":[],"modules":{"imports":[{"source":"./add-stuff-page.html","imported":[],"specifiers":[]},{"source":"./add-stuff-page.js","imported":[],"specifiers":[]},{"source":"./edit-stuff-page.html","imported":[],"specifiers":[]},{"source":"./edit-stuff-page.js","imported":[],"specifiers":[]},{"source":"./home-page.html","imported":[],"specifiers":[]},{"source":"./home-page.js","imported":[],"specifiers":[]},{"source":"./list-stuff-page.html","imported":[],"specifiers":[]},{"source":"./list-stuff-page.js","imported":[],"specifiers":[]}],"exports":{"exported":[],"specifiers":[]}}},"options":{"filename":"imports/ui/pages/index.js","filenameRelative":"imports/ui/pages/index.js","env":{"development":{"plugins":[]}},"retainLines":false,"highlightCode":true,"suppressDeprecationMessages":false,"presets":[],"plugins":[[[],{"generateLetDeclarations":true,"enforceStrictMode":false}],[[],null],[[],{"polyfill":false}],[[],null],[[],null],[[],null],[[],{"allowTopLevelThis":true,"strict":false,"loose":true}],[[],null],[[],null],[[],null],[[],null],[[],null],[[],null],[[],null],[[],null],[[],null],[[],null],[[],null],[[],null],[[],{"loose":true}],[[],{"loose":true}],[[],null],[[],{"loose":true}],[[],null],[[],null],[[],null],[[],null],[[],null],[[],null],[[],{"loose":true}],[[],null],[[],null],[[],null],[[],null],[[],null],[[],null],[[],null]],"ignore":[],"code":true,"metadata":true,"ast":true,"comments":true,"compact":false,"minified":false,"sourceMap":true,"sourceMaps":true,"sourceMapTarget":"imports/ui/pages/index.js.map","sourceFileName":"imports/ui/pages/index.js","babelrc":false,"sourceType":"module","moduleIds":false,"passPerPreset":false,"parserOpts":false,"generatorOpts":false,"basename":"index"},"ignored":false,"code":"module.watch(require(\"./add-stuff-page.html\"));\nmodule.watch(require(\"./add-stuff-page.js\"));\nmodule.watch(require(\"./edit-stuff-page.html\"));\nmodule.watch(require(\"./edit-stuff-page.js\"));\nmodule.watch(require(\"./home-page.html\"));\nmodule.watch(require(\"./home-page.js\"));\nmodule.watch(require(\"./list-stuff-page.html\"));\nmodule.watch(require(\"./list-stuff-page.js\"));","map":{"version":3,"sources":["imports/ui/pages/index.js"],"names":["module","watch","require"],"mappings":"AAAAA,OAAOC,KAAP,CAAaC,QAAQ,uBAAR,CAAb;AAA+CF,OAAOC,KAAP,CAAaC,QAAQ,qBAAR,CAAb;AAA6CF,OAAOC,KAAP,CAAaC,QAAQ,wBAAR,CAAb;AAAgDF,OAAOC,KAAP,CAAaC,QAAQ,sBAAR,CAAb;AAA8CF,OAAOC,KAAP,CAAaC,QAAQ,kBAAR,CAAb;AAA0CF,OAAOC,KAAP,CAAaC,QAAQ,gBAAR,CAAb;AAAwCF,OAAOC,KAAP,CAAaC,QAAQ,wBAAR,CAAb;AAAgDF,OAAOC,KAAP,CAAaC,QAAQ,sBAAR,CAAb","file":"imports/ui/pages/index.js.map","sourcesContent":["import './add-stuff-page.html';\nimport './add-stuff-page.js';\n\nimport './edit-stuff-page.html';\nimport './edit-stuff-page.js';\n\nimport './home-page.html';\nimport './home-page.js';\n\nimport './list-stuff-page.html';\nimport './list-stuff-page.js';\n\n"]},"hash":"255e804e3969541e7e6ed0bc5af544fdd7dd4a98"}
