{"metadata":{"usedHelpers":[],"marked":[],"modules":{"imports":[],"exports":{"exported":[],"specifiers":[]}}},"options":{"filename":"packages/fabienb4:autoform-semantic-ui/templates/semantic-ui/inputTypes/select-radio/select-radio.js","filenameRelative":"packages/fabienb4:autoform-semantic-ui/templates/semantic-ui/inputTypes/select-radio/select-radio.js","env":{"development":{"plugins":[]}},"retainLines":false,"highlightCode":true,"suppressDeprecationMessages":false,"presets":[],"plugins":[[[],{"generateLetDeclarations":true,"enforceStrictMode":false}],[[],null],[[],{"polyfill":false}],[[],null],[[],null],[[],null],[[],{"allowTopLevelThis":true,"strict":false,"loose":true}],[[],null],[[],null],[[],null],[[],null],[[],null],[[],null],[[],null],[[],null],[[],null],[[],null],[[],null],[[],null],[[],{"loose":true}],[[],{"loose":true}],[[],null],[[],{"loose":true}],[[],null],[[],null],[[],null],[[],null],[[],null],[[],null],[[],{"loose":true}],[[],null],[[],null],[[],null],[[],null],[[],null],[[],null],[[],null]],"ignore":[],"code":true,"metadata":true,"ast":true,"comments":true,"compact":false,"minified":false,"sourceMap":true,"sourceMaps":true,"sourceMapTarget":"packages/fabienb4:autoform-semantic-ui/templates/semantic-ui/inputTypes/select-radio/select-radio.js.map","sourceFileName":"packages/fabienb4:autoform-semantic-ui/templates/semantic-ui/inputTypes/select-radio/select-radio.js","babelrc":false,"sourceType":"module","moduleIds":false,"passPerPreset":false,"parserOpts":false,"generatorOpts":false,"basename":"select-radio"},"ignored":false,"code":"Template.afRadioGroup_semanticUI.helpers({\n  atts: function () {\n    var atts = _.clone(this.atts);\n\n    if (this.selected) {\n      atts.checked = \"checked\";\n    } // remove data-schema-key attribute because we put it\n    // on the entire group\n\n\n    delete atts[\"data-schema-key\"];\n    return atts;\n  },\n  dsk: function () {\n    return {\n      \"data-schema-key\": this.atts[\"data-schema-key\"]\n    };\n  }\n});\nTemplate.afRadioGroup_semanticUI.onRendered(function () {\n  this.$(this.firstNode).find(\".ui.radio.checkbox\").checkbox(this.data.atts.settings);\n});","map":{"version":3,"sources":["packages/fabienb4:autoform-semantic-ui/templates/semantic-ui/inputTypes/select-radio/select-radio.js"],"names":["Template","afRadioGroup_semanticUI","helpers","atts","_","clone","selected","checked","dsk","onRendered","$","firstNode","find","checkbox","data","settings"],"mappings":"AAAAA,SAASC,uBAAT,CAAiCC,OAAjC,CAAyC;AACvCC,MADuC,cAChC;AACL,QAAIA,OAAOC,EAAEC,KAAF,CAAQ,KAAKF,IAAb,CAAX;;AAEA,QAAI,KAAKG,QAAT,EAAmB;AACjBH,WAAKI,OAAL,GAAe,SAAf;AACD,KALI,CAOL;AACA;;;AACA,WAAOJ,KAAK,iBAAL,CAAP;AAEA,WAAOA,IAAP;AACD,GAbsC;AAcvCK,KAduC,cAcjC;AACJ,WAAO;AACL,yBAAmB,KAAKL,IAAL,CAAU,iBAAV;AADd,KAAP;AAGD;AAlBsC,CAAzC;AAqBAH,SAASC,uBAAT,CAAiCQ,UAAjC,CAA4C,YAAW;AACrD,OAAKC,CAAL,CAAO,KAAKC,SAAZ,EAAuBC,IAAvB,CAA4B,oBAA5B,EAAkDC,QAAlD,CAA2D,KAAKC,IAAL,CAAUX,IAAV,CAAeY,QAA1E;AACD,CAFD","file":"packages/fabienb4:autoform-semantic-ui/templates/semantic-ui/inputTypes/select-radio/select-radio.js.map","sourcesContent":["Template.afRadioGroup_semanticUI.helpers({\n  atts() {\n    let atts = _.clone(this.atts);\n\n    if (this.selected) {\n      atts.checked = \"checked\";\n    }\n\n    // remove data-schema-key attribute because we put it\n    // on the entire group\n    delete atts[\"data-schema-key\"];\n\n    return atts;\n  },\n  dsk() {\n    return {\n      \"data-schema-key\": this.atts[\"data-schema-key\"]\n    };\n  }\n});\n\nTemplate.afRadioGroup_semanticUI.onRendered(function() {\n  this.$(this.firstNode).find(\".ui.radio.checkbox\").checkbox(this.data.atts.settings);\n});\n"]},"hash":"2736277062e0817681fe7c8734256dd00b89a617"}
