{"metadata":{"usedHelpers":[],"marked":[],"modules":{"imports":[],"exports":{"exported":[],"specifiers":[]}}},"options":{"filename":"packages/fabienb4:autoform-semantic-ui/templates/semantic-ui/inputTypes/boolean-checkbox/boolean-checkbox.js","filenameRelative":"packages/fabienb4:autoform-semantic-ui/templates/semantic-ui/inputTypes/boolean-checkbox/boolean-checkbox.js","env":{"development":{"plugins":[]}},"retainLines":false,"highlightCode":true,"suppressDeprecationMessages":false,"presets":[],"plugins":[[[],{"generateLetDeclarations":true,"enforceStrictMode":false}],[[],null],[[],{"polyfill":false}],[[],null],[[],null],[[],null],[[],{"allowTopLevelThis":true,"strict":false,"loose":true}],[[],null],[[],null],[[],null],[[],null],[[],null],[[],null],[[],null],[[],null],[[],null],[[],null],[[],null],[[],null],[[],{"loose":true}],[[],{"loose":true}],[[],null],[[],{"loose":true}],[[],null],[[],null],[[],null],[[],null],[[],null],[[],null],[[],{"loose":true}],[[],null],[[],null],[[],null],[[],null],[[],null],[[],null],[[],null]],"ignore":[],"code":true,"metadata":true,"ast":true,"comments":true,"compact":false,"minified":false,"sourceMap":true,"sourceMaps":true,"sourceMapTarget":"packages/fabienb4:autoform-semantic-ui/templates/semantic-ui/inputTypes/boolean-checkbox/boolean-checkbox.js.map","sourceFileName":"packages/fabienb4:autoform-semantic-ui/templates/semantic-ui/inputTypes/boolean-checkbox/boolean-checkbox.js","babelrc":false,"sourceType":"module","moduleIds":false,"passPerPreset":false,"parserOpts":false,"generatorOpts":false,"basename":"boolean-checkbox"},"ignored":false,"code":"Template.afCheckbox_semanticUI.onRendered(function () {\n  this.$(this.firstNode).checkbox(this.data.atts.settings);\n});\nTemplate.afCheckbox_semanticUI.helpers({\n  inputAtts: function () {\n    return _.omit(this.atts, \"checkboxType\");\n  }\n});","map":{"version":3,"sources":["packages/fabienb4:autoform-semantic-ui/templates/semantic-ui/inputTypes/boolean-checkbox/boolean-checkbox.js"],"names":["Template","afCheckbox_semanticUI","onRendered","$","firstNode","checkbox","data","atts","settings","helpers","inputAtts","_","omit"],"mappings":"AAAAA,SAASC,qBAAT,CAA+BC,UAA/B,CAA0C,YAAW;AACnD,OAAKC,CAAL,CAAO,KAAKC,SAAZ,EAAuBC,QAAvB,CAAgC,KAAKC,IAAL,CAAUC,IAAV,CAAeC,QAA/C;AACD,CAFD;AAIAR,SAASC,qBAAT,CAA+BQ,OAA/B,CAAuC;AACrCC,WADqC,cACzB;AACV,WAAOC,EAAEC,IAAF,CAAO,KAAKL,IAAZ,EAAkB,cAAlB,CAAP;AACD;AAHoC,CAAvC","file":"packages/fabienb4:autoform-semantic-ui/templates/semantic-ui/inputTypes/boolean-checkbox/boolean-checkbox.js.map","sourcesContent":["Template.afCheckbox_semanticUI.onRendered(function() {\n  this.$(this.firstNode).checkbox(this.data.atts.settings);\n});\n\nTemplate.afCheckbox_semanticUI.helpers({\n  inputAtts() {\n    return _.omit(this.atts, \"checkboxType\");\n  }\n});\n"]},"hash":"2df1c01f195451e30918ae961f1d351027fcbf3e"}
