{"metadata":{"usedHelpers":[],"marked":[],"modules":{"imports":[],"exports":{"exported":[],"specifiers":[]}}},"options":{"filename":"client/lib/semantic-ui/definitions/globals/site.js","filenameRelative":"client/lib/semantic-ui/definitions/globals/site.js","env":{"development":{"plugins":[]}},"retainLines":false,"highlightCode":true,"suppressDeprecationMessages":false,"presets":[],"plugins":[[[],{"generateLetDeclarations":true,"enforceStrictMode":false}],[[],null],[[],{"polyfill":false}],[[],null],[[],null],[[],null],[[],{"allowTopLevelThis":true,"strict":false,"loose":true}],[[],null],[[],null],[[],null],[[],null],[[],null],[[],null],[[],null],[[],null],[[],null],[[],null],[[],null],[[],null],[[],{"loose":true}],[[],{"loose":true}],[[],null],[[],{"loose":true}],[[],null],[[],null],[[],null],[[],null],[[],null],[[],null],[[],{"loose":true}],[[],null],[[],null],[[],null],[[],null],[[],null],[[],null],[[],null]],"ignore":[],"code":true,"metadata":true,"ast":true,"comments":true,"compact":false,"minified":false,"sourceMap":true,"sourceMaps":true,"sourceMapTarget":"client/lib/semantic-ui/definitions/globals/site.js.map","sourceFileName":"client/lib/semantic-ui/definitions/globals/site.js","babelrc":false,"sourceType":"module","moduleIds":false,"passPerPreset":false,"parserOpts":false,"generatorOpts":false,"basename":"site"},"ignored":false,"code":"/*\n  DO NOT MODIFY - This file has been generated and will be regenerated\n  Semantic UI v2.2.1\n*/ /*!\n    * # Semantic UI - Site\n    * http://github.com/semantic-org/semantic-ui/\n    *\n    *\n    * Released under the MIT license\n    * http://opensource.org/licenses/MIT\n    *\n    */;\n\n(function ($, window, document, undefined) {\n  $.site = $.fn.site = function (parameters) {\n    var time = new Date().getTime(),\n        performance = [],\n        query = arguments[0],\n        methodInvoked = typeof query == 'string',\n        queryArguments = [].slice.call(arguments, 1),\n        settings = $.isPlainObject(parameters) ? $.extend(true, {}, $.site.settings, parameters) : $.extend({}, $.site.settings),\n        namespace = settings.namespace,\n        error = settings.error,\n        eventNamespace = '.' + namespace,\n        moduleNamespace = 'module-' + namespace,\n        $document = $(document),\n        $module = $document,\n        element = this,\n        instance = $module.data(moduleNamespace),\n        module,\n        returnedValue;\n    module = {\n      initialize: function () {\n        module.instantiate();\n      },\n      instantiate: function () {\n        module.verbose('Storing instance of site', module);\n        instance = module;\n        $module.data(moduleNamespace, module);\n      },\n      normalize: function () {\n        module.fix.console();\n        module.fix.requestAnimationFrame();\n      },\n      fix: {\n        console: function () {\n          module.debug('Normalizing window.console');\n\n          if (console === undefined || console.log === undefined) {\n            module.verbose('Console not available, normalizing events');\n            module.disable.console();\n          }\n\n          if (typeof console.group == 'undefined' || typeof console.groupEnd == 'undefined' || typeof console.groupCollapsed == 'undefined') {\n            module.verbose('Console group not available, normalizing events');\n\n            window.console.group = function () {};\n\n            window.console.groupEnd = function () {};\n\n            window.console.groupCollapsed = function () {};\n          }\n\n          if (typeof console.markTimeline == 'undefined') {\n            module.verbose('Mark timeline not available, normalizing events');\n\n            window.console.markTimeline = function () {};\n          }\n        },\n        consoleClear: function () {\n          module.debug('Disabling programmatic console clearing');\n\n          window.console.clear = function () {};\n        },\n        requestAnimationFrame: function () {\n          module.debug('Normalizing requestAnimationFrame');\n\n          if (window.requestAnimationFrame === undefined) {\n            module.debug('RequestAnimationFrame not available, normalizing event');\n\n            window.requestAnimationFrame = window.requestAnimationFrame || window.mozRequestAnimationFrame || window.webkitRequestAnimationFrame || window.msRequestAnimationFrame || function (callback) {\n              setTimeout(callback, 0);\n            };\n          }\n        }\n      },\n      moduleExists: function (name) {\n        return $.fn[name] !== undefined && $.fn[name].settings !== undefined;\n      },\n      enabled: {\n        modules: function (modules) {\n          var enabledModules = [];\n          modules = modules || settings.modules;\n          $.each(modules, function (index, name) {\n            if (module.moduleExists(name)) {\n              enabledModules.push(name);\n            }\n          });\n          return enabledModules;\n        }\n      },\n      disabled: {\n        modules: function (modules) {\n          var disabledModules = [];\n          modules = modules || settings.modules;\n          $.each(modules, function (index, name) {\n            if (!module.moduleExists(name)) {\n              disabledModules.push(name);\n            }\n          });\n          return disabledModules;\n        }\n      },\n      change: {\n        setting: function (setting, value, modules, modifyExisting) {\n          modules = typeof modules === 'string' ? modules === 'all' ? settings.modules : [modules] : modules || settings.modules;\n          modifyExisting = modifyExisting !== undefined ? modifyExisting : true;\n          $.each(modules, function (index, name) {\n            var namespace = module.moduleExists(name) ? $.fn[name].settings.namespace || false : true,\n                $existingModules;\n\n            if (module.moduleExists(name)) {\n              module.verbose('Changing default setting', setting, value, name);\n              $.fn[name].settings[setting] = value;\n\n              if (modifyExisting && namespace) {\n                $existingModules = $(':data(module-' + namespace + ')');\n\n                if ($existingModules.length > 0) {\n                  module.verbose('Modifying existing settings', $existingModules);\n                  $existingModules[name]('setting', setting, value);\n                }\n              }\n            }\n          });\n        },\n        settings: function (newSettings, modules, modifyExisting) {\n          modules = typeof modules === 'string' ? [modules] : modules || settings.modules;\n          modifyExisting = modifyExisting !== undefined ? modifyExisting : true;\n          $.each(modules, function (index, name) {\n            var $existingModules;\n\n            if (module.moduleExists(name)) {\n              module.verbose('Changing default setting', newSettings, name);\n              $.extend(true, $.fn[name].settings, newSettings);\n\n              if (modifyExisting && namespace) {\n                $existingModules = $(':data(module-' + namespace + ')');\n\n                if ($existingModules.length > 0) {\n                  module.verbose('Modifying existing settings', $existingModules);\n                  $existingModules[name]('setting', newSettings);\n                }\n              }\n            }\n          });\n        }\n      },\n      enable: {\n        console: function () {\n          module.console(true);\n        },\n        debug: function (modules, modifyExisting) {\n          modules = modules || settings.modules;\n          module.debug('Enabling debug for modules', modules);\n          module.change.setting('debug', true, modules, modifyExisting);\n        },\n        verbose: function (modules, modifyExisting) {\n          modules = modules || settings.modules;\n          module.debug('Enabling verbose debug for modules', modules);\n          module.change.setting('verbose', true, modules, modifyExisting);\n        }\n      },\n      disable: {\n        console: function () {\n          module.console(false);\n        },\n        debug: function (modules, modifyExisting) {\n          modules = modules || settings.modules;\n          module.debug('Disabling debug for modules', modules);\n          module.change.setting('debug', false, modules, modifyExisting);\n        },\n        verbose: function (modules, modifyExisting) {\n          modules = modules || settings.modules;\n          module.debug('Disabling verbose debug for modules', modules);\n          module.change.setting('verbose', false, modules, modifyExisting);\n        }\n      },\n      console: function (enable) {\n        if (enable) {\n          if (instance.cache.console === undefined) {\n            module.error(error.console);\n            return;\n          }\n\n          module.debug('Restoring console function');\n          window.console = instance.cache.console;\n        } else {\n          module.debug('Disabling console function');\n          instance.cache.console = window.console;\n          window.console = {\n            clear: function () {},\n            error: function () {},\n            group: function () {},\n            groupCollapsed: function () {},\n            groupEnd: function () {},\n            info: function () {},\n            log: function () {},\n            markTimeline: function () {},\n            warn: function () {}\n          };\n        }\n      },\n      destroy: function () {\n        module.verbose('Destroying previous site for', $module);\n        $module.removeData(moduleNamespace);\n      },\n      cache: {},\n      setting: function (name, value) {\n        if ($.isPlainObject(name)) {\n          $.extend(true, settings, name);\n        } else if (value !== undefined) {\n          settings[name] = value;\n        } else {\n          return settings[name];\n        }\n      },\n      internal: function (name, value) {\n        if ($.isPlainObject(name)) {\n          $.extend(true, module, name);\n        } else if (value !== undefined) {\n          module[name] = value;\n        } else {\n          return module[name];\n        }\n      },\n      debug: function () {\n        if (settings.debug) {\n          if (settings.performance) {\n            module.performance.log(arguments);\n          } else {\n            module.debug = Function.prototype.bind.call(console.info, console, settings.name + ':');\n            module.debug.apply(console, arguments);\n          }\n        }\n      },\n      verbose: function () {\n        if (settings.verbose && settings.debug) {\n          if (settings.performance) {\n            module.performance.log(arguments);\n          } else {\n            module.verbose = Function.prototype.bind.call(console.info, console, settings.name + ':');\n            module.verbose.apply(console, arguments);\n          }\n        }\n      },\n      error: function () {\n        module.error = Function.prototype.bind.call(console.error, console, settings.name + ':');\n        module.error.apply(console, arguments);\n      },\n      performance: {\n        log: function (message) {\n          var currentTime, executionTime, previousTime;\n\n          if (settings.performance) {\n            currentTime = new Date().getTime();\n            previousTime = time || currentTime;\n            executionTime = currentTime - previousTime;\n            time = currentTime;\n            performance.push({\n              'Element': element,\n              'Name': message[0],\n              'Arguments': [].slice.call(message, 1) || '',\n              'Execution Time': executionTime\n            });\n          }\n\n          clearTimeout(module.performance.timer);\n          module.performance.timer = setTimeout(module.performance.display, 500);\n        },\n        display: function () {\n          var title = settings.name + ':',\n              totalTime = 0;\n          time = false;\n          clearTimeout(module.performance.timer);\n          $.each(performance, function (index, data) {\n            totalTime += data['Execution Time'];\n          });\n          title += ' ' + totalTime + 'ms';\n\n          if ((console.group !== undefined || console.table !== undefined) && performance.length > 0) {\n            console.groupCollapsed(title);\n\n            if (console.table) {\n              console.table(performance);\n            } else {\n              $.each(performance, function (index, data) {\n                console.log(data['Name'] + ': ' + data['Execution Time'] + 'ms');\n              });\n            }\n\n            console.groupEnd();\n          }\n\n          performance = [];\n        }\n      },\n      invoke: function (query, passedArguments, context) {\n        var object = instance,\n            maxDepth,\n            found,\n            response;\n        passedArguments = passedArguments || queryArguments;\n        context = element || context;\n\n        if (typeof query == 'string' && object !== undefined) {\n          query = query.split(/[\\. ]/);\n          maxDepth = query.length - 1;\n          $.each(query, function (depth, value) {\n            var camelCaseValue = depth != maxDepth ? value + query[depth + 1].charAt(0).toUpperCase() + query[depth + 1].slice(1) : query;\n\n            if ($.isPlainObject(object[camelCaseValue]) && depth != maxDepth) {\n              object = object[camelCaseValue];\n            } else if (object[camelCaseValue] !== undefined) {\n              found = object[camelCaseValue];\n              return false;\n            } else if ($.isPlainObject(object[value]) && depth != maxDepth) {\n              object = object[value];\n            } else if (object[value] !== undefined) {\n              found = object[value];\n              return false;\n            } else {\n              module.error(error.method, query);\n              return false;\n            }\n          });\n        }\n\n        if ($.isFunction(found)) {\n          response = found.apply(context, passedArguments);\n        } else if (found !== undefined) {\n          response = found;\n        }\n\n        if ($.isArray(returnedValue)) {\n          returnedValue.push(response);\n        } else if (returnedValue !== undefined) {\n          returnedValue = [returnedValue, response];\n        } else if (response !== undefined) {\n          returnedValue = response;\n        }\n\n        return found;\n      }\n    };\n\n    if (methodInvoked) {\n      if (instance === undefined) {\n        module.initialize();\n      }\n\n      module.invoke(query);\n    } else {\n      if (instance !== undefined) {\n        module.destroy();\n      }\n\n      module.initialize();\n    }\n\n    return returnedValue !== undefined ? returnedValue : this;\n  };\n\n  $.site.settings = {\n    name: 'Site',\n    namespace: 'site',\n    error: {\n      console: 'Console cannot be restored, most likely it was overwritten outside of module',\n      method: 'The method you called is not defined.'\n    },\n    debug: false,\n    verbose: false,\n    performance: true,\n    modules: ['accordion', 'api', 'checkbox', 'dimmer', 'dropdown', 'embed', 'form', 'modal', 'nag', 'popup', 'rating', 'shape', 'sidebar', 'state', 'sticky', 'tab', 'transition', 'visit', 'visibility'],\n    siteNamespace: 'site',\n    namespaceStub: {\n      cache: {},\n      config: {},\n      sections: {},\n      section: {},\n      utilities: {}\n    }\n  }; // allows for selection of elements with data attributes\n\n  $.extend($.expr[\":\"], {\n    data: $.expr.createPseudo ? $.expr.createPseudo(function (dataName) {\n      return function (elem) {\n        return !!$.data(elem, dataName);\n      };\n    }) : function (elem, i, match) {\n      // support: jQuery < 1.8\n      return !!$.data(elem, match[3]);\n    }\n  });\n})(jQuery, window, document);","map":{"version":3,"sources":["client/lib/semantic-ui/definitions/globals/site.js"],"names":["$","window","document","undefined","site","fn","parameters","time","Date","getTime","performance","query","arguments","methodInvoked","queryArguments","slice","call","settings","isPlainObject","extend","namespace","error","eventNamespace","moduleNamespace","$document","$module","element","instance","data","module","returnedValue","initialize","instantiate","verbose","normalize","fix","console","requestAnimationFrame","debug","log","disable","group","groupEnd","groupCollapsed","markTimeline","consoleClear","clear","mozRequestAnimationFrame","webkitRequestAnimationFrame","msRequestAnimationFrame","callback","setTimeout","moduleExists","name","enabled","modules","enabledModules","each","index","push","disabled","disabledModules","change","setting","value","modifyExisting","$existingModules","length","newSettings","enable","cache","info","warn","destroy","removeData","internal","Function","prototype","bind","apply","message","currentTime","executionTime","previousTime","clearTimeout","timer","display","title","totalTime","table","invoke","passedArguments","context","object","maxDepth","found","response","split","depth","camelCaseValue","charAt","toUpperCase","method","isFunction","isArray","siteNamespace","namespaceStub","config","sections","section","utilities","expr","createPseudo","dataName","elem","i","match","jQuery"],"mappings":"AAAA;;;GAIA;;;;;;;;MAUA;;AAAC,CAAC,UAAUA,CAAV,EAAaC,MAAb,EAAqBC,QAArB,EAA+BC,SAA/B,EAA0C;AAE5CH,IAAEI,IAAF,GAASJ,EAAEK,EAAF,CAAKD,IAAL,GAAY,UAASE,UAAT,EAAqB;AACxC,QACEC,OAAiB,IAAIC,IAAJ,GAAWC,OAAX,EADnB;AAAA,QAEEC,cAAiB,EAFnB;AAAA,QAIEC,QAAiBC,UAAU,CAAV,CAJnB;AAAA,QAKEC,gBAAkB,OAAOF,KAAP,IAAgB,QALpC;AAAA,QAMEG,iBAAiB,GAAGC,KAAH,CAASC,IAAT,CAAcJ,SAAd,EAAyB,CAAzB,CANnB;AAAA,QAQEK,WAAoBjB,EAAEkB,aAAF,CAAgBZ,UAAhB,CAAF,GACdN,EAAEmB,MAAF,CAAS,IAAT,EAAe,EAAf,EAAmBnB,EAAEI,IAAF,CAAOa,QAA1B,EAAoCX,UAApC,CADc,GAEdN,EAAEmB,MAAF,CAAS,EAAT,EAAanB,EAAEI,IAAF,CAAOa,QAApB,CAVN;AAAA,QAYEG,YAAkBH,SAASG,SAZ7B;AAAA,QAaEC,QAAkBJ,SAASI,KAb7B;AAAA,QAeEC,iBAAkB,MAAMF,SAf1B;AAAA,QAgBEG,kBAAkB,YAAYH,SAhBhC;AAAA,QAkBEI,YAAkBxB,EAAEE,QAAF,CAlBpB;AAAA,QAmBEuB,UAAkBD,SAnBpB;AAAA,QAoBEE,UAAkB,IApBpB;AAAA,QAqBEC,WAAkBF,QAAQG,IAAR,CAAaL,eAAb,CArBpB;AAAA,QAuBEM,MAvBF;AAAA,QAwBEC,aAxBF;AA0BAD,aAAS;AAEPE,kBAAY,YAAW;AACrBF,eAAOG,WAAP;AACD,OAJM;AAMPA,mBAAa,YAAW;AACtBH,eAAOI,OAAP,CAAe,0BAAf,EAA2CJ,MAA3C;AACAF,mBAAWE,MAAX;AACAJ,gBACGG,IADH,CACQL,eADR,EACyBM,MADzB;AAGD,OAZM;AAcPK,iBAAW,YAAW;AACpBL,eAAOM,GAAP,CAAWC,OAAX;AACAP,eAAOM,GAAP,CAAWE,qBAAX;AACD,OAjBM;AAmBPF,WAAK;AACHC,iBAAS,YAAW;AAClBP,iBAAOS,KAAP,CAAa,4BAAb;;AACA,cAAIF,YAAYjC,SAAZ,IAAyBiC,QAAQG,GAAR,KAAgBpC,SAA7C,EAAwD;AACtD0B,mBAAOI,OAAP,CAAe,2CAAf;AACAJ,mBAAOW,OAAP,CAAeJ,OAAf;AACD;;AACD,cAAI,OAAOA,QAAQK,KAAf,IAAwB,WAAxB,IAAuC,OAAOL,QAAQM,QAAf,IAA2B,WAAlE,IAAiF,OAAON,QAAQO,cAAf,IAAiC,WAAtH,EAAmI;AACjId,mBAAOI,OAAP,CAAe,iDAAf;;AACAhC,mBAAOmC,OAAP,CAAeK,KAAf,GAAuB,YAAW,CAAE,CAApC;;AACAxC,mBAAOmC,OAAP,CAAeM,QAAf,GAA0B,YAAW,CAAE,CAAvC;;AACAzC,mBAAOmC,OAAP,CAAeO,cAAf,GAAgC,YAAW,CAAE,CAA7C;AACD;;AACD,cAAI,OAAOP,QAAQQ,YAAf,IAA+B,WAAnC,EAAgD;AAC9Cf,mBAAOI,OAAP,CAAe,iDAAf;;AACAhC,mBAAOmC,OAAP,CAAeQ,YAAf,GAA8B,YAAW,CAAE,CAA3C;AACD;AACF,SAjBE;AAkBHC,sBAAc,YAAW;AACvBhB,iBAAOS,KAAP,CAAa,yCAAb;;AACArC,iBAAOmC,OAAP,CAAeU,KAAf,GAAuB,YAAW,CAAE,CAApC;AACD,SArBE;AAsBHT,+BAAuB,YAAW;AAChCR,iBAAOS,KAAP,CAAa,mCAAb;;AACA,cAAGrC,OAAOoC,qBAAP,KAAiClC,SAApC,EAA+C;AAC7C0B,mBAAOS,KAAP,CAAa,wDAAb;;AACArC,mBAAOoC,qBAAP,GAA+BpC,OAAOoC,qBAAP,IAC1BpC,OAAO8C,wBADmB,IAE1B9C,OAAO+C,2BAFmB,IAG1B/C,OAAOgD,uBAHmB,IAI1B,UAASC,QAAT,EAAmB;AAAEC,yBAAWD,QAAX,EAAqB,CAArB;AAA0B,aAJpD;AAMD;AACF;AAjCE,OAnBE;AAuDPE,oBAAc,UAASC,IAAT,EAAe;AAC3B,eAAQrD,EAAEK,EAAF,CAAKgD,IAAL,MAAelD,SAAf,IAA4BH,EAAEK,EAAF,CAAKgD,IAAL,EAAWpC,QAAX,KAAwBd,SAA5D;AACD,OAzDM;AA2DPmD,eAAS;AACPC,iBAAS,UAASA,OAAT,EAAkB;AACzB,cACEC,iBAAiB,EADnB;AAGAD,oBAAUA,WAAWtC,SAASsC,OAA9B;AACAvD,YAAEyD,IAAF,CAAOF,OAAP,EAAgB,UAASG,KAAT,EAAgBL,IAAhB,EAAsB;AACpC,gBAAGxB,OAAOuB,YAAP,CAAoBC,IAApB,CAAH,EAA8B;AAC5BG,6BAAeG,IAAf,CAAoBN,IAApB;AACD;AACF,WAJD;AAKA,iBAAOG,cAAP;AACD;AAZM,OA3DF;AA0EPI,gBAAU;AACRL,iBAAS,UAASA,OAAT,EAAkB;AACzB,cACEM,kBAAkB,EADpB;AAGAN,oBAAUA,WAAWtC,SAASsC,OAA9B;AACAvD,YAAEyD,IAAF,CAAOF,OAAP,EAAgB,UAASG,KAAT,EAAgBL,IAAhB,EAAsB;AACpC,gBAAG,CAACxB,OAAOuB,YAAP,CAAoBC,IAApB,CAAJ,EAA+B;AAC7BQ,8BAAgBF,IAAhB,CAAqBN,IAArB;AACD;AACF,WAJD;AAKA,iBAAOQ,eAAP;AACD;AAZO,OA1EH;AAyFPC,cAAQ;AACNC,iBAAS,UAASA,OAAT,EAAkBC,KAAlB,EAAyBT,OAAzB,EAAkCU,cAAlC,EAAkD;AACzDV,oBAAW,OAAOA,OAAP,KAAmB,QAApB,GACLA,YAAY,KAAb,GACEtC,SAASsC,OADX,GAEE,CAACA,OAAD,CAHI,GAINA,WAAWtC,SAASsC,OAJxB;AAMAU,2BAAkBA,mBAAmB9D,SAApB,GACb8D,cADa,GAEb,IAFJ;AAIAjE,YAAEyD,IAAF,CAAOF,OAAP,EAAgB,UAASG,KAAT,EAAgBL,IAAhB,EAAsB;AACpC,gBACEjC,YAAaS,OAAOuB,YAAP,CAAoBC,IAApB,CAAD,GACRrD,EAAEK,EAAF,CAAKgD,IAAL,EAAWpC,QAAX,CAAoBG,SAApB,IAAiC,KADzB,GAER,IAHN;AAAA,gBAIE8C,gBAJF;;AAMA,gBAAGrC,OAAOuB,YAAP,CAAoBC,IAApB,CAAH,EAA8B;AAC5BxB,qBAAOI,OAAP,CAAe,0BAAf,EAA2C8B,OAA3C,EAAoDC,KAApD,EAA2DX,IAA3D;AACArD,gBAAEK,EAAF,CAAKgD,IAAL,EAAWpC,QAAX,CAAoB8C,OAApB,IAA+BC,KAA/B;;AACA,kBAAGC,kBAAkB7C,SAArB,EAAgC;AAC9B8C,mCAAmBlE,EAAE,kBAAkBoB,SAAlB,GAA8B,GAAhC,CAAnB;;AACA,oBAAG8C,iBAAiBC,MAAjB,GAA0B,CAA7B,EAAgC;AAC9BtC,yBAAOI,OAAP,CAAe,6BAAf,EAA8CiC,gBAA9C;AACAA,mCAAiBb,IAAjB,EAAuB,SAAvB,EAAkCU,OAAlC,EAA2CC,KAA3C;AACD;AACF;AACF;AACF,WAlBD;AAmBD,SA/BK;AAgCN/C,kBAAU,UAASmD,WAAT,EAAsBb,OAAtB,EAA+BU,cAA/B,EAA+C;AACvDV,oBAAW,OAAOA,OAAP,KAAmB,QAApB,GACN,CAACA,OAAD,CADM,GAENA,WAAWtC,SAASsC,OAFxB;AAIAU,2BAAkBA,mBAAmB9D,SAApB,GACb8D,cADa,GAEb,IAFJ;AAIAjE,YAAEyD,IAAF,CAAOF,OAAP,EAAgB,UAASG,KAAT,EAAgBL,IAAhB,EAAsB;AACpC,gBACEa,gBADF;;AAGA,gBAAGrC,OAAOuB,YAAP,CAAoBC,IAApB,CAAH,EAA8B;AAC5BxB,qBAAOI,OAAP,CAAe,0BAAf,EAA2CmC,WAA3C,EAAwDf,IAAxD;AACArD,gBAAEmB,MAAF,CAAS,IAAT,EAAenB,EAAEK,EAAF,CAAKgD,IAAL,EAAWpC,QAA1B,EAAoCmD,WAApC;;AACA,kBAAGH,kBAAkB7C,SAArB,EAAgC;AAC9B8C,mCAAmBlE,EAAE,kBAAkBoB,SAAlB,GAA8B,GAAhC,CAAnB;;AACA,oBAAG8C,iBAAiBC,MAAjB,GAA0B,CAA7B,EAAgC;AAC9BtC,yBAAOI,OAAP,CAAe,6BAAf,EAA8CiC,gBAA9C;AACAA,mCAAiBb,IAAjB,EAAuB,SAAvB,EAAkCe,WAAlC;AACD;AACF;AACF;AACF,WAfD;AAgBD;AAzDK,OAzFD;AAqJPC,cAAQ;AACNjC,iBAAS,YAAW;AAClBP,iBAAOO,OAAP,CAAe,IAAf;AACD,SAHK;AAINE,eAAO,UAASiB,OAAT,EAAkBU,cAAlB,EAAkC;AACvCV,oBAAUA,WAAWtC,SAASsC,OAA9B;AACA1B,iBAAOS,KAAP,CAAa,4BAAb,EAA2CiB,OAA3C;AACA1B,iBAAOiC,MAAP,CAAcC,OAAd,CAAsB,OAAtB,EAA+B,IAA/B,EAAqCR,OAArC,EAA8CU,cAA9C;AACD,SARK;AASNhC,iBAAS,UAASsB,OAAT,EAAkBU,cAAlB,EAAkC;AACzCV,oBAAUA,WAAWtC,SAASsC,OAA9B;AACA1B,iBAAOS,KAAP,CAAa,oCAAb,EAAmDiB,OAAnD;AACA1B,iBAAOiC,MAAP,CAAcC,OAAd,CAAsB,SAAtB,EAAiC,IAAjC,EAAuCR,OAAvC,EAAgDU,cAAhD;AACD;AAbK,OArJD;AAoKPzB,eAAS;AACPJ,iBAAS,YAAW;AAClBP,iBAAOO,OAAP,CAAe,KAAf;AACD,SAHM;AAIPE,eAAO,UAASiB,OAAT,EAAkBU,cAAlB,EAAkC;AACvCV,oBAAUA,WAAWtC,SAASsC,OAA9B;AACA1B,iBAAOS,KAAP,CAAa,6BAAb,EAA4CiB,OAA5C;AACA1B,iBAAOiC,MAAP,CAAcC,OAAd,CAAsB,OAAtB,EAA+B,KAA/B,EAAsCR,OAAtC,EAA+CU,cAA/C;AACD,SARM;AASPhC,iBAAS,UAASsB,OAAT,EAAkBU,cAAlB,EAAkC;AACzCV,oBAAUA,WAAWtC,SAASsC,OAA9B;AACA1B,iBAAOS,KAAP,CAAa,qCAAb,EAAoDiB,OAApD;AACA1B,iBAAOiC,MAAP,CAAcC,OAAd,CAAsB,SAAtB,EAAiC,KAAjC,EAAwCR,OAAxC,EAAiDU,cAAjD;AACD;AAbM,OApKF;AAoLP7B,eAAS,UAASiC,MAAT,EAAiB;AACxB,YAAGA,MAAH,EAAW;AACT,cAAG1C,SAAS2C,KAAT,CAAelC,OAAf,KAA2BjC,SAA9B,EAAyC;AACvC0B,mBAAOR,KAAP,CAAaA,MAAMe,OAAnB;AACA;AACD;;AACDP,iBAAOS,KAAP,CAAa,4BAAb;AACArC,iBAAOmC,OAAP,GAAiBT,SAAS2C,KAAT,CAAelC,OAAhC;AACD,SAPD,MAQK;AACHP,iBAAOS,KAAP,CAAa,4BAAb;AACAX,mBAAS2C,KAAT,CAAelC,OAAf,GAAyBnC,OAAOmC,OAAhC;AACAnC,iBAAOmC,OAAP,GAAiB;AACfU,mBAAiB,YAAU,CAAE,CADd;AAEfzB,mBAAiB,YAAU,CAAE,CAFd;AAGfoB,mBAAiB,YAAU,CAAE,CAHd;AAIfE,4BAAiB,YAAU,CAAE,CAJd;AAKfD,sBAAiB,YAAU,CAAE,CALd;AAMf6B,kBAAiB,YAAU,CAAE,CANd;AAOfhC,iBAAiB,YAAU,CAAE,CAPd;AAQfK,0BAAiB,YAAU,CAAE,CARd;AASf4B,kBAAiB,YAAU,CAAE;AATd,WAAjB;AAWD;AACF,OA5MM;AA8MPC,eAAS,YAAW;AAClB5C,eAAOI,OAAP,CAAe,8BAAf,EAA+CR,OAA/C;AACAA,gBACGiD,UADH,CACcnD,eADd;AAGD,OAnNM;AAqNP+C,aAAO,EArNA;AAuNPP,eAAS,UAASV,IAAT,EAAeW,KAAf,EAAsB;AAC7B,YAAIhE,EAAEkB,aAAF,CAAgBmC,IAAhB,CAAJ,EAA4B;AAC1BrD,YAAEmB,MAAF,CAAS,IAAT,EAAeF,QAAf,EAAyBoC,IAAzB;AACD,SAFD,MAGK,IAAGW,UAAU7D,SAAb,EAAwB;AAC3Bc,mBAASoC,IAAT,IAAiBW,KAAjB;AACD,SAFI,MAGA;AACH,iBAAO/C,SAASoC,IAAT,CAAP;AACD;AACF,OAjOM;AAkOPsB,gBAAU,UAAStB,IAAT,EAAeW,KAAf,EAAsB;AAC9B,YAAIhE,EAAEkB,aAAF,CAAgBmC,IAAhB,CAAJ,EAA4B;AAC1BrD,YAAEmB,MAAF,CAAS,IAAT,EAAeU,MAAf,EAAuBwB,IAAvB;AACD,SAFD,MAGK,IAAGW,UAAU7D,SAAb,EAAwB;AAC3B0B,iBAAOwB,IAAP,IAAeW,KAAf;AACD,SAFI,MAGA;AACH,iBAAOnC,OAAOwB,IAAP,CAAP;AACD;AACF,OA5OM;AA6OPf,aAAO,YAAW;AAChB,YAAGrB,SAASqB,KAAZ,EAAmB;AACjB,cAAGrB,SAASP,WAAZ,EAAyB;AACvBmB,mBAAOnB,WAAP,CAAmB6B,GAAnB,CAAuB3B,SAAvB;AACD,WAFD,MAGK;AACHiB,mBAAOS,KAAP,GAAesC,SAASC,SAAT,CAAmBC,IAAnB,CAAwB9D,IAAxB,CAA6BoB,QAAQmC,IAArC,EAA2CnC,OAA3C,EAAoDnB,SAASoC,IAAT,GAAgB,GAApE,CAAf;AACAxB,mBAAOS,KAAP,CAAayC,KAAb,CAAmB3C,OAAnB,EAA4BxB,SAA5B;AACD;AACF;AACF,OAvPM;AAwPPqB,eAAS,YAAW;AAClB,YAAGhB,SAASgB,OAAT,IAAoBhB,SAASqB,KAAhC,EAAuC;AACrC,cAAGrB,SAASP,WAAZ,EAAyB;AACvBmB,mBAAOnB,WAAP,CAAmB6B,GAAnB,CAAuB3B,SAAvB;AACD,WAFD,MAGK;AACHiB,mBAAOI,OAAP,GAAiB2C,SAASC,SAAT,CAAmBC,IAAnB,CAAwB9D,IAAxB,CAA6BoB,QAAQmC,IAArC,EAA2CnC,OAA3C,EAAoDnB,SAASoC,IAAT,GAAgB,GAApE,CAAjB;AACAxB,mBAAOI,OAAP,CAAe8C,KAAf,CAAqB3C,OAArB,EAA8BxB,SAA9B;AACD;AACF;AACF,OAlQM;AAmQPS,aAAO,YAAW;AAChBQ,eAAOR,KAAP,GAAeuD,SAASC,SAAT,CAAmBC,IAAnB,CAAwB9D,IAAxB,CAA6BoB,QAAQf,KAArC,EAA4Ce,OAA5C,EAAqDnB,SAASoC,IAAT,GAAgB,GAArE,CAAf;AACAxB,eAAOR,KAAP,CAAa0D,KAAb,CAAmB3C,OAAnB,EAA4BxB,SAA5B;AACD,OAtQM;AAuQPF,mBAAa;AACX6B,aAAK,UAASyC,OAAT,EAAkB;AACrB,cACEC,WADF,EAEEC,aAFF,EAGEC,YAHF;;AAKA,cAAGlE,SAASP,WAAZ,EAAyB;AACvBuE,0BAAgB,IAAIzE,IAAJ,GAAWC,OAAX,EAAhB;AACA0E,2BAAgB5E,QAAQ0E,WAAxB;AACAC,4BAAgBD,cAAcE,YAA9B;AACA5E,mBAAgB0E,WAAhB;AACAvE,wBAAYiD,IAAZ,CAAiB;AACf,yBAAmBjC,OADJ;AAEf,sBAAmBsD,QAAQ,CAAR,CAFJ;AAGf,2BAAmB,GAAGjE,KAAH,CAASC,IAAT,CAAcgE,OAAd,EAAuB,CAAvB,KAA6B,EAHjC;AAIf,gCAAmBE;AAJJ,aAAjB;AAMD;;AACDE,uBAAavD,OAAOnB,WAAP,CAAmB2E,KAAhC;AACAxD,iBAAOnB,WAAP,CAAmB2E,KAAnB,GAA2BlC,WAAWtB,OAAOnB,WAAP,CAAmB4E,OAA9B,EAAuC,GAAvC,CAA3B;AACD,SArBU;AAsBXA,iBAAS,YAAW;AAClB,cACEC,QAAQtE,SAASoC,IAAT,GAAgB,GAD1B;AAAA,cAEEmC,YAAY,CAFd;AAIAjF,iBAAO,KAAP;AACA6E,uBAAavD,OAAOnB,WAAP,CAAmB2E,KAAhC;AACArF,YAAEyD,IAAF,CAAO/C,WAAP,EAAoB,UAASgD,KAAT,EAAgB9B,IAAhB,EAAsB;AACxC4D,yBAAa5D,KAAK,gBAAL,CAAb;AACD,WAFD;AAGA2D,mBAAS,MAAMC,SAAN,GAAkB,IAA3B;;AACA,cAAI,CAACpD,QAAQK,KAAR,KAAkBtC,SAAlB,IAA+BiC,QAAQqD,KAAR,KAAkBtF,SAAlD,KAAgEO,YAAYyD,MAAZ,GAAqB,CAAzF,EAA4F;AAC1F/B,oBAAQO,cAAR,CAAuB4C,KAAvB;;AACA,gBAAGnD,QAAQqD,KAAX,EAAkB;AAChBrD,sBAAQqD,KAAR,CAAc/E,WAAd;AACD,aAFD,MAGK;AACHV,gBAAEyD,IAAF,CAAO/C,WAAP,EAAoB,UAASgD,KAAT,EAAgB9B,IAAhB,EAAsB;AACxCQ,wBAAQG,GAAR,CAAYX,KAAK,MAAL,IAAe,IAAf,GAAsBA,KAAK,gBAAL,CAAtB,GAA6C,IAAzD;AACD,eAFD;AAGD;;AACDQ,oBAAQM,QAAR;AACD;;AACDhC,wBAAc,EAAd;AACD;AA9CU,OAvQN;AAuTPgF,cAAQ,UAAS/E,KAAT,EAAgBgF,eAAhB,EAAiCC,OAAjC,EAA0C;AAChD,YACEC,SAASlE,QADX;AAAA,YAEEmE,QAFF;AAAA,YAGEC,KAHF;AAAA,YAIEC,QAJF;AAMAL,0BAAkBA,mBAAmB7E,cAArC;AACA8E,kBAAkBlE,WAAmBkE,OAArC;;AACA,YAAG,OAAOjF,KAAP,IAAgB,QAAhB,IAA4BkF,WAAW1F,SAA1C,EAAqD;AACnDQ,kBAAWA,MAAMsF,KAAN,CAAY,OAAZ,CAAX;AACAH,qBAAWnF,MAAMwD,MAAN,GAAe,CAA1B;AACAnE,YAAEyD,IAAF,CAAO9C,KAAP,EAAc,UAASuF,KAAT,EAAgBlC,KAAhB,EAAuB;AACnC,gBAAImC,iBAAkBD,SAASJ,QAAV,GACjB9B,QAAQrD,MAAMuF,QAAQ,CAAd,EAAiBE,MAAjB,CAAwB,CAAxB,EAA2BC,WAA3B,EAAR,GAAmD1F,MAAMuF,QAAQ,CAAd,EAAiBnF,KAAjB,CAAuB,CAAvB,CADlC,GAEjBJ,KAFJ;;AAIA,gBAAIX,EAAEkB,aAAF,CAAiB2E,OAAOM,cAAP,CAAjB,KAA8CD,SAASJ,QAA3D,EAAuE;AACrED,uBAASA,OAAOM,cAAP,CAAT;AACD,aAFD,MAGK,IAAIN,OAAOM,cAAP,MAA2BhG,SAA/B,EAA2C;AAC9C4F,sBAAQF,OAAOM,cAAP,CAAR;AACA,qBAAO,KAAP;AACD,aAHI,MAIA,IAAInG,EAAEkB,aAAF,CAAiB2E,OAAO7B,KAAP,CAAjB,KAAqCkC,SAASJ,QAAlD,EAA8D;AACjED,uBAASA,OAAO7B,KAAP,CAAT;AACD,aAFI,MAGA,IAAI6B,OAAO7B,KAAP,MAAkB7D,SAAtB,EAAkC;AACrC4F,sBAAQF,OAAO7B,KAAP,CAAR;AACA,qBAAO,KAAP;AACD,aAHI,MAIA;AACHnC,qBAAOR,KAAP,CAAaA,MAAMiF,MAAnB,EAA2B3F,KAA3B;AACA,qBAAO,KAAP;AACD;AACF,WAvBD;AAwBD;;AACD,YAAKX,EAAEuG,UAAF,CAAcR,KAAd,CAAL,EAA6B;AAC3BC,qBAAWD,MAAMhB,KAAN,CAAYa,OAAZ,EAAqBD,eAArB,CAAX;AACD,SAFD,MAGK,IAAGI,UAAU5F,SAAb,EAAwB;AAC3B6F,qBAAWD,KAAX;AACD;;AACD,YAAG/F,EAAEwG,OAAF,CAAU1E,aAAV,CAAH,EAA6B;AAC3BA,wBAAc6B,IAAd,CAAmBqC,QAAnB;AACD,SAFD,MAGK,IAAGlE,kBAAkB3B,SAArB,EAAgC;AACnC2B,0BAAgB,CAACA,aAAD,EAAgBkE,QAAhB,CAAhB;AACD,SAFI,MAGA,IAAGA,aAAa7F,SAAhB,EAA2B;AAC9B2B,0BAAgBkE,QAAhB;AACD;;AACD,eAAOD,KAAP;AACD;AA5WM,KAAT;;AA+WA,QAAGlF,aAAH,EAAkB;AAChB,UAAGc,aAAaxB,SAAhB,EAA2B;AACzB0B,eAAOE,UAAP;AACD;;AACDF,aAAO6D,MAAP,CAAc/E,KAAd;AACD,KALD,MAMK;AACH,UAAGgB,aAAaxB,SAAhB,EAA2B;AACzB0B,eAAO4C,OAAP;AACD;;AACD5C,aAAOE,UAAP;AACD;;AACD,WAAQD,kBAAkB3B,SAAnB,GACH2B,aADG,GAEH,IAFJ;AAID,GA1ZD;;AA4ZA9B,IAAEI,IAAF,CAAOa,QAAP,GAAkB;AAEhBoC,UAAc,MAFE;AAGhBjC,eAAc,MAHE;AAKhBC,WAAQ;AACNe,eAAU,8EADJ;AAENkE,cAAS;AAFH,KALQ;AAUhBhE,WAAc,KAVE;AAWhBL,aAAc,KAXE;AAYhBvB,iBAAc,IAZE;AAchB6C,aAAS,CACP,WADO,EAEP,KAFO,EAGP,UAHO,EAIP,QAJO,EAKP,UALO,EAMP,OANO,EAOP,MAPO,EAQP,OARO,EASP,KATO,EAUP,OAVO,EAWP,QAXO,EAYP,OAZO,EAaP,SAbO,EAcP,OAdO,EAeP,QAfO,EAgBP,KAhBO,EAiBP,YAjBO,EAkBP,OAlBO,EAmBP,YAnBO,CAdO;AAoChBkD,mBAAkB,MApCF;AAqChBC,mBAAkB;AAChBpC,aAAY,EADI;AAEhBqC,cAAY,EAFI;AAGhBC,gBAAY,EAHI;AAIhBC,eAAY,EAJI;AAKhBC,iBAAY;AALI;AArCF,GAAlB,CA9Z4C,CA6c5C;;AACA9G,IAAEmB,MAAF,CAASnB,EAAE+G,IAAF,CAAQ,GAAR,CAAT,EAAwB;AACtBnF,UAAO5B,EAAE+G,IAAF,CAAOC,YAAR,GACFhH,EAAE+G,IAAF,CAAOC,YAAP,CAAoB,UAASC,QAAT,EAAmB;AACrC,aAAO,UAASC,IAAT,EAAe;AACpB,eAAO,CAAC,CAAClH,EAAE4B,IAAF,CAAOsF,IAAP,EAAaD,QAAb,CAAT;AACD,OAFD;AAGD,KAJD,CADE,GAMF,UAASC,IAAT,EAAeC,CAAf,EAAkBC,KAAlB,EAAyB;AACzB;AACA,aAAO,CAAC,CAACpH,EAAE4B,IAAF,CAAOsF,IAAP,EAAaE,MAAO,CAAP,CAAb,CAAT;AACD;AAVmB,GAAxB;AAcC,CA5dA,EA4dGC,MA5dH,EA4dWpH,MA5dX,EA4dmBC,QA5dnB","file":"client/lib/semantic-ui/definitions/globals/site.js.map","sourcesContent":["/*\n  DO NOT MODIFY - This file has been generated and will be regenerated\n  Semantic UI v2.2.1\n*/\n/*!\n * # Semantic UI - Site\n * http://github.com/semantic-org/semantic-ui/\n *\n *\n * Released under the MIT license\n * http://opensource.org/licenses/MIT\n *\n */\n\n;(function ($, window, document, undefined) {\n\n$.site = $.fn.site = function(parameters) {\n  var\n    time           = new Date().getTime(),\n    performance    = [],\n\n    query          = arguments[0],\n    methodInvoked  = (typeof query == 'string'),\n    queryArguments = [].slice.call(arguments, 1),\n\n    settings        = ( $.isPlainObject(parameters) )\n      ? $.extend(true, {}, $.site.settings, parameters)\n      : $.extend({}, $.site.settings),\n\n    namespace       = settings.namespace,\n    error           = settings.error,\n\n    eventNamespace  = '.' + namespace,\n    moduleNamespace = 'module-' + namespace,\n\n    $document       = $(document),\n    $module         = $document,\n    element         = this,\n    instance        = $module.data(moduleNamespace),\n\n    module,\n    returnedValue\n  ;\n  module = {\n\n    initialize: function() {\n      module.instantiate();\n    },\n\n    instantiate: function() {\n      module.verbose('Storing instance of site', module);\n      instance = module;\n      $module\n        .data(moduleNamespace, module)\n      ;\n    },\n\n    normalize: function() {\n      module.fix.console();\n      module.fix.requestAnimationFrame();\n    },\n\n    fix: {\n      console: function() {\n        module.debug('Normalizing window.console');\n        if (console === undefined || console.log === undefined) {\n          module.verbose('Console not available, normalizing events');\n          module.disable.console();\n        }\n        if (typeof console.group == 'undefined' || typeof console.groupEnd == 'undefined' || typeof console.groupCollapsed == 'undefined') {\n          module.verbose('Console group not available, normalizing events');\n          window.console.group = function() {};\n          window.console.groupEnd = function() {};\n          window.console.groupCollapsed = function() {};\n        }\n        if (typeof console.markTimeline == 'undefined') {\n          module.verbose('Mark timeline not available, normalizing events');\n          window.console.markTimeline = function() {};\n        }\n      },\n      consoleClear: function() {\n        module.debug('Disabling programmatic console clearing');\n        window.console.clear = function() {};\n      },\n      requestAnimationFrame: function() {\n        module.debug('Normalizing requestAnimationFrame');\n        if(window.requestAnimationFrame === undefined) {\n          module.debug('RequestAnimationFrame not available, normalizing event');\n          window.requestAnimationFrame = window.requestAnimationFrame\n            || window.mozRequestAnimationFrame\n            || window.webkitRequestAnimationFrame\n            || window.msRequestAnimationFrame\n            || function(callback) { setTimeout(callback, 0); }\n          ;\n        }\n      }\n    },\n\n    moduleExists: function(name) {\n      return ($.fn[name] !== undefined && $.fn[name].settings !== undefined);\n    },\n\n    enabled: {\n      modules: function(modules) {\n        var\n          enabledModules = []\n        ;\n        modules = modules || settings.modules;\n        $.each(modules, function(index, name) {\n          if(module.moduleExists(name)) {\n            enabledModules.push(name);\n          }\n        });\n        return enabledModules;\n      }\n    },\n\n    disabled: {\n      modules: function(modules) {\n        var\n          disabledModules = []\n        ;\n        modules = modules || settings.modules;\n        $.each(modules, function(index, name) {\n          if(!module.moduleExists(name)) {\n            disabledModules.push(name);\n          }\n        });\n        return disabledModules;\n      }\n    },\n\n    change: {\n      setting: function(setting, value, modules, modifyExisting) {\n        modules = (typeof modules === 'string')\n          ? (modules === 'all')\n            ? settings.modules\n            : [modules]\n          : modules || settings.modules\n        ;\n        modifyExisting = (modifyExisting !== undefined)\n          ? modifyExisting\n          : true\n        ;\n        $.each(modules, function(index, name) {\n          var\n            namespace = (module.moduleExists(name))\n              ? $.fn[name].settings.namespace || false\n              : true,\n            $existingModules\n          ;\n          if(module.moduleExists(name)) {\n            module.verbose('Changing default setting', setting, value, name);\n            $.fn[name].settings[setting] = value;\n            if(modifyExisting && namespace) {\n              $existingModules = $(':data(module-' + namespace + ')');\n              if($existingModules.length > 0) {\n                module.verbose('Modifying existing settings', $existingModules);\n                $existingModules[name]('setting', setting, value);\n              }\n            }\n          }\n        });\n      },\n      settings: function(newSettings, modules, modifyExisting) {\n        modules = (typeof modules === 'string')\n          ? [modules]\n          : modules || settings.modules\n        ;\n        modifyExisting = (modifyExisting !== undefined)\n          ? modifyExisting\n          : true\n        ;\n        $.each(modules, function(index, name) {\n          var\n            $existingModules\n          ;\n          if(module.moduleExists(name)) {\n            module.verbose('Changing default setting', newSettings, name);\n            $.extend(true, $.fn[name].settings, newSettings);\n            if(modifyExisting && namespace) {\n              $existingModules = $(':data(module-' + namespace + ')');\n              if($existingModules.length > 0) {\n                module.verbose('Modifying existing settings', $existingModules);\n                $existingModules[name]('setting', newSettings);\n              }\n            }\n          }\n        });\n      }\n    },\n\n    enable: {\n      console: function() {\n        module.console(true);\n      },\n      debug: function(modules, modifyExisting) {\n        modules = modules || settings.modules;\n        module.debug('Enabling debug for modules', modules);\n        module.change.setting('debug', true, modules, modifyExisting);\n      },\n      verbose: function(modules, modifyExisting) {\n        modules = modules || settings.modules;\n        module.debug('Enabling verbose debug for modules', modules);\n        module.change.setting('verbose', true, modules, modifyExisting);\n      }\n    },\n    disable: {\n      console: function() {\n        module.console(false);\n      },\n      debug: function(modules, modifyExisting) {\n        modules = modules || settings.modules;\n        module.debug('Disabling debug for modules', modules);\n        module.change.setting('debug', false, modules, modifyExisting);\n      },\n      verbose: function(modules, modifyExisting) {\n        modules = modules || settings.modules;\n        module.debug('Disabling verbose debug for modules', modules);\n        module.change.setting('verbose', false, modules, modifyExisting);\n      }\n    },\n\n    console: function(enable) {\n      if(enable) {\n        if(instance.cache.console === undefined) {\n          module.error(error.console);\n          return;\n        }\n        module.debug('Restoring console function');\n        window.console = instance.cache.console;\n      }\n      else {\n        module.debug('Disabling console function');\n        instance.cache.console = window.console;\n        window.console = {\n          clear          : function(){},\n          error          : function(){},\n          group          : function(){},\n          groupCollapsed : function(){},\n          groupEnd       : function(){},\n          info           : function(){},\n          log            : function(){},\n          markTimeline   : function(){},\n          warn           : function(){}\n        };\n      }\n    },\n\n    destroy: function() {\n      module.verbose('Destroying previous site for', $module);\n      $module\n        .removeData(moduleNamespace)\n      ;\n    },\n\n    cache: {},\n\n    setting: function(name, value) {\n      if( $.isPlainObject(name) ) {\n        $.extend(true, settings, name);\n      }\n      else if(value !== undefined) {\n        settings[name] = value;\n      }\n      else {\n        return settings[name];\n      }\n    },\n    internal: function(name, value) {\n      if( $.isPlainObject(name) ) {\n        $.extend(true, module, name);\n      }\n      else if(value !== undefined) {\n        module[name] = value;\n      }\n      else {\n        return module[name];\n      }\n    },\n    debug: function() {\n      if(settings.debug) {\n        if(settings.performance) {\n          module.performance.log(arguments);\n        }\n        else {\n          module.debug = Function.prototype.bind.call(console.info, console, settings.name + ':');\n          module.debug.apply(console, arguments);\n        }\n      }\n    },\n    verbose: function() {\n      if(settings.verbose && settings.debug) {\n        if(settings.performance) {\n          module.performance.log(arguments);\n        }\n        else {\n          module.verbose = Function.prototype.bind.call(console.info, console, settings.name + ':');\n          module.verbose.apply(console, arguments);\n        }\n      }\n    },\n    error: function() {\n      module.error = Function.prototype.bind.call(console.error, console, settings.name + ':');\n      module.error.apply(console, arguments);\n    },\n    performance: {\n      log: function(message) {\n        var\n          currentTime,\n          executionTime,\n          previousTime\n        ;\n        if(settings.performance) {\n          currentTime   = new Date().getTime();\n          previousTime  = time || currentTime;\n          executionTime = currentTime - previousTime;\n          time          = currentTime;\n          performance.push({\n            'Element'        : element,\n            'Name'           : message[0],\n            'Arguments'      : [].slice.call(message, 1) || '',\n            'Execution Time' : executionTime\n          });\n        }\n        clearTimeout(module.performance.timer);\n        module.performance.timer = setTimeout(module.performance.display, 500);\n      },\n      display: function() {\n        var\n          title = settings.name + ':',\n          totalTime = 0\n        ;\n        time = false;\n        clearTimeout(module.performance.timer);\n        $.each(performance, function(index, data) {\n          totalTime += data['Execution Time'];\n        });\n        title += ' ' + totalTime + 'ms';\n        if( (console.group !== undefined || console.table !== undefined) && performance.length > 0) {\n          console.groupCollapsed(title);\n          if(console.table) {\n            console.table(performance);\n          }\n          else {\n            $.each(performance, function(index, data) {\n              console.log(data['Name'] + ': ' + data['Execution Time']+'ms');\n            });\n          }\n          console.groupEnd();\n        }\n        performance = [];\n      }\n    },\n    invoke: function(query, passedArguments, context) {\n      var\n        object = instance,\n        maxDepth,\n        found,\n        response\n      ;\n      passedArguments = passedArguments || queryArguments;\n      context         = element         || context;\n      if(typeof query == 'string' && object !== undefined) {\n        query    = query.split(/[\\. ]/);\n        maxDepth = query.length - 1;\n        $.each(query, function(depth, value) {\n          var camelCaseValue = (depth != maxDepth)\n            ? value + query[depth + 1].charAt(0).toUpperCase() + query[depth + 1].slice(1)\n            : query\n          ;\n          if( $.isPlainObject( object[camelCaseValue] ) && (depth != maxDepth) ) {\n            object = object[camelCaseValue];\n          }\n          else if( object[camelCaseValue] !== undefined ) {\n            found = object[camelCaseValue];\n            return false;\n          }\n          else if( $.isPlainObject( object[value] ) && (depth != maxDepth) ) {\n            object = object[value];\n          }\n          else if( object[value] !== undefined ) {\n            found = object[value];\n            return false;\n          }\n          else {\n            module.error(error.method, query);\n            return false;\n          }\n        });\n      }\n      if ( $.isFunction( found ) ) {\n        response = found.apply(context, passedArguments);\n      }\n      else if(found !== undefined) {\n        response = found;\n      }\n      if($.isArray(returnedValue)) {\n        returnedValue.push(response);\n      }\n      else if(returnedValue !== undefined) {\n        returnedValue = [returnedValue, response];\n      }\n      else if(response !== undefined) {\n        returnedValue = response;\n      }\n      return found;\n    }\n  };\n\n  if(methodInvoked) {\n    if(instance === undefined) {\n      module.initialize();\n    }\n    module.invoke(query);\n  }\n  else {\n    if(instance !== undefined) {\n      module.destroy();\n    }\n    module.initialize();\n  }\n  return (returnedValue !== undefined)\n    ? returnedValue\n    : this\n  ;\n};\n\n$.site.settings = {\n\n  name        : 'Site',\n  namespace   : 'site',\n\n  error : {\n    console : 'Console cannot be restored, most likely it was overwritten outside of module',\n    method : 'The method you called is not defined.'\n  },\n\n  debug       : false,\n  verbose     : false,\n  performance : true,\n\n  modules: [\n    'accordion',\n    'api',\n    'checkbox',\n    'dimmer',\n    'dropdown',\n    'embed',\n    'form',\n    'modal',\n    'nag',\n    'popup',\n    'rating',\n    'shape',\n    'sidebar',\n    'state',\n    'sticky',\n    'tab',\n    'transition',\n    'visit',\n    'visibility'\n  ],\n\n  siteNamespace   : 'site',\n  namespaceStub   : {\n    cache     : {},\n    config    : {},\n    sections  : {},\n    section   : {},\n    utilities : {}\n  }\n\n};\n\n// allows for selection of elements with data attributes\n$.extend($.expr[ \":\" ], {\n  data: ($.expr.createPseudo)\n    ? $.expr.createPseudo(function(dataName) {\n        return function(elem) {\n          return !!$.data(elem, dataName);\n        };\n      })\n    : function(elem, i, match) {\n      // support: jQuery < 1.8\n      return !!$.data(elem, match[ 3 ]);\n    }\n});\n\n\n})( jQuery, window, document );\n"]},"hash":"2fdd349215f9345106b6267025b28ad21561d930"}
