{"metadata":{"usedHelpers":[],"marked":[],"modules":{"imports":[{"source":"./accounts.js","imported":[],"specifiers":[]},{"source":"./stuff.js","imported":[],"specifiers":[]}],"exports":{"exported":[],"specifiers":[]}}},"options":{"filename":"imports/startup/server/index.js","filenameRelative":"imports/startup/server/index.js","env":{"development":{"plugins":[]}},"retainLines":false,"highlightCode":true,"suppressDeprecationMessages":false,"presets":[],"plugins":[[[],{"generateLetDeclarations":true,"enforceStrictMode":false}],[[],null],[[],{"polyfill":false}],[[],null],[[],null],[[],null],[[],{"allowTopLevelThis":true,"strict":false,"loose":true}],[[],null],[[],null],[[],null],[[],null],[[],null],[[],null],[[],null],[[],null],[[],null],[[],null],[[],null],[[],null],[[],{"loose":true}],[[],{"loose":true}],[[],null],[[],{"loose":true}],[[],null],[[],null],[[],null],[[],null],[[],null],[[],null],[[],{"loose":true}],[[],null],[[],null],[[],null],[[],null],[[],null],[[],null],[[],null]],"ignore":[],"code":true,"metadata":true,"ast":true,"comments":true,"compact":false,"minified":false,"sourceMap":true,"sourceMaps":true,"sourceMapTarget":"imports/startup/server/index.js.map","sourceFileName":"imports/startup/server/index.js","babelrc":false,"sourceType":"module","moduleIds":false,"passPerPreset":false,"parserOpts":false,"generatorOpts":false,"basename":"index"},"ignored":false,"code":"module.watch(require(\"./accounts.js\"));\nmodule.watch(require(\"./stuff.js\"));","map":{"version":3,"sources":["imports/startup/server/index.js"],"names":["module","watch","require"],"mappings":"AAAAA,OAAOC,KAAP,CAAaC,QAAQ,eAAR,CAAb;AAAuCF,OAAOC,KAAP,CAAaC,QAAQ,YAAR,CAAb","file":"imports/startup/server/index.js.map","sourcesContent":["import './accounts.js';\nimport './stuff.js';\n"]},"hash":"33d7eb7d01fb88d869b4f9ab75f8873669ba4836"}
