{"metadata":{"usedHelpers":[],"marked":[],"modules":{"imports":[{"source":"meteor/kadira:flow-router","imported":["FlowRouter"],"specifiers":[{"kind":"named","imported":"FlowRouter","local":"FlowRouter"}]},{"source":"meteor/kadira:blaze-layout","imported":["BlazeLayout"],"specifiers":[{"kind":"named","imported":"BlazeLayout","local":"BlazeLayout"}]}],"exports":{"exported":[],"specifiers":[]}}},"options":{"filename":"imports/startup/client/router.js","filenameRelative":"imports/startup/client/router.js","env":{"development":{"plugins":[]}},"retainLines":false,"highlightCode":true,"suppressDeprecationMessages":false,"presets":[],"plugins":[[[],{"generateLetDeclarations":true,"enforceStrictMode":false}],[[],null],[[],{"polyfill":false}],[[],null],[[],null],[[],null],[[],{"allowTopLevelThis":true,"strict":false,"loose":true}],[[],null],[[],null],[[],null],[[],null],[[],null],[[],null],[[],null],[[],null],[[],null],[[],null],[[],null],[[],null],[[],{"loose":true}],[[],{"loose":true}],[[],null],[[],{"loose":true}],[[],null],[[],null],[[],null],[[],null],[[],null],[[],null],[[],{"loose":true}],[[],null],[[],null],[[],null],[[],null],[[],null],[[],null],[[],null]],"ignore":[],"code":true,"metadata":true,"ast":true,"comments":true,"compact":false,"minified":false,"sourceMap":true,"sourceMaps":true,"sourceMapTarget":"imports/startup/client/router.js.map","sourceFileName":"imports/startup/client/router.js","babelrc":false,"sourceType":"module","moduleIds":false,"passPerPreset":false,"parserOpts":false,"generatorOpts":false,"basename":"router"},"ignored":false,"code":"var FlowRouter = void 0;\nmodule.watch(require(\"meteor/kadira:flow-router\"), {\n  FlowRouter: function (v) {\n    FlowRouter = v;\n  }\n}, 0);\nvar BlazeLayout = void 0;\nmodule.watch(require(\"meteor/kadira:blaze-layout\"), {\n  BlazeLayout: function (v) {\n    BlazeLayout = v;\n  }\n}, 1);\nFlowRouter.route('/', {\n  name: 'Home_Page',\n  action: function () {\n    BlazeLayout.render('App_Body', {\n      main: 'Home_Page'\n    });\n  }\n});\nFlowRouter.route('/list', {\n  name: 'List_Stuff_Page',\n  action: function () {\n    BlazeLayout.render('App_Body', {\n      main: 'List_Stuff_Page'\n    });\n  }\n});\nFlowRouter.route('/add', {\n  name: 'Add_Stuff_Page',\n  action: function () {\n    BlazeLayout.render('App_Body', {\n      main: 'Add_Stuff_Page'\n    });\n  }\n});\nFlowRouter.route('/stuff/:_id', {\n  name: 'Edit_Stuff_Page',\n  action: function () {\n    BlazeLayout.render('App_Body', {\n      main: 'Edit_Stuff_Page'\n    });\n  }\n});\nFlowRouter.notFound = {\n  action: function () {\n    BlazeLayout.render('App_Body', {\n      main: 'App_Not_Found'\n    });\n  }\n};","map":{"version":3,"sources":["imports/startup/client/router.js"],"names":["FlowRouter","module","watch","require","v","BlazeLayout","route","name","action","render","main","notFound"],"mappings":"AAAA,IAAIA,mBAAJ;AAAeC,OAAOC,KAAP,CAAaC,QAAQ,2BAAR,CAAb,EAAkD;AAACH,YAAD,YAAYI,CAAZ,EAAc;AAACJ,iBAAWI,CAAX;AAAa;AAA5B,CAAlD,EAAgF,CAAhF;AAAmF,IAAIC,oBAAJ;AAAgBJ,OAAOC,KAAP,CAAaC,QAAQ,4BAAR,CAAb,EAAmD;AAACE,aAAD,YAAaD,CAAb,EAAe;AAACC,kBAAYD,CAAZ;AAAc;AAA9B,CAAnD,EAAmF,CAAnF;AAGlHJ,WAAWM,KAAX,CAAiB,GAAjB,EAAsB;AACpBC,QAAM,WADc;AAEpBC,QAFoB,cAEX;AACPH,gBAAYI,MAAZ,CAAmB,UAAnB,EAA+B;AAAEC,YAAM;AAAR,KAA/B;AACD;AAJmB,CAAtB;AAOAV,WAAWM,KAAX,CAAiB,OAAjB,EAA0B;AACxBC,QAAM,iBADkB;AAExBC,QAFwB,cAEf;AACPH,gBAAYI,MAAZ,CAAmB,UAAnB,EAA+B;AAAEC,YAAM;AAAR,KAA/B;AACD;AAJuB,CAA1B;AAOAV,WAAWM,KAAX,CAAiB,MAAjB,EAAyB;AACvBC,QAAM,gBADiB;AAEvBC,QAFuB,cAEd;AACPH,gBAAYI,MAAZ,CAAmB,UAAnB,EAA+B;AAAEC,YAAM;AAAR,KAA/B;AACD;AAJsB,CAAzB;AAOAV,WAAWM,KAAX,CAAiB,aAAjB,EAAgC;AAC9BC,QAAM,iBADwB;AAE9BC,QAF8B,cAErB;AACPH,gBAAYI,MAAZ,CAAmB,UAAnB,EAA+B;AAAEC,YAAM;AAAR,KAA/B;AACD;AAJ6B,CAAhC;AAOAV,WAAWW,QAAX,GAAsB;AACpBH,QADoB,cACX;AACPH,gBAAYI,MAAZ,CAAmB,UAAnB,EAA+B;AAAEC,YAAM;AAAR,KAA/B;AACD;AAHmB,CAAtB","file":"imports/startup/client/router.js.map","sourcesContent":["import { FlowRouter } from 'meteor/kadira:flow-router';\nimport { BlazeLayout } from 'meteor/kadira:blaze-layout';\n\nFlowRouter.route('/', {\n  name: 'Home_Page',\n  action() {\n    BlazeLayout.render('App_Body', { main: 'Home_Page' });\n  },\n});\n\nFlowRouter.route('/list', {\n  name: 'List_Stuff_Page',\n  action() {\n    BlazeLayout.render('App_Body', { main: 'List_Stuff_Page' });\n  },\n});\n\nFlowRouter.route('/add', {\n  name: 'Add_Stuff_Page',\n  action() {\n    BlazeLayout.render('App_Body', { main: 'Add_Stuff_Page' });\n  },\n});\n\nFlowRouter.route('/stuff/:_id', {\n  name: 'Edit_Stuff_Page',\n  action() {\n    BlazeLayout.render('App_Body', { main: 'Edit_Stuff_Page' });\n  },\n});\n\nFlowRouter.notFound = {\n  action() {\n    BlazeLayout.render('App_Body', { main: 'App_Not_Found' });\n  },\n};\n"]},"hash":"48b23ba484248150c81bbd10d6faed47e7e77467"}
