{"metadata":{"usedHelpers":[],"marked":[],"modules":{"imports":[{"source":"meteor/underscore","imported":["_"],"specifiers":[{"kind":"named","imported":"_","local":"_"}]},{"source":"../../api/stuff/stuff.js","imported":["Stuff"],"specifiers":[{"kind":"named","imported":"Stuff","local":"Stuff"}]}],"exports":{"exported":[],"specifiers":[]}}},"options":{"filename":"imports/startup/server/stuff.js","filenameRelative":"imports/startup/server/stuff.js","env":{"development":{"plugins":[]}},"retainLines":false,"highlightCode":true,"suppressDeprecationMessages":false,"presets":[],"plugins":[[[],{"generateLetDeclarations":true,"enforceStrictMode":false}],[[],null],[[],{"polyfill":false}],[[],null],[[],null],[[],null],[[],{"allowTopLevelThis":true,"strict":false,"loose":true}],[[],null],[[],null],[[],null],[[],null],[[],null],[[],null],[[],null],[[],null],[[],null],[[],null],[[],null],[[],null],[[],{"loose":true}],[[],{"loose":true}],[[],null],[[],{"loose":true}],[[],null],[[],null],[[],null],[[],null],[[],null],[[],null],[[],{"loose":true}],[[],null],[[],null],[[],null],[[],null],[[],null],[[],null],[[],null]],"ignore":[],"code":true,"metadata":true,"ast":true,"comments":true,"compact":false,"minified":false,"sourceMap":true,"sourceMaps":true,"sourceMapTarget":"imports/startup/server/stuff.js.map","sourceFileName":"imports/startup/server/stuff.js","babelrc":false,"sourceType":"module","moduleIds":false,"passPerPreset":false,"parserOpts":false,"generatorOpts":false,"basename":"stuff"},"ignored":false,"code":"var _ = void 0;\n\nmodule.watch(require(\"meteor/underscore\"), {\n  _: function (v) {\n    _ = v;\n  }\n}, 0);\nvar Stuff = void 0;\nmodule.watch(require(\"../../api/stuff/stuff.js\"), {\n  Stuff: function (v) {\n    Stuff = v;\n  }\n}, 1);\n/**\n * A list of Stuff to pre-fill the Collection.\n * @type {*[]}\n */var stuffSeeds = [{\n  name: 'Basket',\n  quantity: 3\n}, {\n  name: 'Bicycle',\n  quantity: 2\n}]; /**\n     * Initialize the Stuff collection if empty with seed data.\n     */\n\nif (Stuff.find().count() === 0) {\n  _.each(stuffSeeds, function () {\n    function seedStuffs(stuff) {\n      Stuff.insert(stuff);\n    }\n\n    return seedStuffs;\n  }());\n}","map":{"version":3,"sources":["imports/startup/server/stuff.js"],"names":["_","module","watch","require","v","Stuff","stuffSeeds","name","quantity","find","count","each","seedStuffs","stuff","insert"],"mappings":"AAAA,IAAIA,UAAJ;;AAAMC,OAAOC,KAAP,CAAaC,QAAQ,mBAAR,CAAb,EAA0C;AAACH,GAAD,YAAGI,CAAH,EAAK;AAACJ,QAAEI,CAAF;AAAI;AAAV,CAA1C,EAAsD,CAAtD;AAAyD,IAAIC,cAAJ;AAAUJ,OAAOC,KAAP,CAAaC,QAAQ,0BAAR,CAAb,EAAiD;AAACE,OAAD,YAAOD,CAAP,EAAS;AAACC,YAAMD,CAAN;AAAQ;AAAlB,CAAjD,EAAqE,CAArE;AAGzE;;;GAIA,IAAME,aAAa,CACjB;AAAEC,QAAM,QAAR;AAAkBC,YAAU;AAA5B,CADiB,EAEjB;AAAED,QAAM,SAAR;AAAmBC,YAAU;AAA7B,CAFiB,CAAnB,C,CAKA;;;;AAGA,IAAIH,MAAMI,IAAN,GAAaC,KAAb,OAAyB,CAA7B,EAAgC;AAC9BV,IAAEW,IAAF,CAAOL,UAAP;AAAmB,aAASM,UAAT,CAAoBC,KAApB,EAA2B;AAC5CR,YAAMS,MAAN,CAAaD,KAAb;AACD;;AAFD,WAA4BD,UAA5B;AAAA;AAGD","file":"imports/startup/server/stuff.js.map","sourcesContent":["import { _ } from 'meteor/underscore';\nimport { Stuff } from '../../api/stuff/stuff.js';\n\n/**\n * A list of Stuff to pre-fill the Collection.\n * @type {*[]}\n */\nconst stuffSeeds = [\n  { name: 'Basket', quantity: 3 },\n  { name: 'Bicycle', quantity: 2 },\n];\n\n/**\n * Initialize the Stuff collection if empty with seed data.\n */\nif (Stuff.find().count() === 0) {\n  _.each(stuffSeeds, function seedStuffs(stuff) {\n    Stuff.insert(stuff);\n  });\n}\n"]},"hash":"4b390ecd9baf9a01d421d285106abb9ebf9711a6"}
