{"metadata":{"usedHelpers":[],"marked":[],"modules":{"imports":[{"source":"meteor/mongo","imported":["Mongo"],"specifiers":[{"kind":"named","imported":"Mongo","local":"Mongo"}]},{"source":"meteor/aldeed:simple-schema","imported":["SimpleSchema"],"specifiers":[{"kind":"named","imported":"SimpleSchema","local":"SimpleSchema"}]}],"exports":{"exported":["Stuff","StuffSchema"],"specifiers":[{"kind":"local","local":"Stuff","exported":"Stuff"},{"kind":"local","local":"StuffSchema","exported":"StuffSchema"}]}}},"options":{"filename":"imports/api/stuff/stuff.js","filenameRelative":"imports/api/stuff/stuff.js","env":{"development":{"plugins":[]}},"retainLines":false,"highlightCode":true,"suppressDeprecationMessages":false,"presets":[],"plugins":[[[],{"generateLetDeclarations":true,"enforceStrictMode":false}],[[],null],[[],{"polyfill":false}],[[],null],[[],null],[[],null],[[],{"allowTopLevelThis":true,"strict":false,"loose":true}],[[],null],[[],null],[[],null],[[],null],[[],null],[[],null],[[],null],[[],null],[[],null],[[],null],[[],null],[[],null],[[],{"loose":true}],[[],{"loose":true}],[[],null],[[],{"loose":true}],[[],null],[[],null],[[],null],[[],null],[[],null],[[],null],[[],{"loose":true}],[[],null],[[],null],[[],null],[[],null],[[],null],[[],null],[[],null]],"ignore":[],"code":true,"metadata":true,"ast":true,"comments":true,"compact":false,"minified":false,"sourceMap":true,"sourceMaps":true,"sourceMapTarget":"imports/api/stuff/stuff.js.map","sourceFileName":"imports/api/stuff/stuff.js","babelrc":false,"sourceType":"module","moduleIds":false,"passPerPreset":false,"parserOpts":false,"generatorOpts":false,"basename":"stuff"},"ignored":false,"code":"module.export({\n  Stuff: function () {\n    return Stuff;\n  },\n  StuffSchema: function () {\n    return StuffSchema;\n  }\n});\nvar Mongo = void 0;\nmodule.watch(require(\"meteor/mongo\"), {\n  Mongo: function (v) {\n    Mongo = v;\n  }\n}, 0);\nvar SimpleSchema = void 0;\nmodule.watch(require(\"meteor/aldeed:simple-schema\"), {\n  SimpleSchema: function (v) {\n    SimpleSchema = v;\n  }\n}, 1);\nvar Stuff = new Mongo.Collection('Stuff');\nvar StuffSchema = new SimpleSchema({\n  first: {\n    label: 'First',\n    type: String,\n    optional: false,\n    max: 20,\n    autoform: {\n      group: 'Stuff',\n      placeholder: 'first'\n    }\n  },\n  last: {\n    label: 'Last',\n    type: String,\n    optional: false,\n    autoform: {\n      group: 'Stuff',\n      placeholder: 'last'\n    }\n  },\n  address: {\n    label: 'Address',\n    type: String,\n    optional: false,\n    autoform: {\n      group: 'Stuff',\n      placeholder: 'address'\n    }\n  },\n  phone: {\n    label: 'Phone',\n    type: String,\n    optional: false,\n    autoform: {\n      group: 'Stuff',\n      placeholder: 'phone'\n    }\n  },\n  email: {\n    label: 'Email',\n    type: String,\n    optional: false,\n    autoform: {\n      group: 'Stuff',\n      placeholder: 'email'\n    }\n  }\n});\nStuff.attachSchema(StuffSchema);","map":{"version":3,"sources":["imports/api/stuff/stuff.js"],"names":["module","export","Stuff","StuffSchema","Mongo","watch","require","v","SimpleSchema","Collection","first","label","type","String","optional","max","autoform","group","placeholder","last","address","phone","email","attachSchema"],"mappings":"AAAAA,OAAOC,MAAP,CAAc;AAACC,SAAM;AAAA,WAAIA,KAAJ;AAAA,GAAP;AAAiBC,eAAY;AAAA,WAAIA,WAAJ;AAAA;AAA7B,CAAd;AAA6D,IAAIC,cAAJ;AAAUJ,OAAOK,KAAP,CAAaC,QAAQ,cAAR,CAAb,EAAqC;AAACF,OAAD,YAAOG,CAAP,EAAS;AAACH,YAAMG,CAAN;AAAQ;AAAlB,CAArC,EAAyD,CAAzD;AAA4D,IAAIC,qBAAJ;AAAiBR,OAAOK,KAAP,CAAaC,QAAQ,6BAAR,CAAb,EAAoD;AAACE,cAAD,YAAcD,CAAd,EAAgB;AAACC,mBAAaD,CAAb;AAAe;AAAhC,CAApD,EAAsF,CAAtF;AAK7I,IAAML,QAAQ,IAAIE,MAAMK,UAAV,CAAqB,OAArB,CAAd;AAKA,IAAMN,cAAc,IAAIK,YAAJ,CAAiB;AAC1CE,SAAO;AACLC,WAAO,OADF;AAELC,UAAMC,MAFD;AAGLC,cAAU,KAHL;AAILC,SAAK,EAJA;AAKLC,cAAU;AACRC,aAAO,OADC;AAERC,mBAAa;AAFL;AALL,GADmC;AAW1CC,QAAM;AACJR,WAAO,MADH;AAEJC,UAAMC,MAFF;AAGJC,cAAU,KAHN;AAIJE,cAAU;AACRC,aAAO,OADC;AAERC,mBAAa;AAFL;AAJN,GAXoC;AAoB1CE,WAAS;AACPT,WAAO,SADA;AAEPC,UAAMC,MAFC;AAGPC,cAAU,KAHH;AAIPE,cAAU;AACRC,aAAO,OADC;AAERC,mBAAa;AAFL;AAJH,GApBiC;AA6B1CG,SAAO;AACLV,WAAO,OADF;AAELC,UAAMC,MAFD;AAGLC,cAAU,KAHL;AAILE,cAAU;AACRC,aAAO,OADC;AAERC,mBAAa;AAFL;AAJL,GA7BmC;AAsC1CI,SAAO;AACLX,WAAO,OADF;AAELC,UAAMC,MAFD;AAGLC,cAAU,KAHL;AAILE,cAAU;AACRC,aAAO,OADC;AAERC,mBAAa;AAFL;AAJL;AAtCmC,CAAjB,CAApB;AAkDPhB,MAAMqB,YAAN,CAAmBpB,WAAnB","file":"imports/api/stuff/stuff.js.map","sourcesContent":["import { Mongo } from 'meteor/mongo';\nimport { SimpleSchema } from 'meteor/aldeed:simple-schema';\n\n/* eslint-disable object-shorthand */\n\nexport const Stuff = new Mongo.Collection('Stuff');\n\n/**\n * Create the schema for Stuff\n */\nexport const StuffSchema = new SimpleSchema({\n  first: {\n    label: 'First',\n    type: String,\n    optional: false,\n    max: 20,\n    autoform: {\n      group: 'Stuff',\n      placeholder: 'first',\n    },\n  },\n  last: {\n    label: 'Last',\n    type: String,\n    optional: false,\n    autoform: {\n      group: 'Stuff',\n      placeholder: 'last',\n    },\n  },\n  address: {\n    label: 'Address',\n    type: String,\n    optional: false,\n    autoform: {\n      group: 'Stuff',\n      placeholder: 'address',\n    },\n  },\n  phone: {\n    label: 'Phone',\n    type: String,\n    optional: false,\n    autoform: {\n      group: 'Stuff',\n      placeholder: 'phone',\n    },\n  },\n  email: {\n    label: 'Email',\n    type: String,\n    optional: false,\n    autoform: {\n      group: 'Stuff',\n      placeholder: 'email',\n    },\n  },\n\n});\n\nStuff.attachSchema(StuffSchema);\n"]},"hash":"4d959e3482f410551f37791ccc71fd1ad7561843"}
