{"metadata":{"usedHelpers":[],"marked":[],"modules":{"imports":[{"source":"meteor/aldeed:autoform","imported":["AutoForm"],"specifiers":[{"kind":"named","imported":"AutoForm","local":"AutoForm"}]},{"source":"meteor/kadira:flow-router","imported":["FlowRouter"],"specifiers":[{"kind":"named","imported":"FlowRouter","local":"FlowRouter"}]},{"source":"meteor/templating","imported":["Template"],"specifiers":[{"kind":"named","imported":"Template","local":"Template"}]},{"source":"../../api/stuff/stuff.js","imported":["Stuff"],"specifiers":[{"kind":"named","imported":"Stuff","local":"Stuff"}]}],"exports":{"exported":[],"specifiers":[]}}},"options":{"filename":"imports/ui/pages/add-stuff-page.js","filenameRelative":"imports/ui/pages/add-stuff-page.js","env":{"development":{"plugins":[]}},"retainLines":false,"highlightCode":true,"suppressDeprecationMessages":false,"presets":[],"plugins":[[[],{"generateLetDeclarations":true,"enforceStrictMode":false}],[[],null],[[],{"polyfill":false}],[[],null],[[],null],[[],null],[[],{"allowTopLevelThis":true,"strict":false,"loose":true}],[[],null],[[],null],[[],null],[[],null],[[],null],[[],null],[[],null],[[],null],[[],null],[[],null],[[],null],[[],null],[[],{"loose":true}],[[],{"loose":true}],[[],null],[[],{"loose":true}],[[],null],[[],null],[[],null],[[],null],[[],null],[[],null],[[],{"loose":true}],[[],null],[[],null],[[],null],[[],null],[[],null],[[],null],[[],null]],"ignore":[],"code":true,"metadata":true,"ast":true,"comments":true,"compact":false,"minified":false,"sourceMap":true,"sourceMaps":true,"sourceMapTarget":"imports/ui/pages/add-stuff-page.js.map","sourceFileName":"imports/ui/pages/add-stuff-page.js","babelrc":false,"sourceType":"module","moduleIds":false,"passPerPreset":false,"parserOpts":false,"generatorOpts":false,"basename":"add-stuff-page"},"ignored":false,"code":"var AutoForm = void 0;\nmodule.watch(require(\"meteor/aldeed:autoform\"), {\n  AutoForm: function (v) {\n    AutoForm = v;\n  }\n}, 0);\nvar FlowRouter = void 0;\nmodule.watch(require(\"meteor/kadira:flow-router\"), {\n  FlowRouter: function (v) {\n    FlowRouter = v;\n  }\n}, 1);\nvar Template = void 0;\nmodule.watch(require(\"meteor/templating\"), {\n  Template: function (v) {\n    Template = v;\n  }\n}, 2);\nvar Stuff = void 0;\nmodule.watch(require(\"../../api/stuff/stuff.js\"), {\n  Stuff: function (v) {\n    Stuff = v;\n  }\n}, 3);\n/* eslint-disable object-shorthand, no-unused-vars */ /**\n                                                       * After successful addition of a new Stuff document, go to List page.\n                                                       * See: https://github.com/aldeed/meteor-autoform#callbackshooks\n                                                       */AutoForm.hooks({\n  AddStuffForm: {\n    /**\n     * After successful form submission, go to List_Stuff_Page.\n     * @param formType The form.\n     * @param result The result of form submission.\n     */onSuccess: function () {\n      function onSuccess(formType, result) {\n        FlowRouter.go('List_Stuff_Page');\n      }\n\n      return onSuccess;\n    }()\n  }\n});\nTemplate.Add_Stuff_Page.helpers({\n  stuffCollection: function () {\n    return Stuff;\n  }\n});","map":{"version":3,"sources":["imports/ui/pages/add-stuff-page.js"],"names":["AutoForm","module","watch","require","v","FlowRouter","Template","Stuff","hooks","AddStuffForm","onSuccess","formType","result","go","Add_Stuff_Page","helpers","stuffCollection"],"mappings":"AAAA,IAAIA,iBAAJ;AAAaC,OAAOC,KAAP,CAAaC,QAAQ,wBAAR,CAAb,EAA+C;AAACH,UAAD,YAAUI,CAAV,EAAY;AAACJ,eAASI,CAAT;AAAW;AAAxB,CAA/C,EAAyE,CAAzE;AAA4E,IAAIC,mBAAJ;AAAeJ,OAAOC,KAAP,CAAaC,QAAQ,2BAAR,CAAb,EAAkD;AAACE,YAAD,YAAYD,CAAZ,EAAc;AAACC,iBAAWD,CAAX;AAAa;AAA5B,CAAlD,EAAgF,CAAhF;AAAmF,IAAIE,iBAAJ;AAAaL,OAAOC,KAAP,CAAaC,QAAQ,mBAAR,CAAb,EAA0C;AAACG,UAAD,YAAUF,CAAV,EAAY;AAACE,eAASF,CAAT;AAAW;AAAxB,CAA1C,EAAoE,CAApE;AAAuE,IAAIG,cAAJ;AAAUN,OAAOC,KAAP,CAAaC,QAAQ,0BAAR,CAAb,EAAiD;AAACI,OAAD,YAAOH,CAAP,EAAS;AAACG,YAAMH,CAAN;AAAQ;AAAlB,CAAjD,EAAqE,CAArE;AAKzR,qD,CAEA;;;yDAIAJ,SAASQ,KAAT,CAAe;AACbC,gBAAc;AACZ;;;;OAKAC;AAAW,eAASA,SAAT,CAAmBC,QAAnB,EAA6BC,MAA7B,EAAqC;AAC9CP,mBAAWQ,EAAX,CAAc,iBAAd;AACD;;AAFD,aAAoBH,SAApB;AAAA;AANY;AADD,CAAf;AAaAJ,SAASQ,cAAT,CAAwBC,OAAxB,CAAgC;AAC9BC,iBAD8B,cACZ;AAChB,WAAOT,KAAP;AACD;AAH6B,CAAhC","file":"imports/ui/pages/add-stuff-page.js.map","sourcesContent":["import { AutoForm } from 'meteor/aldeed:autoform';\nimport { FlowRouter } from 'meteor/kadira:flow-router';\nimport { Template } from 'meteor/templating';\nimport { Stuff } from '../../api/stuff/stuff.js';\n\n/* eslint-disable object-shorthand, no-unused-vars */\n\n/**\n * After successful addition of a new Stuff document, go to List page.\n * See: https://github.com/aldeed/meteor-autoform#callbackshooks\n */\nAutoForm.hooks({\n  AddStuffForm: {\n    /**\n     * After successful form submission, go to List_Stuff_Page.\n     * @param formType The form.\n     * @param result The result of form submission.\n     */\n    onSuccess: function onSuccess(formType, result) {\n      FlowRouter.go('List_Stuff_Page');\n    },\n  },\n});\n\nTemplate.Add_Stuff_Page.helpers({\n  stuffCollection() {\n    return Stuff;\n  },\n});\n"]},"hash":"4ff69255b0975c5d3a9760ff3c089561d95b411f"}
