{"metadata":{"usedHelpers":[],"marked":[],"modules":{"imports":[{"source":"meteor/templating","imported":["Template"],"specifiers":[{"kind":"named","imported":"Template","local":"Template"}]},{"source":"../../api/stuff/stuff.js","imported":["Stuff"],"specifiers":[{"kind":"named","imported":"Stuff","local":"Stuff"}]}],"exports":{"exported":[],"specifiers":[]}}},"options":{"filename":"imports/ui/pages/home-page.js","filenameRelative":"imports/ui/pages/home-page.js","env":{"development":{"plugins":[]}},"retainLines":false,"highlightCode":true,"suppressDeprecationMessages":false,"presets":[],"plugins":[[[],{"generateLetDeclarations":true,"enforceStrictMode":false}],[[],null],[[],{"polyfill":false}],[[],null],[[],null],[[],null],[[],{"allowTopLevelThis":true,"strict":false,"loose":true}],[[],null],[[],null],[[],null],[[],null],[[],null],[[],null],[[],null],[[],null],[[],null],[[],null],[[],null],[[],null],[[],{"loose":true}],[[],{"loose":true}],[[],null],[[],{"loose":true}],[[],null],[[],null],[[],null],[[],null],[[],null],[[],null],[[],{"loose":true}],[[],null],[[],null],[[],null],[[],null],[[],null],[[],null],[[],null]],"ignore":[],"code":true,"metadata":true,"ast":true,"comments":true,"compact":false,"minified":false,"sourceMap":true,"sourceMaps":true,"sourceMapTarget":"imports/ui/pages/home-page.js.map","sourceFileName":"imports/ui/pages/home-page.js","babelrc":false,"sourceType":"module","moduleIds":false,"passPerPreset":false,"parserOpts":false,"generatorOpts":false,"basename":"home-page"},"ignored":false,"code":"var Template = void 0;\nmodule.watch(require(\"meteor/templating\"), {\n  Template: function (v) {\n    Template = v;\n  }\n}, 0);\nvar Stuff = void 0;\nmodule.watch(require(\"../../api/stuff/stuff.js\"), {\n  Stuff: function (v) {\n    Stuff = v;\n  }\n}, 1);\nTemplate.Home_Page.helpers({\n  /**\n   * @returns {*} All of the Stuff documents.\n   */stuffList: function () {\n    return Stuff.find();\n  }\n});","map":{"version":3,"sources":["imports/ui/pages/home-page.js"],"names":["Template","module","watch","require","v","Stuff","Home_Page","helpers","stuffList","find"],"mappings":"AAAA,IAAIA,iBAAJ;AAAaC,OAAOC,KAAP,CAAaC,QAAQ,mBAAR,CAAb,EAA0C;AAACH,UAAD,YAAUI,CAAV,EAAY;AAACJ,eAASI,CAAT;AAAW;AAAxB,CAA1C,EAAoE,CAApE;AAAuE,IAAIC,cAAJ;AAAUJ,OAAOC,KAAP,CAAaC,QAAQ,0BAAR,CAAb,EAAiD;AAACE,OAAD,YAAOD,CAAP,EAAS;AAACC,YAAMD,CAAN;AAAQ;AAAlB,CAAjD,EAAqE,CAArE;AAG9FJ,SAASM,SAAT,CAAmBC,OAAnB,CAA2B;AAEzB;;KAGAC,SALyB,cAKb;AACV,WAAOH,MAAMI,IAAN,EAAP;AACD;AAPwB,CAA3B","file":"imports/ui/pages/home-page.js.map","sourcesContent":["import { Template } from 'meteor/templating';\nimport { Stuff } from '../../api/stuff/stuff.js';\n\nTemplate.Home_Page.helpers({\n\n  /**\n   * @returns {*} All of the Stuff documents.\n   */\n  stuffList() {\n    return Stuff.find();\n  },\n});\n"]},"hash":"57a8d1e4d59ad26c88b66a9f42dca81345d0c157"}
