{"metadata":{"usedHelpers":["typeof","interopRequireDefault"],"marked":[],"modules":{"imports":[],"exports":{"exported":[],"specifiers":[]}}},"options":{"filename":"client/lib/semantic-ui/definitions/modules/transition.js","filenameRelative":"client/lib/semantic-ui/definitions/modules/transition.js","env":{"development":{"plugins":[]}},"retainLines":false,"highlightCode":true,"suppressDeprecationMessages":false,"presets":[],"plugins":[[[],{"generateLetDeclarations":true,"enforceStrictMode":false}],[[],null],[[],{"polyfill":false}],[[],null],[[],null],[[],null],[[],{"allowTopLevelThis":true,"strict":false,"loose":true}],[[],null],[[],null],[[],null],[[],null],[[],null],[[],null],[[],null],[[],null],[[],null],[[],null],[[],null],[[],null],[[],{"loose":true}],[[],{"loose":true}],[[],null],[[],{"loose":true}],[[],null],[[],null],[[],null],[[],null],[[],null],[[],null],[[],{"loose":true}],[[],null],[[],null],[[],null],[[],null],[[],null],[[],null],[[],null]],"ignore":[],"code":true,"metadata":true,"ast":true,"comments":true,"compact":false,"minified":false,"sourceMap":true,"sourceMaps":true,"sourceMapTarget":"client/lib/semantic-ui/definitions/modules/transition.js.map","sourceFileName":"client/lib/semantic-ui/definitions/modules/transition.js","babelrc":false,"sourceType":"module","moduleIds":false,"passPerPreset":false,"parserOpts":false,"generatorOpts":false,"basename":"transition"},"ignored":false,"code":"var _typeof2 = require(\"babel-runtime/helpers/typeof\");\n\nvar _typeof3 = _interopRequireDefault(_typeof2);\n\nfunction _interopRequireDefault(obj) { return obj && obj.__esModule ? obj : { \"default\": obj }; }\n\n/*\n  DO NOT MODIFY - This file has been generated and will be regenerated\n  Semantic UI v2.2.1\n*/ /*!\n    * # Semantic UI - Transition\n    * http://github.com/semantic-org/semantic-ui/\n    *\n    *\n    * Released under the MIT license\n    * http://opensource.org/licenses/MIT\n    *\n    */;\n\n(function ($, window, document, undefined) {\n  \"use strict\";\n\n  window = typeof window != 'undefined' && window.Math == Math ? window : typeof self != 'undefined' && self.Math == Math ? self : Function('return this')();\n\n  $.fn.transition = function () {\n    var $allModules = $(this),\n        moduleSelector = $allModules.selector || '',\n        time = new Date().getTime(),\n        performance = [],\n        moduleArguments = arguments,\n        query = moduleArguments[0],\n        queryArguments = [].slice.call(arguments, 1),\n        methodInvoked = typeof query === 'string',\n        requestAnimationFrame = window.requestAnimationFrame || window.mozRequestAnimationFrame || window.webkitRequestAnimationFrame || window.msRequestAnimationFrame || function (callback) {\n      setTimeout(callback, 0);\n    },\n        returnedValue;\n\n    $allModules.each(function (index) {\n      var $module = $(this),\n          element = this,\n          // set at run time\n      settings,\n          instance,\n          error,\n          className,\n          metadata,\n          animationEnd,\n          animationName,\n          namespace,\n          moduleNamespace,\n          eventNamespace,\n          module;\n      module = {\n        initialize: function () {\n          // get full settings\n          settings = module.get.settings.apply(element, moduleArguments); // shorthand\n\n          className = settings.className;\n          error = settings.error;\n          metadata = settings.metadata; // define namespace\n\n          eventNamespace = '.' + settings.namespace;\n          moduleNamespace = 'module-' + settings.namespace;\n          instance = $module.data(moduleNamespace) || module; // get vendor specific events\n\n          animationEnd = module.get.animationEndEvent();\n\n          if (methodInvoked) {\n            methodInvoked = module.invoke(query);\n          } // method not invoked, lets run an animation\n\n\n          if (methodInvoked === false) {\n            module.verbose('Converted arguments into settings object', settings);\n\n            if (settings.interval) {\n              module.delay(settings.animate);\n            } else {\n              module.animate();\n            }\n\n            module.instantiate();\n          }\n        },\n        instantiate: function () {\n          module.verbose('Storing instance of module', module);\n          instance = module;\n          $module.data(moduleNamespace, instance);\n        },\n        destroy: function () {\n          module.verbose('Destroying previous module for', element);\n          $module.removeData(moduleNamespace);\n        },\n        refresh: function () {\n          module.verbose('Refreshing display type on next animation');\n          delete module.displayType;\n        },\n        forceRepaint: function () {\n          module.verbose('Forcing element repaint');\n          var $parentElement = $module.parent(),\n              $nextElement = $module.next();\n\n          if ($nextElement.length === 0) {\n            $module.detach().appendTo($parentElement);\n          } else {\n            $module.detach().insertBefore($nextElement);\n          }\n        },\n        repaint: function () {\n          module.verbose('Repainting element');\n          var fakeAssignment = element.offsetWidth;\n        },\n        delay: function (interval) {\n          var direction = module.get.animationDirection(),\n              shouldReverse,\n              delay;\n\n          if (!direction) {\n            direction = module.can.transition() ? module.get.direction() : 'static';\n          }\n\n          interval = interval !== undefined ? interval : settings.interval;\n          shouldReverse = settings.reverse == 'auto' && direction == className.outward;\n          delay = shouldReverse || settings.reverse == true ? ($allModules.length - index) * settings.interval : index * settings.interval;\n          module.debug('Delaying animation by', delay);\n          setTimeout(module.animate, delay);\n        },\n        animate: function (overrideSettings) {\n          settings = overrideSettings || settings;\n\n          if (!module.is.supported()) {\n            module.error(error.support);\n            return false;\n          }\n\n          module.debug('Preparing animation', settings.animation);\n\n          if (module.is.animating()) {\n            if (settings.queue) {\n              if (!settings.allowRepeats && module.has.direction() && module.is.occurring() && module.queuing !== true) {\n                module.debug('Animation is currently occurring, preventing queueing same animation', settings.animation);\n              } else {\n                module.queue(settings.animation);\n              }\n\n              return false;\n            } else if (!settings.allowRepeats && module.is.occurring()) {\n              module.debug('Animation is already occurring, will not execute repeated animation', settings.animation);\n              return false;\n            } else {\n              module.debug('New animation started, completing previous early', settings.animation);\n              instance.complete();\n            }\n          }\n\n          if (module.can.animate()) {\n            module.set.animating(settings.animation);\n          } else {\n            module.error(error.noAnimation, settings.animation, element);\n          }\n        },\n        reset: function () {\n          module.debug('Resetting animation to beginning conditions');\n          module.remove.animationCallbacks();\n          module.restore.conditions();\n          module.remove.animating();\n        },\n        queue: function (animation) {\n          module.debug('Queueing animation of', animation);\n          module.queuing = true;\n          $module.one(animationEnd + '.queue' + eventNamespace, function () {\n            module.queuing = false;\n            module.repaint();\n            module.animate.apply(this, settings);\n          });\n        },\n        complete: function (event) {\n          module.debug('Animation complete', settings.animation);\n          module.remove.completeCallback();\n          module.remove.failSafe();\n\n          if (!module.is.looping()) {\n            if (module.is.outward()) {\n              module.verbose('Animation is outward, hiding element');\n              module.restore.conditions();\n              module.hide();\n            } else if (module.is.inward()) {\n              module.verbose('Animation is outward, showing element');\n              module.restore.conditions();\n              module.show();\n            } else {\n              module.verbose('Static animation completed');\n              module.restore.conditions();\n              settings.onComplete.call(element);\n            }\n          }\n        },\n        force: {\n          visible: function () {\n            var style = $module.attr('style'),\n                userStyle = module.get.userStyle(),\n                displayType = module.get.displayType(),\n                overrideStyle = userStyle + 'display: ' + displayType + ' !important;',\n                currentDisplay = $module.css('display'),\n                emptyStyle = style === undefined || style === '';\n\n            if (currentDisplay !== displayType) {\n              module.verbose('Overriding default display to show element', displayType);\n              $module.attr('style', overrideStyle);\n            } else if (emptyStyle) {\n              $module.removeAttr('style');\n            }\n          },\n          hidden: function () {\n            var style = $module.attr('style'),\n                currentDisplay = $module.css('display'),\n                emptyStyle = style === undefined || style === '';\n\n            if (currentDisplay !== 'none' && !module.is.hidden()) {\n              module.verbose('Overriding default display to hide element');\n              $module.css('display', 'none');\n            } else if (emptyStyle) {\n              $module.removeAttr('style');\n            }\n          }\n        },\n        has: {\n          direction: function (animation) {\n            var hasDirection = false;\n            animation = animation || settings.animation;\n\n            if (typeof animation === 'string') {\n              animation = animation.split(' ');\n              $.each(animation, function (index, word) {\n                if (word === className.inward || word === className.outward) {\n                  hasDirection = true;\n                }\n              });\n            }\n\n            return hasDirection;\n          },\n          inlineDisplay: function () {\n            var style = $module.attr('style') || '';\n            return $.isArray(style.match(/display.*?;/, ''));\n          }\n        },\n        set: {\n          animating: function (animation) {\n            var animationClass, direction; // remove previous callbacks\n\n            module.remove.completeCallback(); // determine exact animation\n\n            animation = animation || settings.animation;\n            animationClass = module.get.animationClass(animation); // save animation class in cache to restore class names\n\n            module.save.animation(animationClass); // override display if necessary so animation appears visibly\n\n            module.force.visible();\n            module.remove.hidden();\n            module.remove.direction();\n            module.start.animation(animationClass);\n          },\n          duration: function (animationName, duration) {\n            duration = duration || settings.duration;\n            duration = typeof duration == 'number' ? duration + 'ms' : duration;\n\n            if (duration || duration === 0) {\n              module.verbose('Setting animation duration', duration);\n              $module.css({\n                'animation-duration': duration\n              });\n            }\n          },\n          direction: function (direction) {\n            direction = direction || module.get.direction();\n\n            if (direction == className.inward) {\n              module.set.inward();\n            } else {\n              module.set.outward();\n            }\n          },\n          looping: function () {\n            module.debug('Transition set to loop');\n            $module.addClass(className.looping);\n          },\n          hidden: function () {\n            $module.addClass(className.transition).addClass(className.hidden);\n          },\n          inward: function () {\n            module.debug('Setting direction to inward');\n            $module.removeClass(className.outward).addClass(className.inward);\n          },\n          outward: function () {\n            module.debug('Setting direction to outward');\n            $module.removeClass(className.inward).addClass(className.outward);\n          },\n          visible: function () {\n            $module.addClass(className.transition).addClass(className.visible);\n          }\n        },\n        start: {\n          animation: function (animationClass) {\n            animationClass = animationClass || module.get.animationClass();\n            module.debug('Starting tween', animationClass);\n            $module.addClass(animationClass).one(animationEnd + '.complete' + eventNamespace, module.complete);\n\n            if (settings.useFailSafe) {\n              module.add.failSafe();\n            }\n\n            module.set.duration(settings.duration);\n            settings.onStart.call(element);\n          }\n        },\n        save: {\n          animation: function (animation) {\n            if (!module.cache) {\n              module.cache = {};\n            }\n\n            module.cache.animation = animation;\n          },\n          displayType: function (displayType) {\n            if (displayType !== 'none') {\n              $module.data(metadata.displayType, displayType);\n            }\n          },\n          transitionExists: function (animation, exists) {\n            $.fn.transition.exists[animation] = exists;\n            module.verbose('Saving existence of transition', animation, exists);\n          }\n        },\n        restore: {\n          conditions: function () {\n            var animation = module.get.currentAnimation();\n\n            if (animation) {\n              $module.removeClass(animation);\n              module.verbose('Removing animation class', module.cache);\n            }\n\n            module.remove.duration();\n          }\n        },\n        add: {\n          failSafe: function () {\n            var duration = module.get.duration();\n            module.timer = setTimeout(function () {\n              $module.triggerHandler(animationEnd);\n            }, duration + settings.failSafeDelay);\n            module.verbose('Adding fail safe timer', module.timer);\n          }\n        },\n        remove: {\n          animating: function () {\n            $module.removeClass(className.animating);\n          },\n          animationCallbacks: function () {\n            module.remove.queueCallback();\n            module.remove.completeCallback();\n          },\n          queueCallback: function () {\n            $module.off('.queue' + eventNamespace);\n          },\n          completeCallback: function () {\n            $module.off('.complete' + eventNamespace);\n          },\n          display: function () {\n            $module.css('display', '');\n          },\n          direction: function () {\n            $module.removeClass(className.inward).removeClass(className.outward);\n          },\n          duration: function () {\n            $module.css('animation-duration', '');\n          },\n          failSafe: function () {\n            module.verbose('Removing fail safe timer', module.timer);\n\n            if (module.timer) {\n              clearTimeout(module.timer);\n            }\n          },\n          hidden: function () {\n            $module.removeClass(className.hidden);\n          },\n          visible: function () {\n            $module.removeClass(className.visible);\n          },\n          looping: function () {\n            module.debug('Transitions are no longer looping');\n\n            if (module.is.looping()) {\n              module.reset();\n              $module.removeClass(className.looping);\n            }\n          },\n          transition: function () {\n            $module.removeClass(className.visible).removeClass(className.hidden);\n          }\n        },\n        get: {\n          settings: function (animation, duration, onComplete) {\n            // single settings object\n            if ((typeof animation === \"undefined\" ? \"undefined\" : (0, _typeof3.default)(animation)) == 'object') {\n              return $.extend(true, {}, $.fn.transition.settings, animation);\n            } // all arguments provided\n            else if (typeof onComplete == 'function') {\n                return $.extend({}, $.fn.transition.settings, {\n                  animation: animation,\n                  onComplete: onComplete,\n                  duration: duration\n                });\n              } // only duration provided\n              else if (typeof duration == 'string' || typeof duration == 'number') {\n                  return $.extend({}, $.fn.transition.settings, {\n                    animation: animation,\n                    duration: duration\n                  });\n                } // duration is actually settings object\n                else if ((typeof duration === \"undefined\" ? \"undefined\" : (0, _typeof3.default)(duration)) == 'object') {\n                    return $.extend({}, $.fn.transition.settings, duration, {\n                      animation: animation\n                    });\n                  } // duration is actually callback\n                  else if (typeof duration == 'function') {\n                      return $.extend({}, $.fn.transition.settings, {\n                        animation: animation,\n                        onComplete: duration\n                      });\n                    } // only animation provided\n                    else {\n                        return $.extend({}, $.fn.transition.settings, {\n                          animation: animation\n                        });\n                      }\n\n            return $.fn.transition.settings;\n          },\n          animationClass: function (animation) {\n            var animationClass = animation || settings.animation,\n                directionClass = module.can.transition() && !module.has.direction() ? module.get.direction() + ' ' : '';\n            return className.animating + ' ' + className.transition + ' ' + directionClass + animationClass;\n          },\n          currentAnimation: function () {\n            return module.cache && module.cache.animation !== undefined ? module.cache.animation : false;\n          },\n          currentDirection: function () {\n            return module.is.inward() ? className.inward : className.outward;\n          },\n          direction: function () {\n            return module.is.hidden() || !module.is.visible() ? className.inward : className.outward;\n          },\n          animationDirection: function (animation) {\n            var direction;\n            animation = animation || settings.animation;\n\n            if (typeof animation === 'string') {\n              animation = animation.split(' '); // search animation name for out/in class\n\n              $.each(animation, function (index, word) {\n                if (word === className.inward) {\n                  direction = className.inward;\n                } else if (word === className.outward) {\n                  direction = className.outward;\n                }\n              });\n            } // return found direction\n\n\n            if (direction) {\n              return direction;\n            }\n\n            return false;\n          },\n          duration: function (duration) {\n            duration = duration || settings.duration;\n\n            if (duration === false) {\n              duration = $module.css('animation-duration') || 0;\n            }\n\n            return typeof duration === 'string' ? duration.indexOf('ms') > -1 ? parseFloat(duration) : parseFloat(duration) * 1000 : duration;\n          },\n          displayType: function () {\n            if (settings.displayType) {\n              return settings.displayType;\n            }\n\n            if ($module.data(metadata.displayType) === undefined) {\n              // create fake element to determine display state\n              module.can.transition(true);\n            }\n\n            return $module.data(metadata.displayType);\n          },\n          userStyle: function (style) {\n            style = style || $module.attr('style') || '';\n            return style.replace(/display.*?;/, '');\n          },\n          transitionExists: function (animation) {\n            return $.fn.transition.exists[animation];\n          },\n          animationStartEvent: function () {\n            var element = document.createElement('div'),\n                animations = {\n              'animation': 'animationstart',\n              'OAnimation': 'oAnimationStart',\n              'MozAnimation': 'mozAnimationStart',\n              'WebkitAnimation': 'webkitAnimationStart'\n            },\n                animation;\n\n            for (animation in meteorBabelHelpers.sanitizeForInObject(animations)) {\n              if (element.style[animation] !== undefined) {\n                return animations[animation];\n              }\n            }\n\n            return false;\n          },\n          animationEndEvent: function () {\n            var element = document.createElement('div'),\n                animations = {\n              'animation': 'animationend',\n              'OAnimation': 'oAnimationEnd',\n              'MozAnimation': 'mozAnimationEnd',\n              'WebkitAnimation': 'webkitAnimationEnd'\n            },\n                animation;\n\n            for (animation in meteorBabelHelpers.sanitizeForInObject(animations)) {\n              if (element.style[animation] !== undefined) {\n                return animations[animation];\n              }\n            }\n\n            return false;\n          }\n        },\n        can: {\n          transition: function (forced) {\n            var animation = settings.animation,\n                transitionExists = module.get.transitionExists(animation),\n                elementClass,\n                tagName,\n                $clone,\n                currentAnimation,\n                inAnimation,\n                directionExists,\n                displayType;\n\n            if (transitionExists === undefined || forced) {\n              module.verbose('Determining whether animation exists');\n              elementClass = $module.attr('class');\n              tagName = $module.prop('tagName');\n              $clone = $('<' + tagName + ' />').addClass(elementClass).insertAfter($module);\n              currentAnimation = $clone.addClass(animation).removeClass(className.inward).removeClass(className.outward).addClass(className.animating).addClass(className.transition).css('animationName');\n              inAnimation = $clone.addClass(className.inward).css('animationName');\n              displayType = $clone.attr('class', elementClass).removeAttr('style').removeClass(className.hidden).removeClass(className.visible).show().css('display');\n              module.verbose('Determining final display state', displayType);\n              module.save.displayType(displayType);\n              $clone.remove();\n\n              if (currentAnimation != inAnimation) {\n                module.debug('Direction exists for animation', animation);\n                directionExists = true;\n              } else if (currentAnimation == 'none' || !currentAnimation) {\n                module.debug('No animation defined in css', animation);\n                return;\n              } else {\n                module.debug('Static animation found', animation, displayType);\n                directionExists = false;\n              }\n\n              module.save.transitionExists(animation, directionExists);\n            }\n\n            return transitionExists !== undefined ? transitionExists : directionExists;\n          },\n          animate: function () {\n            // can transition does not return a value if animation does not exist\n            return module.can.transition() !== undefined;\n          }\n        },\n        is: {\n          animating: function () {\n            return $module.hasClass(className.animating);\n          },\n          inward: function () {\n            return $module.hasClass(className.inward);\n          },\n          outward: function () {\n            return $module.hasClass(className.outward);\n          },\n          looping: function () {\n            return $module.hasClass(className.looping);\n          },\n          occurring: function (animation) {\n            animation = animation || settings.animation;\n            animation = '.' + animation.replace(' ', '.');\n            return $module.filter(animation).length > 0;\n          },\n          visible: function () {\n            return $module.is(':visible');\n          },\n          hidden: function () {\n            return $module.css('visibility') === 'hidden';\n          },\n          supported: function () {\n            return animationEnd !== false;\n          }\n        },\n        hide: function () {\n          module.verbose('Hiding element');\n\n          if (module.is.animating()) {\n            module.reset();\n          }\n\n          element.blur(); // IE will trigger focus change if element is not blurred before hiding\n\n          module.remove.display();\n          module.remove.visible();\n          module.set.hidden();\n          module.force.hidden();\n          settings.onHide.call(element);\n          settings.onComplete.call(element); // module.repaint();\n        },\n        show: function (display) {\n          module.verbose('Showing element', display);\n          module.remove.hidden();\n          module.set.visible();\n          module.force.visible();\n          settings.onShow.call(element);\n          settings.onComplete.call(element); // module.repaint();\n        },\n        toggle: function () {\n          if (module.is.visible()) {\n            module.hide();\n          } else {\n            module.show();\n          }\n        },\n        stop: function () {\n          module.debug('Stopping current animation');\n          $module.triggerHandler(animationEnd);\n        },\n        stopAll: function () {\n          module.debug('Stopping all animation');\n          module.remove.queueCallback();\n          $module.triggerHandler(animationEnd);\n        },\n        clear: {\n          queue: function () {\n            module.debug('Clearing animation queue');\n            module.remove.queueCallback();\n          }\n        },\n        enable: function () {\n          module.verbose('Starting animation');\n          $module.removeClass(className.disabled);\n        },\n        disable: function () {\n          module.debug('Stopping animation');\n          $module.addClass(className.disabled);\n        },\n        setting: function (name, value) {\n          module.debug('Changing setting', name, value);\n\n          if ($.isPlainObject(name)) {\n            $.extend(true, settings, name);\n          } else if (value !== undefined) {\n            if ($.isPlainObject(settings[name])) {\n              $.extend(true, settings[name], value);\n            } else {\n              settings[name] = value;\n            }\n          } else {\n            return settings[name];\n          }\n        },\n        internal: function (name, value) {\n          if ($.isPlainObject(name)) {\n            $.extend(true, module, name);\n          } else if (value !== undefined) {\n            module[name] = value;\n          } else {\n            return module[name];\n          }\n        },\n        debug: function () {\n          if (!settings.silent && settings.debug) {\n            if (settings.performance) {\n              module.performance.log(arguments);\n            } else {\n              module.debug = Function.prototype.bind.call(console.info, console, settings.name + ':');\n              module.debug.apply(console, arguments);\n            }\n          }\n        },\n        verbose: function () {\n          if (!settings.silent && settings.verbose && settings.debug) {\n            if (settings.performance) {\n              module.performance.log(arguments);\n            } else {\n              module.verbose = Function.prototype.bind.call(console.info, console, settings.name + ':');\n              module.verbose.apply(console, arguments);\n            }\n          }\n        },\n        error: function () {\n          if (!settings.silent) {\n            module.error = Function.prototype.bind.call(console.error, console, settings.name + ':');\n            module.error.apply(console, arguments);\n          }\n        },\n        performance: {\n          log: function (message) {\n            var currentTime, executionTime, previousTime;\n\n            if (settings.performance) {\n              currentTime = new Date().getTime();\n              previousTime = time || currentTime;\n              executionTime = currentTime - previousTime;\n              time = currentTime;\n              performance.push({\n                'Name': message[0],\n                'Arguments': [].slice.call(message, 1) || '',\n                'Element': element,\n                'Execution Time': executionTime\n              });\n            }\n\n            clearTimeout(module.performance.timer);\n            module.performance.timer = setTimeout(module.performance.display, 500);\n          },\n          display: function () {\n            var title = settings.name + ':',\n                totalTime = 0;\n            time = false;\n            clearTimeout(module.performance.timer);\n            $.each(performance, function (index, data) {\n              totalTime += data['Execution Time'];\n            });\n            title += ' ' + totalTime + 'ms';\n\n            if (moduleSelector) {\n              title += ' \\'' + moduleSelector + '\\'';\n            }\n\n            if ($allModules.length > 1) {\n              title += ' ' + '(' + $allModules.length + ')';\n            }\n\n            if ((console.group !== undefined || console.table !== undefined) && performance.length > 0) {\n              console.groupCollapsed(title);\n\n              if (console.table) {\n                console.table(performance);\n              } else {\n                $.each(performance, function (index, data) {\n                  console.log(data['Name'] + ': ' + data['Execution Time'] + 'ms');\n                });\n              }\n\n              console.groupEnd();\n            }\n\n            performance = [];\n          }\n        },\n        // modified for transition to return invoke success\n        invoke: function (query, passedArguments, context) {\n          var object = instance,\n              maxDepth,\n              found,\n              response;\n          passedArguments = passedArguments || queryArguments;\n          context = element || context;\n\n          if (typeof query == 'string' && object !== undefined) {\n            query = query.split(/[\\. ]/);\n            maxDepth = query.length - 1;\n            $.each(query, function (depth, value) {\n              var camelCaseValue = depth != maxDepth ? value + query[depth + 1].charAt(0).toUpperCase() + query[depth + 1].slice(1) : query;\n\n              if ($.isPlainObject(object[camelCaseValue]) && depth != maxDepth) {\n                object = object[camelCaseValue];\n              } else if (object[camelCaseValue] !== undefined) {\n                found = object[camelCaseValue];\n                return false;\n              } else if ($.isPlainObject(object[value]) && depth != maxDepth) {\n                object = object[value];\n              } else if (object[value] !== undefined) {\n                found = object[value];\n                return false;\n              } else {\n                return false;\n              }\n            });\n          }\n\n          if ($.isFunction(found)) {\n            response = found.apply(context, passedArguments);\n          } else if (found !== undefined) {\n            response = found;\n          }\n\n          if ($.isArray(returnedValue)) {\n            returnedValue.push(response);\n          } else if (returnedValue !== undefined) {\n            returnedValue = [returnedValue, response];\n          } else if (response !== undefined) {\n            returnedValue = response;\n          }\n\n          return found !== undefined ? found : false;\n        }\n      };\n      module.initialize();\n    });\n    return returnedValue !== undefined ? returnedValue : this;\n  }; // Records if CSS transition is available\n\n\n  $.fn.transition.exists = {};\n  $.fn.transition.settings = {\n    // module info\n    name: 'Transition',\n    // hide all output from this component regardless of other settings\n    silent: false,\n    // debug content outputted to console\n    debug: false,\n    // verbose debug output\n    verbose: false,\n    // performance data output\n    performance: true,\n    // event namespace\n    namespace: 'transition',\n    // delay between animations in group\n    interval: 0,\n    // whether group animations should be reversed\n    reverse: 'auto',\n    // animation callback event\n    onStart: function () {},\n    onComplete: function () {},\n    onShow: function () {},\n    onHide: function () {},\n    // whether timeout should be used to ensure callback fires in cases animationend does not\n    useFailSafe: true,\n    // delay in ms for fail safe\n    failSafeDelay: 100,\n    // whether EXACT animation can occur twice in a row\n    allowRepeats: false,\n    // Override final display type on visible\n    displayType: false,\n    // animation duration\n    animation: 'fade',\n    duration: false,\n    // new animations will occur after previous ones\n    queue: true,\n    metadata: {\n      displayType: 'display'\n    },\n    className: {\n      animating: 'animating',\n      disabled: 'disabled',\n      hidden: 'hidden',\n      inward: 'in',\n      loading: 'loading',\n      looping: 'looping',\n      outward: 'out',\n      transition: 'transition',\n      visible: 'visible'\n    },\n    // possible errors\n    error: {\n      noAnimation: 'Element is no longer attached to DOM. Unable to animate.  Use silent setting to surpress this warning in production.',\n      repeated: 'That animation is already occurring, cancelling repeated animation',\n      method: 'The method you called is not defined',\n      support: 'This browser does not support CSS animations'\n    }\n  };\n})(jQuery, window, document);","map":{"version":3,"sources":["client/lib/semantic-ui/definitions/modules/transition.js"],"names":["$","window","document","undefined","Math","self","Function","fn","transition","$allModules","moduleSelector","selector","time","Date","getTime","performance","moduleArguments","arguments","query","queryArguments","slice","call","methodInvoked","requestAnimationFrame","mozRequestAnimationFrame","webkitRequestAnimationFrame","msRequestAnimationFrame","callback","setTimeout","returnedValue","each","index","$module","element","settings","instance","error","className","metadata","animationEnd","animationName","namespace","moduleNamespace","eventNamespace","module","initialize","get","apply","data","animationEndEvent","invoke","verbose","interval","delay","animate","instantiate","destroy","removeData","refresh","displayType","forceRepaint","$parentElement","parent","$nextElement","next","length","detach","appendTo","insertBefore","repaint","fakeAssignment","offsetWidth","direction","animationDirection","shouldReverse","can","reverse","outward","debug","overrideSettings","is","supported","support","animation","animating","queue","allowRepeats","has","occurring","queuing","complete","set","noAnimation","reset","remove","animationCallbacks","restore","conditions","one","event","completeCallback","failSafe","looping","hide","inward","show","onComplete","force","visible","style","attr","userStyle","overrideStyle","currentDisplay","css","emptyStyle","removeAttr","hidden","hasDirection","split","word","inlineDisplay","isArray","match","animationClass","save","start","duration","addClass","removeClass","useFailSafe","add","onStart","cache","transitionExists","exists","currentAnimation","timer","triggerHandler","failSafeDelay","queueCallback","off","display","clearTimeout","extend","directionClass","currentDirection","indexOf","parseFloat","replace","animationStartEvent","createElement","animations","forced","elementClass","tagName","$clone","inAnimation","directionExists","prop","insertAfter","hasClass","filter","blur","onHide","onShow","toggle","stop","stopAll","clear","enable","disabled","disable","setting","name","value","isPlainObject","internal","silent","log","prototype","bind","console","info","message","currentTime","executionTime","previousTime","push","title","totalTime","group","table","groupCollapsed","groupEnd","passedArguments","context","object","maxDepth","found","response","depth","camelCaseValue","charAt","toUpperCase","isFunction","loading","repeated","method","jQuery"],"mappings":";;;;;;AAAA;;;GAIA;;;;;;;;MAUA;;AAAC,CAAC,UAAUA,CAAV,EAAaC,MAAb,EAAqBC,QAArB,EAA+BC,SAA/B,EAA0C;AAE5C;;AAEAF,WAAU,OAAOA,MAAP,IAAiB,WAAjB,IAAgCA,OAAOG,IAAP,IAAeA,IAAhD,GACLH,MADK,GAEJ,OAAOI,IAAP,IAAe,WAAf,IAA8BA,KAAKD,IAAL,IAAaA,IAA5C,GACEC,IADF,GAEEC,SAAS,aAAT,GAJN;;AAOAN,IAAEO,EAAF,CAAKC,UAAL,GAAkB,YAAW;AAC3B,QACEC,cAAkBT,EAAE,IAAF,CADpB;AAAA,QAEEU,iBAAkBD,YAAYE,QAAZ,IAAwB,EAF5C;AAAA,QAIEC,OAAkB,IAAIC,IAAJ,GAAWC,OAAX,EAJpB;AAAA,QAKEC,cAAkB,EALpB;AAAA,QAOEC,kBAAkBC,SAPpB;AAAA,QAQEC,QAAkBF,gBAAgB,CAAhB,CARpB;AAAA,QASEG,iBAAkB,GAAGC,KAAH,CAASC,IAAT,CAAcJ,SAAd,EAAyB,CAAzB,CATpB;AAAA,QAUEK,gBAAmB,OAAOJ,KAAP,KAAiB,QAVtC;AAAA,QAYEK,wBAAwBtB,OAAOsB,qBAAP,IACnBtB,OAAOuB,wBADY,IAEnBvB,OAAOwB,2BAFY,IAGnBxB,OAAOyB,uBAHY,IAInB,UAASC,QAAT,EAAmB;AAAEC,iBAAWD,QAAX,EAAqB,CAArB;AAA0B,KAhBtD;AAAA,QAkBEE,aAlBF;;AAoBApB,gBACGqB,IADH,CACQ,UAASC,KAAT,EAAgB;AACpB,UACEC,UAAWhC,EAAE,IAAF,CADb;AAAA,UAEEiC,UAAW,IAFb;AAAA,UAIE;AACAC,cALF;AAAA,UAMEC,QANF;AAAA,UAQEC,KARF;AAAA,UASEC,SATF;AAAA,UAUEC,QAVF;AAAA,UAWEC,YAXF;AAAA,UAYEC,aAZF;AAAA,UAcEC,SAdF;AAAA,UAeEC,eAfF;AAAA,UAgBEC,cAhBF;AAAA,UAiBEC,MAjBF;AAoBAA,eAAS;AAEPC,oBAAY,YAAW;AAErB;AACAX,qBAAkBU,OAAOE,GAAP,CAAWZ,QAAX,CAAoBa,KAApB,CAA0Bd,OAA1B,EAAmCjB,eAAnC,CAAlB,CAHqB,CAKrB;;AACAqB,sBAAkBH,SAASG,SAA3B;AACAD,kBAAkBF,SAASE,KAA3B;AACAE,qBAAkBJ,SAASI,QAA3B,CARqB,CAUrB;;AACAK,2BAAkB,MAAMT,SAASO,SAAjC;AACAC,4BAAkB,YAAYR,SAASO,SAAvC;AACAN,qBAAkBH,QAAQgB,IAAR,CAAaN,eAAb,KAAiCE,MAAnD,CAbqB,CAerB;;AACAL,yBAAkBK,OAAOE,GAAP,CAAWG,iBAAX,EAAlB;;AAEA,cAAG3B,aAAH,EAAkB;AAChBA,4BAAgBsB,OAAOM,MAAP,CAAchC,KAAd,CAAhB;AACD,WApBoB,CAsBrB;;;AACA,cAAGI,kBAAkB,KAArB,EAA4B;AAC1BsB,mBAAOO,OAAP,CAAe,0CAAf,EAA2DjB,QAA3D;;AACA,gBAAGA,SAASkB,QAAZ,EAAsB;AACpBR,qBAAOS,KAAP,CAAanB,SAASoB,OAAtB;AACD,aAFD,MAGM;AACJV,qBAAOU,OAAP;AACD;;AACDV,mBAAOW,WAAP;AACD;AACF,SAnCM;AAqCPA,qBAAa,YAAW;AACtBX,iBAAOO,OAAP,CAAe,4BAAf,EAA6CP,MAA7C;AACAT,qBAAWS,MAAX;AACAZ,kBACGgB,IADH,CACQN,eADR,EACyBP,QADzB;AAGD,SA3CM;AA6CPqB,iBAAS,YAAW;AAClBZ,iBAAOO,OAAP,CAAe,gCAAf,EAAiDlB,OAAjD;AACAD,kBACGyB,UADH,CACcf,eADd;AAGD,SAlDM;AAoDPgB,iBAAS,YAAW;AAClBd,iBAAOO,OAAP,CAAe,2CAAf;AACA,iBAAOP,OAAOe,WAAd;AACD,SAvDM;AAyDPC,sBAAc,YAAW;AACvBhB,iBAAOO,OAAP,CAAe,yBAAf;AACA,cACEU,iBAAiB7B,QAAQ8B,MAAR,EADnB;AAAA,cAEEC,eAAe/B,QAAQgC,IAAR,EAFjB;;AAIA,cAAGD,aAAaE,MAAb,KAAwB,CAA3B,EAA8B;AAC5BjC,oBAAQkC,MAAR,GAAiBC,QAAjB,CAA0BN,cAA1B;AACD,WAFD,MAGK;AACH7B,oBAAQkC,MAAR,GAAiBE,YAAjB,CAA8BL,YAA9B;AACD;AACF,SArEM;AAuEPM,iBAAS,YAAW;AAClBzB,iBAAOO,OAAP,CAAe,oBAAf;AACA,cACEmB,iBAAiBrC,QAAQsC,WAD3B;AAGD,SA5EM;AA8EPlB,eAAO,UAASD,QAAT,EAAmB;AACxB,cACEoB,YAAY5B,OAAOE,GAAP,CAAW2B,kBAAX,EADd;AAAA,cAEEC,aAFF;AAAA,cAGErB,KAHF;;AAKA,cAAG,CAACmB,SAAJ,EAAe;AACbA,wBAAY5B,OAAO+B,GAAP,CAAWnE,UAAX,KACRoC,OAAOE,GAAP,CAAW0B,SAAX,EADQ,GAER,QAFJ;AAID;;AACDpB,qBAAYA,aAAajD,SAAd,GACPiD,QADO,GAEPlB,SAASkB,QAFb;AAIAsB,0BAAiBxC,SAAS0C,OAAT,IAAoB,MAApB,IAA8BJ,aAAanC,UAAUwC,OAAtE;AACAxB,kBAASqB,iBAAiBxC,SAAS0C,OAAT,IAAoB,IAAtC,GACJ,CAACnE,YAAYwD,MAAZ,GAAqBlC,KAAtB,IAA+BG,SAASkB,QADpC,GAEJrB,QAAQG,SAASkB,QAFrB;AAIAR,iBAAOkC,KAAP,CAAa,uBAAb,EAAsCzB,KAAtC;AACAzB,qBAAWgB,OAAOU,OAAlB,EAA2BD,KAA3B;AACD,SArGM;AAuGPC,iBAAS,UAASyB,gBAAT,EAA2B;AAClC7C,qBAAW6C,oBAAoB7C,QAA/B;;AACA,cAAG,CAACU,OAAOoC,EAAP,CAAUC,SAAV,EAAJ,EAA2B;AACzBrC,mBAAOR,KAAP,CAAaA,MAAM8C,OAAnB;AACA,mBAAO,KAAP;AACD;;AACDtC,iBAAOkC,KAAP,CAAa,qBAAb,EAAoC5C,SAASiD,SAA7C;;AACA,cAAGvC,OAAOoC,EAAP,CAAUI,SAAV,EAAH,EAA0B;AACxB,gBAAGlD,SAASmD,KAAZ,EAAmB;AACjB,kBAAG,CAACnD,SAASoD,YAAV,IAA0B1C,OAAO2C,GAAP,CAAWf,SAAX,EAA1B,IAAoD5B,OAAOoC,EAAP,CAAUQ,SAAV,EAApD,IAA6E5C,OAAO6C,OAAP,KAAmB,IAAnG,EAAyG;AACvG7C,uBAAOkC,KAAP,CAAa,sEAAb,EAAqF5C,SAASiD,SAA9F;AACD,eAFD,MAGK;AACHvC,uBAAOyC,KAAP,CAAanD,SAASiD,SAAtB;AACD;;AACD,qBAAO,KAAP;AACD,aARD,MASK,IAAG,CAACjD,SAASoD,YAAV,IAA0B1C,OAAOoC,EAAP,CAAUQ,SAAV,EAA7B,EAAoD;AACvD5C,qBAAOkC,KAAP,CAAa,qEAAb,EAAoF5C,SAASiD,SAA7F;AACA,qBAAO,KAAP;AACD,aAHI,MAIA;AACHvC,qBAAOkC,KAAP,CAAa,kDAAb,EAAiE5C,SAASiD,SAA1E;AACAhD,uBAASuD,QAAT;AACD;AACF;;AACD,cAAI9C,OAAO+B,GAAP,CAAWrB,OAAX,EAAJ,EAA2B;AACzBV,mBAAO+C,GAAP,CAAWP,SAAX,CAAqBlD,SAASiD,SAA9B;AACD,WAFD,MAGK;AACHvC,mBAAOR,KAAP,CAAaA,MAAMwD,WAAnB,EAAgC1D,SAASiD,SAAzC,EAAoDlD,OAApD;AACD;AACF,SAvIM;AAyIP4D,eAAO,YAAW;AAChBjD,iBAAOkC,KAAP,CAAa,6CAAb;AACAlC,iBAAOkD,MAAP,CAAcC,kBAAd;AACAnD,iBAAOoD,OAAP,CAAeC,UAAf;AACArD,iBAAOkD,MAAP,CAAcV,SAAd;AACD,SA9IM;AAgJPC,eAAO,UAASF,SAAT,EAAoB;AACzBvC,iBAAOkC,KAAP,CAAa,uBAAb,EAAsCK,SAAtC;AACAvC,iBAAO6C,OAAP,GAAiB,IAAjB;AACAzD,kBACGkE,GADH,CACO3D,eAAe,QAAf,GAA0BI,cADjC,EACiD,YAAW;AACxDC,mBAAO6C,OAAP,GAAiB,KAAjB;AACA7C,mBAAOyB,OAAP;AACAzB,mBAAOU,OAAP,CAAeP,KAAf,CAAqB,IAArB,EAA2Bb,QAA3B;AACD,WALH;AAOD,SA1JM;AA4JPwD,kBAAU,UAAUS,KAAV,EAAiB;AACzBvD,iBAAOkC,KAAP,CAAa,oBAAb,EAAmC5C,SAASiD,SAA5C;AACAvC,iBAAOkD,MAAP,CAAcM,gBAAd;AACAxD,iBAAOkD,MAAP,CAAcO,QAAd;;AACA,cAAG,CAACzD,OAAOoC,EAAP,CAAUsB,OAAV,EAAJ,EAAyB;AACvB,gBAAI1D,OAAOoC,EAAP,CAAUH,OAAV,EAAJ,EAA0B;AACxBjC,qBAAOO,OAAP,CAAe,sCAAf;AACAP,qBAAOoD,OAAP,CAAeC,UAAf;AACArD,qBAAO2D,IAAP;AACD,aAJD,MAKK,IAAI3D,OAAOoC,EAAP,CAAUwB,MAAV,EAAJ,EAAyB;AAC5B5D,qBAAOO,OAAP,CAAe,uCAAf;AACAP,qBAAOoD,OAAP,CAAeC,UAAf;AACArD,qBAAO6D,IAAP;AACD,aAJI,MAKA;AACH7D,qBAAOO,OAAP,CAAe,4BAAf;AACAP,qBAAOoD,OAAP,CAAeC,UAAf;AACA/D,uBAASwE,UAAT,CAAoBrF,IAApB,CAAyBY,OAAzB;AACD;AACF;AACF,SAjLM;AAmLP0E,eAAO;AACLC,mBAAS,YAAW;AAClB,gBACEC,QAAiB7E,QAAQ8E,IAAR,CAAa,OAAb,CADnB;AAAA,gBAEEC,YAAiBnE,OAAOE,GAAP,CAAWiE,SAAX,EAFnB;AAAA,gBAGEpD,cAAiBf,OAAOE,GAAP,CAAWa,WAAX,EAHnB;AAAA,gBAIEqD,gBAAiBD,YAAY,WAAZ,GAA0BpD,WAA1B,GAAwC,cAJ3D;AAAA,gBAKEsD,iBAAiBjF,QAAQkF,GAAR,CAAY,SAAZ,CALnB;AAAA,gBAMEC,aAAkBN,UAAU1G,SAAV,IAAuB0G,UAAU,EANrD;;AAQA,gBAAGI,mBAAmBtD,WAAtB,EAAmC;AACjCf,qBAAOO,OAAP,CAAe,4CAAf,EAA6DQ,WAA7D;AACA3B,sBACG8E,IADH,CACQ,OADR,EACiBE,aADjB;AAGD,aALD,MAMK,IAAGG,UAAH,EAAe;AAClBnF,sBAAQoF,UAAR,CAAmB,OAAnB;AACD;AACF,WAnBI;AAoBLC,kBAAQ,YAAW;AACjB,gBACER,QAAiB7E,QAAQ8E,IAAR,CAAa,OAAb,CADnB;AAAA,gBAEEG,iBAAiBjF,QAAQkF,GAAR,CAAY,SAAZ,CAFnB;AAAA,gBAGEC,aAAkBN,UAAU1G,SAAV,IAAuB0G,UAAU,EAHrD;;AAKA,gBAAGI,mBAAmB,MAAnB,IAA6B,CAACrE,OAAOoC,EAAP,CAAUqC,MAAV,EAAjC,EAAqD;AACnDzE,qBAAOO,OAAP,CAAe,4CAAf;AACAnB,sBACGkF,GADH,CACO,SADP,EACkB,MADlB;AAGD,aALD,MAMK,IAAGC,UAAH,EAAe;AAClBnF,sBACGoF,UADH,CACc,OADd;AAGD;AACF;AArCI,SAnLA;AA2NP7B,aAAK;AACHf,qBAAW,UAASW,SAAT,EAAoB;AAC7B,gBACEmC,eAAe,KADjB;AAGAnC,wBAAYA,aAAajD,SAASiD,SAAlC;;AACA,gBAAG,OAAOA,SAAP,KAAqB,QAAxB,EAAkC;AAChCA,0BAAYA,UAAUoC,KAAV,CAAgB,GAAhB,CAAZ;AACAvH,gBAAE8B,IAAF,CAAOqD,SAAP,EAAkB,UAASpD,KAAT,EAAgByF,IAAhB,EAAqB;AACrC,oBAAGA,SAASnF,UAAUmE,MAAnB,IAA6BgB,SAASnF,UAAUwC,OAAnD,EAA4D;AAC1DyC,iCAAe,IAAf;AACD;AACF,eAJD;AAKD;;AACD,mBAAOA,YAAP;AACD,WAfE;AAgBHG,yBAAe,YAAW;AACxB,gBACEZ,QAAQ7E,QAAQ8E,IAAR,CAAa,OAAb,KAAyB,EADnC;AAGA,mBAAO9G,EAAE0H,OAAF,CAAUb,MAAMc,KAAN,CAAY,aAAZ,EAA2B,EAA3B,CAAV,CAAP;AACD;AArBE,SA3NE;AAmPPhC,aAAK;AACHP,qBAAW,UAASD,SAAT,EAAoB;AAC7B,gBACEyC,cADF,EAEEpD,SAFF,CAD6B,CAK7B;;AACA5B,mBAAOkD,MAAP,CAAcM,gBAAd,GAN6B,CAQ7B;;AACAjB,wBAAiBA,aAAajD,SAASiD,SAAvC;AACAyC,6BAAiBhF,OAAOE,GAAP,CAAW8E,cAAX,CAA0BzC,SAA1B,CAAjB,CAV6B,CAY7B;;AACAvC,mBAAOiF,IAAP,CAAY1C,SAAZ,CAAsByC,cAAtB,EAb6B,CAe7B;;AACAhF,mBAAO+D,KAAP,CAAaC,OAAb;AAEAhE,mBAAOkD,MAAP,CAAcuB,MAAd;AACAzE,mBAAOkD,MAAP,CAActB,SAAd;AAEA5B,mBAAOkF,KAAP,CAAa3C,SAAb,CAAuByC,cAAvB;AAED,WAxBE;AAyBHG,oBAAU,UAASvF,aAAT,EAAwBuF,QAAxB,EAAkC;AAC1CA,uBAAWA,YAAY7F,SAAS6F,QAAhC;AACAA,uBAAY,OAAOA,QAAP,IAAmB,QAApB,GACPA,WAAW,IADJ,GAEPA,QAFJ;;AAIA,gBAAGA,YAAYA,aAAa,CAA5B,EAA+B;AAC7BnF,qBAAOO,OAAP,CAAe,4BAAf,EAA6C4E,QAA7C;AACA/F,sBACGkF,GADH,CACO;AACH,sCAAuBa;AADpB,eADP;AAKD;AACF,WAvCE;AAwCHvD,qBAAW,UAASA,SAAT,EAAoB;AAC7BA,wBAAYA,aAAa5B,OAAOE,GAAP,CAAW0B,SAAX,EAAzB;;AACA,gBAAGA,aAAanC,UAAUmE,MAA1B,EAAkC;AAChC5D,qBAAO+C,GAAP,CAAWa,MAAX;AACD,aAFD,MAGK;AACH5D,qBAAO+C,GAAP,CAAWd,OAAX;AACD;AACF,WAhDE;AAiDHyB,mBAAS,YAAW;AAClB1D,mBAAOkC,KAAP,CAAa,wBAAb;AACA9C,oBACGgG,QADH,CACY3F,UAAUiE,OADtB;AAGD,WAtDE;AAuDHe,kBAAQ,YAAW;AACjBrF,oBACGgG,QADH,CACY3F,UAAU7B,UADtB,EAEGwH,QAFH,CAEY3F,UAAUgF,MAFtB;AAID,WA5DE;AA6DHb,kBAAQ,YAAW;AACjB5D,mBAAOkC,KAAP,CAAa,6BAAb;AACA9C,oBACGiG,WADH,CACe5F,UAAUwC,OADzB,EAEGmD,QAFH,CAEY3F,UAAUmE,MAFtB;AAID,WAnEE;AAoEH3B,mBAAS,YAAW;AAClBjC,mBAAOkC,KAAP,CAAa,8BAAb;AACA9C,oBACGiG,WADH,CACe5F,UAAUmE,MADzB,EAEGwB,QAFH,CAEY3F,UAAUwC,OAFtB;AAID,WA1EE;AA2EH+B,mBAAS,YAAW;AAClB5E,oBACGgG,QADH,CACY3F,UAAU7B,UADtB,EAEGwH,QAFH,CAEY3F,UAAUuE,OAFtB;AAID;AAhFE,SAnPE;AAsUPkB,eAAO;AACL3C,qBAAW,UAASyC,cAAT,EAAyB;AAClCA,6BAAiBA,kBAAkBhF,OAAOE,GAAP,CAAW8E,cAAX,EAAnC;AACAhF,mBAAOkC,KAAP,CAAa,gBAAb,EAA+B8C,cAA/B;AACA5F,oBACGgG,QADH,CACYJ,cADZ,EAEG1B,GAFH,CAEO3D,eAAe,WAAf,GAA6BI,cAFpC,EAEoDC,OAAO8C,QAF3D;;AAIA,gBAAGxD,SAASgG,WAAZ,EAAyB;AACvBtF,qBAAOuF,GAAP,CAAW9B,QAAX;AACD;;AACDzD,mBAAO+C,GAAP,CAAWoC,QAAX,CAAoB7F,SAAS6F,QAA7B;AACA7F,qBAASkG,OAAT,CAAiB/G,IAAjB,CAAsBY,OAAtB;AACD;AAbI,SAtUA;AAsVP4F,cAAM;AACJ1C,qBAAW,UAASA,SAAT,EAAoB;AAC7B,gBAAG,CAACvC,OAAOyF,KAAX,EAAkB;AAChBzF,qBAAOyF,KAAP,GAAe,EAAf;AACD;;AACDzF,mBAAOyF,KAAP,CAAalD,SAAb,GAAyBA,SAAzB;AACD,WANG;AAOJxB,uBAAa,UAASA,WAAT,EAAsB;AACjC,gBAAGA,gBAAgB,MAAnB,EAA2B;AACzB3B,sBAAQgB,IAAR,CAAaV,SAASqB,WAAtB,EAAmCA,WAAnC;AACD;AACF,WAXG;AAYJ2E,4BAAkB,UAASnD,SAAT,EAAoBoD,MAApB,EAA4B;AAC5CvI,cAAEO,EAAF,CAAKC,UAAL,CAAgB+H,MAAhB,CAAuBpD,SAAvB,IAAoCoD,MAApC;AACA3F,mBAAOO,OAAP,CAAe,gCAAf,EAAiDgC,SAAjD,EAA4DoD,MAA5D;AACD;AAfG,SAtVC;AAwWPvC,iBAAS;AACPC,sBAAY,YAAW;AACrB,gBACEd,YAAYvC,OAAOE,GAAP,CAAW0F,gBAAX,EADd;;AAGA,gBAAGrD,SAAH,EAAc;AACZnD,sBACGiG,WADH,CACe9C,SADf;AAGAvC,qBAAOO,OAAP,CAAe,0BAAf,EAA2CP,OAAOyF,KAAlD;AACD;;AACDzF,mBAAOkD,MAAP,CAAciC,QAAd;AACD;AAZM,SAxWF;AAuXPI,aAAK;AACH9B,oBAAU,YAAW;AACnB,gBACE0B,WAAWnF,OAAOE,GAAP,CAAWiF,QAAX,EADb;AAGAnF,mBAAO6F,KAAP,GAAe7G,WAAW,YAAW;AACnCI,sBAAQ0G,cAAR,CAAuBnG,YAAvB;AACD,aAFc,EAEZwF,WAAW7F,SAASyG,aAFR,CAAf;AAGA/F,mBAAOO,OAAP,CAAe,wBAAf,EAAyCP,OAAO6F,KAAhD;AACD;AATE,SAvXE;AAmYP3C,gBAAQ;AACNV,qBAAW,YAAW;AACpBpD,oBAAQiG,WAAR,CAAoB5F,UAAU+C,SAA9B;AACD,WAHK;AAINW,8BAAoB,YAAW;AAC7BnD,mBAAOkD,MAAP,CAAc8C,aAAd;AACAhG,mBAAOkD,MAAP,CAAcM,gBAAd;AACD,WAPK;AAQNwC,yBAAe,YAAW;AACxB5G,oBAAQ6G,GAAR,CAAY,WAAWlG,cAAvB;AACD,WAVK;AAWNyD,4BAAkB,YAAW;AAC3BpE,oBAAQ6G,GAAR,CAAY,cAAclG,cAA1B;AACD,WAbK;AAcNmG,mBAAS,YAAW;AAClB9G,oBAAQkF,GAAR,CAAY,SAAZ,EAAuB,EAAvB;AACD,WAhBK;AAiBN1C,qBAAW,YAAW;AACpBxC,oBACGiG,WADH,CACe5F,UAAUmE,MADzB,EAEGyB,WAFH,CAEe5F,UAAUwC,OAFzB;AAID,WAtBK;AAuBNkD,oBAAU,YAAW;AACnB/F,oBACGkF,GADH,CACO,oBADP,EAC6B,EAD7B;AAGD,WA3BK;AA4BNb,oBAAU,YAAW;AACnBzD,mBAAOO,OAAP,CAAe,0BAAf,EAA2CP,OAAO6F,KAAlD;;AACA,gBAAG7F,OAAO6F,KAAV,EAAiB;AACfM,2BAAanG,OAAO6F,KAApB;AACD;AACF,WAjCK;AAkCNpB,kBAAQ,YAAW;AACjBrF,oBAAQiG,WAAR,CAAoB5F,UAAUgF,MAA9B;AACD,WApCK;AAqCNT,mBAAS,YAAW;AAClB5E,oBAAQiG,WAAR,CAAoB5F,UAAUuE,OAA9B;AACD,WAvCK;AAwCNN,mBAAS,YAAW;AAClB1D,mBAAOkC,KAAP,CAAa,mCAAb;;AACA,gBAAIlC,OAAOoC,EAAP,CAAUsB,OAAV,EAAJ,EAA0B;AACxB1D,qBAAOiD,KAAP;AACA7D,sBACGiG,WADH,CACe5F,UAAUiE,OADzB;AAGD;AACF,WAhDK;AAiDN9F,sBAAY,YAAW;AACrBwB,oBACGiG,WADH,CACe5F,UAAUuE,OADzB,EAEGqB,WAFH,CAEe5F,UAAUgF,MAFzB;AAID;AAtDK,SAnYD;AA2bPvE,aAAK;AACHZ,oBAAU,UAASiD,SAAT,EAAoB4C,QAApB,EAA8BrB,UAA9B,EAA0C;AAClD;AACA,gBAAG,QAAOvB,SAAP,uDAAOA,SAAP,MAAoB,QAAvB,EAAiC;AAC/B,qBAAOnF,EAAEgJ,MAAF,CAAS,IAAT,EAAe,EAAf,EAAmBhJ,EAAEO,EAAF,CAAKC,UAAL,CAAgB0B,QAAnC,EAA6CiD,SAA7C,CAAP;AACD,aAFD,CAGA;AAHA,iBAIK,IAAG,OAAOuB,UAAP,IAAqB,UAAxB,EAAoC;AACvC,uBAAO1G,EAAEgJ,MAAF,CAAS,EAAT,EAAahJ,EAAEO,EAAF,CAAKC,UAAL,CAAgB0B,QAA7B,EAAuC;AAC5CiD,6BAAaA,SAD+B;AAE5CuB,8BAAaA,UAF+B;AAG5CqB,4BAAaA;AAH+B,iBAAvC,CAAP;AAKD,eANI,CAOL;AAPK,mBAQA,IAAG,OAAOA,QAAP,IAAmB,QAAnB,IAA+B,OAAOA,QAAP,IAAmB,QAArD,EAA+D;AAClE,yBAAO/H,EAAEgJ,MAAF,CAAS,EAAT,EAAahJ,EAAEO,EAAF,CAAKC,UAAL,CAAgB0B,QAA7B,EAAuC;AAC5CiD,+BAAYA,SADgC;AAE5C4C,8BAAYA;AAFgC,mBAAvC,CAAP;AAID,iBALI,CAML;AANK,qBAOA,IAAG,QAAOA,QAAP,uDAAOA,QAAP,MAAmB,QAAtB,EAAgC;AACnC,2BAAO/H,EAAEgJ,MAAF,CAAS,EAAT,EAAahJ,EAAEO,EAAF,CAAKC,UAAL,CAAgB0B,QAA7B,EAAuC6F,QAAvC,EAAiD;AACtD5C,iCAAYA;AAD0C,qBAAjD,CAAP;AAGD,mBAJI,CAKL;AALK,uBAMA,IAAG,OAAO4C,QAAP,IAAmB,UAAtB,EAAkC;AACrC,6BAAO/H,EAAEgJ,MAAF,CAAS,EAAT,EAAahJ,EAAEO,EAAF,CAAKC,UAAL,CAAgB0B,QAA7B,EAAuC;AAC5CiD,mCAAaA,SAD+B;AAE5CuB,oCAAaqB;AAF+B,uBAAvC,CAAP;AAID,qBALI,CAML;AANK,yBAOA;AACH,+BAAO/H,EAAEgJ,MAAF,CAAS,EAAT,EAAahJ,EAAEO,EAAF,CAAKC,UAAL,CAAgB0B,QAA7B,EAAuC;AAC5CiD,qCAAYA;AADgC,yBAAvC,CAAP;AAGD;;AACD,mBAAOnF,EAAEO,EAAF,CAAKC,UAAL,CAAgB0B,QAAvB;AACD,WAzCE;AA0CH0F,0BAAgB,UAASzC,SAAT,EAAoB;AAClC,gBACEyC,iBAAiBzC,aAAajD,SAASiD,SADzC;AAAA,gBAEE8D,iBAAkBrG,OAAO+B,GAAP,CAAWnE,UAAX,MAA2B,CAACoC,OAAO2C,GAAP,CAAWf,SAAX,EAA7B,GACb5B,OAAOE,GAAP,CAAW0B,SAAX,KAAyB,GADZ,GAEb,EAJN;AAMA,mBAAOnC,UAAU+C,SAAV,GAAsB,GAAtB,GACH/C,UAAU7B,UADP,GACoB,GADpB,GAEHyI,cAFG,GAGHrB,cAHJ;AAKD,WAtDE;AAuDHY,4BAAkB,YAAW;AAC3B,mBAAQ5F,OAAOyF,KAAP,IAAgBzF,OAAOyF,KAAP,CAAalD,SAAb,KAA2BhF,SAA5C,GACHyC,OAAOyF,KAAP,CAAalD,SADV,GAEH,KAFJ;AAID,WA5DE;AA6DH+D,4BAAkB,YAAW;AAC3B,mBAAOtG,OAAOoC,EAAP,CAAUwB,MAAV,KACHnE,UAAUmE,MADP,GAEHnE,UAAUwC,OAFd;AAID,WAlEE;AAmEHL,qBAAW,YAAW;AACpB,mBAAO5B,OAAOoC,EAAP,CAAUqC,MAAV,MAAsB,CAACzE,OAAOoC,EAAP,CAAU4B,OAAV,EAAvB,GACHvE,UAAUmE,MADP,GAEHnE,UAAUwC,OAFd;AAID,WAxEE;AAyEHJ,8BAAoB,UAASU,SAAT,EAAoB;AACtC,gBACEX,SADF;AAGAW,wBAAYA,aAAajD,SAASiD,SAAlC;;AACA,gBAAG,OAAOA,SAAP,KAAqB,QAAxB,EAAkC;AAChCA,0BAAYA,UAAUoC,KAAV,CAAgB,GAAhB,CAAZ,CADgC,CAEhC;;AACAvH,gBAAE8B,IAAF,CAAOqD,SAAP,EAAkB,UAASpD,KAAT,EAAgByF,IAAhB,EAAqB;AACrC,oBAAGA,SAASnF,UAAUmE,MAAtB,EAA8B;AAC5BhC,8BAAYnC,UAAUmE,MAAtB;AACD,iBAFD,MAGK,IAAGgB,SAASnF,UAAUwC,OAAtB,EAA+B;AAClCL,8BAAYnC,UAAUwC,OAAtB;AACD;AACF,eAPD;AAQD,aAhBqC,CAiBtC;;;AACA,gBAAGL,SAAH,EAAc;AACZ,qBAAOA,SAAP;AACD;;AACD,mBAAO,KAAP;AACD,WA/FE;AAgGHuD,oBAAU,UAASA,QAAT,EAAmB;AAC3BA,uBAAWA,YAAY7F,SAAS6F,QAAhC;;AACA,gBAAGA,aAAa,KAAhB,EAAuB;AACrBA,yBAAW/F,QAAQkF,GAAR,CAAY,oBAAZ,KAAqC,CAAhD;AACD;;AACD,mBAAQ,OAAOa,QAAP,KAAoB,QAArB,GACFA,SAASoB,OAAT,CAAiB,IAAjB,IAAyB,CAAC,CAA3B,GACEC,WAAWrB,QAAX,CADF,GAEEqB,WAAWrB,QAAX,IAAuB,IAHtB,GAIHA,QAJJ;AAMD,WA3GE;AA4GHpE,uBAAa,YAAW;AACtB,gBAAGzB,SAASyB,WAAZ,EAAyB;AACvB,qBAAOzB,SAASyB,WAAhB;AACD;;AACD,gBAAG3B,QAAQgB,IAAR,CAAaV,SAASqB,WAAtB,MAAuCxD,SAA1C,EAAqD;AACnD;AACAyC,qBAAO+B,GAAP,CAAWnE,UAAX,CAAsB,IAAtB;AACD;;AACD,mBAAOwB,QAAQgB,IAAR,CAAaV,SAASqB,WAAtB,CAAP;AACD,WArHE;AAsHHoD,qBAAW,UAASF,KAAT,EAAgB;AACzBA,oBAAQA,SAAS7E,QAAQ8E,IAAR,CAAa,OAAb,CAAT,IAAkC,EAA1C;AACA,mBAAOD,MAAMwC,OAAN,CAAc,aAAd,EAA6B,EAA7B,CAAP;AACD,WAzHE;AA0HHf,4BAAkB,UAASnD,SAAT,EAAoB;AACpC,mBAAOnF,EAAEO,EAAF,CAAKC,UAAL,CAAgB+H,MAAhB,CAAuBpD,SAAvB,CAAP;AACD,WA5HE;AA6HHmE,+BAAqB,YAAW;AAC9B,gBACErH,UAAc/B,SAASqJ,aAAT,CAAuB,KAAvB,CADhB;AAAA,gBAEEC,aAAc;AACZ,2BAAmB,gBADP;AAEZ,4BAAmB,iBAFP;AAGZ,8BAAmB,mBAHP;AAIZ,iCAAmB;AAJP,aAFhB;AAAA,gBAQErE,SARF;;AAUA,iBAAIA,SAAJ,2CAAiBqE,UAAjB,GAA4B;AAC1B,kBAAIvH,QAAQ4E,KAAR,CAAc1B,SAAd,MAA6BhF,SAAjC,EAA4C;AAC1C,uBAAOqJ,WAAWrE,SAAX,CAAP;AACD;AACF;;AACD,mBAAO,KAAP;AACD,WA9IE;AA+IHlC,6BAAmB,YAAW;AAC5B,gBACEhB,UAAc/B,SAASqJ,aAAT,CAAuB,KAAvB,CADhB;AAAA,gBAEEC,aAAc;AACZ,2BAAmB,cADP;AAEZ,4BAAmB,eAFP;AAGZ,8BAAmB,iBAHP;AAIZ,iCAAmB;AAJP,aAFhB;AAAA,gBAQErE,SARF;;AAUA,iBAAIA,SAAJ,2CAAiBqE,UAAjB,GAA4B;AAC1B,kBAAIvH,QAAQ4E,KAAR,CAAc1B,SAAd,MAA6BhF,SAAjC,EAA4C;AAC1C,uBAAOqJ,WAAWrE,SAAX,CAAP;AACD;AACF;;AACD,mBAAO,KAAP;AACD;AAhKE,SA3bE;AA+lBPR,aAAK;AACHnE,sBAAY,UAASiJ,MAAT,EAAiB;AAC3B,gBACEtE,YAAoBjD,SAASiD,SAD/B;AAAA,gBAEEmD,mBAAoB1F,OAAOE,GAAP,CAAWwF,gBAAX,CAA4BnD,SAA5B,CAFtB;AAAA,gBAGEuE,YAHF;AAAA,gBAIEC,OAJF;AAAA,gBAKEC,MALF;AAAA,gBAMEpB,gBANF;AAAA,gBAOEqB,WAPF;AAAA,gBAQEC,eARF;AAAA,gBASEnG,WATF;;AAWA,gBAAI2E,qBAAqBnI,SAArB,IAAkCsJ,MAAtC,EAA8C;AAC5C7G,qBAAOO,OAAP,CAAe,sCAAf;AACAuG,6BAAe1H,QAAQ8E,IAAR,CAAa,OAAb,CAAf;AACA6C,wBAAe3H,QAAQ+H,IAAR,CAAa,SAAb,CAAf;AAEAH,uBAAS5J,EAAE,MAAM2J,OAAN,GAAgB,KAAlB,EAAyB3B,QAAzB,CAAmC0B,YAAnC,EAAkDM,WAAlD,CAA8DhI,OAA9D,CAAT;AACAwG,iCAAmBoB,OAChB5B,QADgB,CACP7C,SADO,EAEhB8C,WAFgB,CAEJ5F,UAAUmE,MAFN,EAGhByB,WAHgB,CAGJ5F,UAAUwC,OAHN,EAIhBmD,QAJgB,CAIP3F,UAAU+C,SAJH,EAKhB4C,QALgB,CAKP3F,UAAU7B,UALH,EAMhB0G,GANgB,CAMZ,eANY,CAAnB;AAQA2C,4BAAcD,OACX5B,QADW,CACF3F,UAAUmE,MADR,EAEXU,GAFW,CAEP,eAFO,CAAd;AAIAvD,4BAAciG,OACX9C,IADW,CACN,OADM,EACG4C,YADH,EAEXtC,UAFW,CAEA,OAFA,EAGXa,WAHW,CAGC5F,UAAUgF,MAHX,EAIXY,WAJW,CAIC5F,UAAUuE,OAJX,EAKXH,IALW,GAMXS,GANW,CAMP,SANO,CAAd;AAQAtE,qBAAOO,OAAP,CAAe,iCAAf,EAAkDQ,WAAlD;AACAf,qBAAOiF,IAAP,CAAYlE,WAAZ,CAAwBA,WAAxB;AAEAiG,qBAAO9D,MAAP;;AACA,kBAAG0C,oBAAoBqB,WAAvB,EAAoC;AAClCjH,uBAAOkC,KAAP,CAAa,gCAAb,EAA+CK,SAA/C;AACA2E,kCAAkB,IAAlB;AACD,eAHD,MAIK,IAAGtB,oBAAoB,MAApB,IAA8B,CAACA,gBAAlC,EAAoD;AACvD5F,uBAAOkC,KAAP,CAAa,6BAAb,EAA4CK,SAA5C;AACA;AACD,eAHI,MAIA;AACHvC,uBAAOkC,KAAP,CAAa,wBAAb,EAAuCK,SAAvC,EAAkDxB,WAAlD;AACAmG,kCAAkB,KAAlB;AACD;;AACDlH,qBAAOiF,IAAP,CAAYS,gBAAZ,CAA6BnD,SAA7B,EAAwC2E,eAAxC;AACD;;AACD,mBAAQxB,qBAAqBnI,SAAtB,GACHmI,gBADG,GAEHwB,eAFJ;AAID,WA7DE;AA8DHxG,mBAAS,YAAW;AAClB;AACA,mBAAQV,OAAO+B,GAAP,CAAWnE,UAAX,OAA4BL,SAApC;AACD;AAjEE,SA/lBE;AAmqBP6E,YAAI;AACFI,qBAAW,YAAW;AACpB,mBAAOpD,QAAQiI,QAAR,CAAiB5H,UAAU+C,SAA3B,CAAP;AACD,WAHC;AAIFoB,kBAAQ,YAAW;AACjB,mBAAOxE,QAAQiI,QAAR,CAAiB5H,UAAUmE,MAA3B,CAAP;AACD,WANC;AAOF3B,mBAAS,YAAW;AAClB,mBAAO7C,QAAQiI,QAAR,CAAiB5H,UAAUwC,OAA3B,CAAP;AACD,WATC;AAUFyB,mBAAS,YAAW;AAClB,mBAAOtE,QAAQiI,QAAR,CAAiB5H,UAAUiE,OAA3B,CAAP;AACD,WAZC;AAaFd,qBAAW,UAASL,SAAT,EAAoB;AAC7BA,wBAAYA,aAAajD,SAASiD,SAAlC;AACAA,wBAAY,MAAMA,UAAUkE,OAAV,CAAkB,GAAlB,EAAuB,GAAvB,CAAlB;AACA,mBAASrH,QAAQkI,MAAR,CAAe/E,SAAf,EAA0BlB,MAA1B,GAAmC,CAA5C;AACD,WAjBC;AAkBF2C,mBAAS,YAAW;AAClB,mBAAO5E,QAAQgD,EAAR,CAAW,UAAX,CAAP;AACD,WApBC;AAqBFqC,kBAAQ,YAAW;AACjB,mBAAOrF,QAAQkF,GAAR,CAAY,YAAZ,MAA8B,QAArC;AACD,WAvBC;AAwBFjC,qBAAW,YAAW;AACpB,mBAAO1C,iBAAiB,KAAxB;AACD;AA1BC,SAnqBG;AAgsBPgE,cAAM,YAAW;AACf3D,iBAAOO,OAAP,CAAe,gBAAf;;AACA,cAAIP,OAAOoC,EAAP,CAAUI,SAAV,EAAJ,EAA4B;AAC1BxC,mBAAOiD,KAAP;AACD;;AACD5D,kBAAQkI,IAAR,GALe,CAKC;;AAChBvH,iBAAOkD,MAAP,CAAcgD,OAAd;AACAlG,iBAAOkD,MAAP,CAAcc,OAAd;AACAhE,iBAAO+C,GAAP,CAAW0B,MAAX;AACAzE,iBAAO+D,KAAP,CAAaU,MAAb;AACAnF,mBAASkI,MAAT,CAAgB/I,IAAhB,CAAqBY,OAArB;AACAC,mBAASwE,UAAT,CAAoBrF,IAApB,CAAyBY,OAAzB,EAXe,CAYf;AACD,SA7sBM;AA+sBPwE,cAAM,UAASqC,OAAT,EAAkB;AACtBlG,iBAAOO,OAAP,CAAe,iBAAf,EAAkC2F,OAAlC;AACAlG,iBAAOkD,MAAP,CAAcuB,MAAd;AACAzE,iBAAO+C,GAAP,CAAWiB,OAAX;AACAhE,iBAAO+D,KAAP,CAAaC,OAAb;AACA1E,mBAASmI,MAAT,CAAgBhJ,IAAhB,CAAqBY,OAArB;AACAC,mBAASwE,UAAT,CAAoBrF,IAApB,CAAyBY,OAAzB,EANsB,CAOtB;AACD,SAvtBM;AAytBPqI,gBAAQ,YAAW;AACjB,cAAI1H,OAAOoC,EAAP,CAAU4B,OAAV,EAAJ,EAA0B;AACxBhE,mBAAO2D,IAAP;AACD,WAFD,MAGK;AACH3D,mBAAO6D,IAAP;AACD;AACF,SAhuBM;AAkuBP8D,cAAM,YAAW;AACf3H,iBAAOkC,KAAP,CAAa,4BAAb;AACA9C,kBAAQ0G,cAAR,CAAuBnG,YAAvB;AACD,SAruBM;AAuuBPiI,iBAAS,YAAW;AAClB5H,iBAAOkC,KAAP,CAAa,wBAAb;AACAlC,iBAAOkD,MAAP,CAAc8C,aAAd;AACA5G,kBAAQ0G,cAAR,CAAuBnG,YAAvB;AACD,SA3uBM;AA6uBPkI,eAAO;AACLpF,iBAAO,YAAW;AAChBzC,mBAAOkC,KAAP,CAAa,0BAAb;AACAlC,mBAAOkD,MAAP,CAAc8C,aAAd;AACD;AAJI,SA7uBA;AAovBP8B,gBAAQ,YAAW;AACjB9H,iBAAOO,OAAP,CAAe,oBAAf;AACAnB,kBAAQiG,WAAR,CAAoB5F,UAAUsI,QAA9B;AACD,SAvvBM;AAyvBPC,iBAAS,YAAW;AAClBhI,iBAAOkC,KAAP,CAAa,oBAAb;AACA9C,kBAAQgG,QAAR,CAAiB3F,UAAUsI,QAA3B;AACD,SA5vBM;AA8vBPE,iBAAS,UAASC,IAAT,EAAeC,KAAf,EAAsB;AAC7BnI,iBAAOkC,KAAP,CAAa,kBAAb,EAAiCgG,IAAjC,EAAuCC,KAAvC;;AACA,cAAI/K,EAAEgL,aAAF,CAAgBF,IAAhB,CAAJ,EAA4B;AAC1B9K,cAAEgJ,MAAF,CAAS,IAAT,EAAe9G,QAAf,EAAyB4I,IAAzB;AACD,WAFD,MAGK,IAAGC,UAAU5K,SAAb,EAAwB;AAC3B,gBAAGH,EAAEgL,aAAF,CAAgB9I,SAAS4I,IAAT,CAAhB,CAAH,EAAoC;AAClC9K,gBAAEgJ,MAAF,CAAS,IAAT,EAAe9G,SAAS4I,IAAT,CAAf,EAA+BC,KAA/B;AACD,aAFD,MAGK;AACH7I,uBAAS4I,IAAT,IAAiBC,KAAjB;AACD;AACF,WAPI,MAQA;AACH,mBAAO7I,SAAS4I,IAAT,CAAP;AACD;AACF,SA9wBM;AA+wBPG,kBAAU,UAASH,IAAT,EAAeC,KAAf,EAAsB;AAC9B,cAAI/K,EAAEgL,aAAF,CAAgBF,IAAhB,CAAJ,EAA4B;AAC1B9K,cAAEgJ,MAAF,CAAS,IAAT,EAAepG,MAAf,EAAuBkI,IAAvB;AACD,WAFD,MAGK,IAAGC,UAAU5K,SAAb,EAAwB;AAC3ByC,mBAAOkI,IAAP,IAAeC,KAAf;AACD,WAFI,MAGA;AACH,mBAAOnI,OAAOkI,IAAP,CAAP;AACD;AACF,SAzxBM;AA0xBPhG,eAAO,YAAW;AAChB,cAAG,CAAC5C,SAASgJ,MAAV,IAAoBhJ,SAAS4C,KAAhC,EAAuC;AACrC,gBAAG5C,SAASnB,WAAZ,EAAyB;AACvB6B,qBAAO7B,WAAP,CAAmBoK,GAAnB,CAAuBlK,SAAvB;AACD,aAFD,MAGK;AACH2B,qBAAOkC,KAAP,GAAexE,SAAS8K,SAAT,CAAmBC,IAAnB,CAAwBhK,IAAxB,CAA6BiK,QAAQC,IAArC,EAA2CD,OAA3C,EAAoDpJ,SAAS4I,IAAT,GAAgB,GAApE,CAAf;AACAlI,qBAAOkC,KAAP,CAAa/B,KAAb,CAAmBuI,OAAnB,EAA4BrK,SAA5B;AACD;AACF;AACF,SApyBM;AAqyBPkC,iBAAS,YAAW;AAClB,cAAG,CAACjB,SAASgJ,MAAV,IAAoBhJ,SAASiB,OAA7B,IAAwCjB,SAAS4C,KAApD,EAA2D;AACzD,gBAAG5C,SAASnB,WAAZ,EAAyB;AACvB6B,qBAAO7B,WAAP,CAAmBoK,GAAnB,CAAuBlK,SAAvB;AACD,aAFD,MAGK;AACH2B,qBAAOO,OAAP,GAAiB7C,SAAS8K,SAAT,CAAmBC,IAAnB,CAAwBhK,IAAxB,CAA6BiK,QAAQC,IAArC,EAA2CD,OAA3C,EAAoDpJ,SAAS4I,IAAT,GAAgB,GAApE,CAAjB;AACAlI,qBAAOO,OAAP,CAAeJ,KAAf,CAAqBuI,OAArB,EAA8BrK,SAA9B;AACD;AACF;AACF,SA/yBM;AAgzBPmB,eAAO,YAAW;AAChB,cAAG,CAACF,SAASgJ,MAAb,EAAqB;AACnBtI,mBAAOR,KAAP,GAAe9B,SAAS8K,SAAT,CAAmBC,IAAnB,CAAwBhK,IAAxB,CAA6BiK,QAAQlJ,KAArC,EAA4CkJ,OAA5C,EAAqDpJ,SAAS4I,IAAT,GAAgB,GAArE,CAAf;AACAlI,mBAAOR,KAAP,CAAaW,KAAb,CAAmBuI,OAAnB,EAA4BrK,SAA5B;AACD;AACF,SArzBM;AAszBPF,qBAAa;AACXoK,eAAK,UAASK,OAAT,EAAkB;AACrB,gBACEC,WADF,EAEEC,aAFF,EAGEC,YAHF;;AAKA,gBAAGzJ,SAASnB,WAAZ,EAAyB;AACvB0K,4BAAgB,IAAI5K,IAAJ,GAAWC,OAAX,EAAhB;AACA6K,6BAAgB/K,QAAQ6K,WAAxB;AACAC,8BAAgBD,cAAcE,YAA9B;AACA/K,qBAAgB6K,WAAhB;AACA1K,0BAAY6K,IAAZ,CAAiB;AACf,wBAAmBJ,QAAQ,CAAR,CADJ;AAEf,6BAAmB,GAAGpK,KAAH,CAASC,IAAT,CAAcmK,OAAd,EAAuB,CAAvB,KAA6B,EAFjC;AAGf,2BAAmBvJ,OAHJ;AAIf,kCAAmByJ;AAJJ,eAAjB;AAMD;;AACD3C,yBAAanG,OAAO7B,WAAP,CAAmB0H,KAAhC;AACA7F,mBAAO7B,WAAP,CAAmB0H,KAAnB,GAA2B7G,WAAWgB,OAAO7B,WAAP,CAAmB+H,OAA9B,EAAuC,GAAvC,CAA3B;AACD,WArBU;AAsBXA,mBAAS,YAAW;AAClB,gBACE+C,QAAQ3J,SAAS4I,IAAT,GAAgB,GAD1B;AAAA,gBAEEgB,YAAY,CAFd;AAIAlL,mBAAO,KAAP;AACAmI,yBAAanG,OAAO7B,WAAP,CAAmB0H,KAAhC;AACAzI,cAAE8B,IAAF,CAAOf,WAAP,EAAoB,UAASgB,KAAT,EAAgBiB,IAAhB,EAAsB;AACxC8I,2BAAa9I,KAAK,gBAAL,CAAb;AACD,aAFD;AAGA6I,qBAAS,MAAMC,SAAN,GAAkB,IAA3B;;AACA,gBAAGpL,cAAH,EAAmB;AACjBmL,uBAAS,QAAQnL,cAAR,GAAyB,IAAlC;AACD;;AACD,gBAAGD,YAAYwD,MAAZ,GAAqB,CAAxB,EAA2B;AACzB4H,uBAAS,MAAM,GAAN,GAAYpL,YAAYwD,MAAxB,GAAiC,GAA1C;AACD;;AACD,gBAAI,CAACqH,QAAQS,KAAR,KAAkB5L,SAAlB,IAA+BmL,QAAQU,KAAR,KAAkB7L,SAAlD,KAAgEY,YAAYkD,MAAZ,GAAqB,CAAzF,EAA4F;AAC1FqH,sBAAQW,cAAR,CAAuBJ,KAAvB;;AACA,kBAAGP,QAAQU,KAAX,EAAkB;AAChBV,wBAAQU,KAAR,CAAcjL,WAAd;AACD,eAFD,MAGK;AACHf,kBAAE8B,IAAF,CAAOf,WAAP,EAAoB,UAASgB,KAAT,EAAgBiB,IAAhB,EAAsB;AACxCsI,0BAAQH,GAAR,CAAYnI,KAAK,MAAL,IAAe,IAAf,GAAsBA,KAAK,gBAAL,CAAtB,GAA6C,IAAzD;AACD,iBAFD;AAGD;;AACDsI,sBAAQY,QAAR;AACD;;AACDnL,0BAAc,EAAd;AACD;AApDU,SAtzBN;AA42BP;AACAmC,gBAAQ,UAAShC,KAAT,EAAgBiL,eAAhB,EAAiCC,OAAjC,EAA0C;AAChD,cACEC,SAASlK,QADX;AAAA,cAEEmK,QAFF;AAAA,cAGEC,KAHF;AAAA,cAIEC,QAJF;AAMAL,4BAAkBA,mBAAmBhL,cAArC;AACAiL,oBAAkBnK,WAAmBmK,OAArC;;AACA,cAAG,OAAOlL,KAAP,IAAgB,QAAhB,IAA4BmL,WAAWlM,SAA1C,EAAqD;AACnDe,oBAAWA,MAAMqG,KAAN,CAAY,OAAZ,CAAX;AACA+E,uBAAWpL,MAAM+C,MAAN,GAAe,CAA1B;AACAjE,cAAE8B,IAAF,CAAOZ,KAAP,EAAc,UAASuL,KAAT,EAAgB1B,KAAhB,EAAuB;AACnC,kBAAI2B,iBAAkBD,SAASH,QAAV,GACjBvB,QAAQ7J,MAAMuL,QAAQ,CAAd,EAAiBE,MAAjB,CAAwB,CAAxB,EAA2BC,WAA3B,EAAR,GAAmD1L,MAAMuL,QAAQ,CAAd,EAAiBrL,KAAjB,CAAuB,CAAvB,CADlC,GAEjBF,KAFJ;;AAIA,kBAAIlB,EAAEgL,aAAF,CAAiBqB,OAAOK,cAAP,CAAjB,KAA8CD,SAASH,QAA3D,EAAuE;AACrED,yBAASA,OAAOK,cAAP,CAAT;AACD,eAFD,MAGK,IAAIL,OAAOK,cAAP,MAA2BvM,SAA/B,EAA2C;AAC9CoM,wBAAQF,OAAOK,cAAP,CAAR;AACA,uBAAO,KAAP;AACD,eAHI,MAIA,IAAI1M,EAAEgL,aAAF,CAAiBqB,OAAOtB,KAAP,CAAjB,KAAqC0B,SAASH,QAAlD,EAA8D;AACjED,yBAASA,OAAOtB,KAAP,CAAT;AACD,eAFI,MAGA,IAAIsB,OAAOtB,KAAP,MAAkB5K,SAAtB,EAAkC;AACrCoM,wBAAQF,OAAOtB,KAAP,CAAR;AACA,uBAAO,KAAP;AACD,eAHI,MAIA;AACH,uBAAO,KAAP;AACD;AACF,aAtBD;AAuBD;;AACD,cAAK/K,EAAE6M,UAAF,CAAcN,KAAd,CAAL,EAA6B;AAC3BC,uBAAWD,MAAMxJ,KAAN,CAAYqJ,OAAZ,EAAqBD,eAArB,CAAX;AACD,WAFD,MAGK,IAAGI,UAAUpM,SAAb,EAAwB;AAC3BqM,uBAAWD,KAAX;AACD;;AAED,cAAGvM,EAAE0H,OAAF,CAAU7F,aAAV,CAAH,EAA6B;AAC3BA,0BAAc+J,IAAd,CAAmBY,QAAnB;AACD,WAFD,MAGK,IAAG3K,kBAAkB1B,SAArB,EAAgC;AACnC0B,4BAAgB,CAACA,aAAD,EAAgB2K,QAAhB,CAAhB;AACD,WAFI,MAGA,IAAGA,aAAarM,SAAhB,EAA2B;AAC9B0B,4BAAgB2K,QAAhB;AACD;;AACD,iBAAQD,UAAUpM,SAAX,GACHoM,KADG,GAEH,KAFJ;AAID;AAr6BM,OAAT;AAu6BA3J,aAAOC,UAAP;AACD,KA97BH;AAg8BA,WAAQhB,kBAAkB1B,SAAnB,GACH0B,aADG,GAEH,IAFJ;AAID,GAz9BD,CAX4C,CAs+B5C;;;AACA7B,IAAEO,EAAF,CAAKC,UAAL,CAAgB+H,MAAhB,GAAyB,EAAzB;AAEAvI,IAAEO,EAAF,CAAKC,UAAL,CAAgB0B,QAAhB,GAA2B;AAEzB;AACA4I,UAAgB,YAHS;AAKzB;AACAI,YAAgB,KANS;AAQzB;AACApG,WAAgB,KATS;AAWzB;AACA3B,aAAgB,KAZS;AAczB;AACApC,iBAAgB,IAfS;AAiBzB;AACA0B,eAAgB,YAlBS;AAoBzB;AACAW,cAAgB,CArBS;AAuBzB;AACAwB,aAAgB,MAxBS;AA0BzB;AACAwD,aAAgB,YAAW,CAAE,CA3BJ;AA4BzB1B,gBAAgB,YAAW,CAAE,CA5BJ;AA6BzB2D,YAAgB,YAAW,CAAE,CA7BJ;AA8BzBD,YAAgB,YAAW,CAAE,CA9BJ;AAgCzB;AACAlC,iBAAgB,IAjCS;AAmCzB;AACAS,mBAAgB,GApCS;AAsCzB;AACArD,kBAAgB,KAvCS;AAyCzB;AACA3B,iBAAgB,KA1CS;AA4CzB;AACAwB,eAAgB,MA7CS;AA8CzB4C,cAAgB,KA9CS;AAgDzB;AACA1C,WAAgB,IAjDS;AAmDzB/C,cAAW;AACTqB,mBAAa;AADJ,KAnDc;AAuDzBtB,eAAc;AACZ+C,iBAAa,WADD;AAEZuF,gBAAa,UAFD;AAGZtD,cAAa,QAHD;AAIZb,cAAa,IAJD;AAKZsG,eAAa,SALD;AAMZxG,eAAa,SAND;AAOZzB,eAAa,KAPD;AAQZrE,kBAAa,YARD;AASZoG,eAAa;AATD,KAvDW;AAmEzB;AACAxE,WAAO;AACLwD,mBAAc,sHADT;AAELmH,gBAAc,oEAFT;AAGLC,cAAc,sCAHT;AAIL9H,eAAc;AAJT;AApEkB,GAA3B;AA8EC,CAvjCA,EAujCG+H,MAvjCH,EAujCWhN,MAvjCX,EAujCmBC,QAvjCnB","file":"client/lib/semantic-ui/definitions/modules/transition.js.map","sourcesContent":["/*\n  DO NOT MODIFY - This file has been generated and will be regenerated\n  Semantic UI v2.2.1\n*/\n/*!\n * # Semantic UI - Transition\n * http://github.com/semantic-org/semantic-ui/\n *\n *\n * Released under the MIT license\n * http://opensource.org/licenses/MIT\n *\n */\n\n;(function ($, window, document, undefined) {\n\n\"use strict\";\n\nwindow = (typeof window != 'undefined' && window.Math == Math)\n  ? window\n  : (typeof self != 'undefined' && self.Math == Math)\n    ? self\n    : Function('return this')()\n;\n\n$.fn.transition = function() {\n  var\n    $allModules     = $(this),\n    moduleSelector  = $allModules.selector || '',\n\n    time            = new Date().getTime(),\n    performance     = [],\n\n    moduleArguments = arguments,\n    query           = moduleArguments[0],\n    queryArguments  = [].slice.call(arguments, 1),\n    methodInvoked   = (typeof query === 'string'),\n\n    requestAnimationFrame = window.requestAnimationFrame\n      || window.mozRequestAnimationFrame\n      || window.webkitRequestAnimationFrame\n      || window.msRequestAnimationFrame\n      || function(callback) { setTimeout(callback, 0); },\n\n    returnedValue\n  ;\n  $allModules\n    .each(function(index) {\n      var\n        $module  = $(this),\n        element  = this,\n\n        // set at run time\n        settings,\n        instance,\n\n        error,\n        className,\n        metadata,\n        animationEnd,\n        animationName,\n\n        namespace,\n        moduleNamespace,\n        eventNamespace,\n        module\n      ;\n\n      module = {\n\n        initialize: function() {\n\n          // get full settings\n          settings        = module.get.settings.apply(element, moduleArguments);\n\n          // shorthand\n          className       = settings.className;\n          error           = settings.error;\n          metadata        = settings.metadata;\n\n          // define namespace\n          eventNamespace  = '.' + settings.namespace;\n          moduleNamespace = 'module-' + settings.namespace;\n          instance        = $module.data(moduleNamespace) || module;\n\n          // get vendor specific events\n          animationEnd    = module.get.animationEndEvent();\n\n          if(methodInvoked) {\n            methodInvoked = module.invoke(query);\n          }\n\n          // method not invoked, lets run an animation\n          if(methodInvoked === false) {\n            module.verbose('Converted arguments into settings object', settings);\n            if(settings.interval) {\n              module.delay(settings.animate);\n            }\n            else  {\n              module.animate();\n            }\n            module.instantiate();\n          }\n        },\n\n        instantiate: function() {\n          module.verbose('Storing instance of module', module);\n          instance = module;\n          $module\n            .data(moduleNamespace, instance)\n          ;\n        },\n\n        destroy: function() {\n          module.verbose('Destroying previous module for', element);\n          $module\n            .removeData(moduleNamespace)\n          ;\n        },\n\n        refresh: function() {\n          module.verbose('Refreshing display type on next animation');\n          delete module.displayType;\n        },\n\n        forceRepaint: function() {\n          module.verbose('Forcing element repaint');\n          var\n            $parentElement = $module.parent(),\n            $nextElement = $module.next()\n          ;\n          if($nextElement.length === 0) {\n            $module.detach().appendTo($parentElement);\n          }\n          else {\n            $module.detach().insertBefore($nextElement);\n          }\n        },\n\n        repaint: function() {\n          module.verbose('Repainting element');\n          var\n            fakeAssignment = element.offsetWidth\n          ;\n        },\n\n        delay: function(interval) {\n          var\n            direction = module.get.animationDirection(),\n            shouldReverse,\n            delay\n          ;\n          if(!direction) {\n            direction = module.can.transition()\n              ? module.get.direction()\n              : 'static'\n            ;\n          }\n          interval = (interval !== undefined)\n            ? interval\n            : settings.interval\n          ;\n          shouldReverse = (settings.reverse == 'auto' && direction == className.outward);\n          delay = (shouldReverse || settings.reverse == true)\n            ? ($allModules.length - index) * settings.interval\n            : index * settings.interval\n          ;\n          module.debug('Delaying animation by', delay);\n          setTimeout(module.animate, delay);\n        },\n\n        animate: function(overrideSettings) {\n          settings = overrideSettings || settings;\n          if(!module.is.supported()) {\n            module.error(error.support);\n            return false;\n          }\n          module.debug('Preparing animation', settings.animation);\n          if(module.is.animating()) {\n            if(settings.queue) {\n              if(!settings.allowRepeats && module.has.direction() && module.is.occurring() && module.queuing !== true) {\n                module.debug('Animation is currently occurring, preventing queueing same animation', settings.animation);\n              }\n              else {\n                module.queue(settings.animation);\n              }\n              return false;\n            }\n            else if(!settings.allowRepeats && module.is.occurring()) {\n              module.debug('Animation is already occurring, will not execute repeated animation', settings.animation);\n              return false;\n            }\n            else {\n              module.debug('New animation started, completing previous early', settings.animation);\n              instance.complete();\n            }\n          }\n          if( module.can.animate() ) {\n            module.set.animating(settings.animation);\n          }\n          else {\n            module.error(error.noAnimation, settings.animation, element);\n          }\n        },\n\n        reset: function() {\n          module.debug('Resetting animation to beginning conditions');\n          module.remove.animationCallbacks();\n          module.restore.conditions();\n          module.remove.animating();\n        },\n\n        queue: function(animation) {\n          module.debug('Queueing animation of', animation);\n          module.queuing = true;\n          $module\n            .one(animationEnd + '.queue' + eventNamespace, function() {\n              module.queuing = false;\n              module.repaint();\n              module.animate.apply(this, settings);\n            })\n          ;\n        },\n\n        complete: function (event) {\n          module.debug('Animation complete', settings.animation);\n          module.remove.completeCallback();\n          module.remove.failSafe();\n          if(!module.is.looping()) {\n            if( module.is.outward() ) {\n              module.verbose('Animation is outward, hiding element');\n              module.restore.conditions();\n              module.hide();\n            }\n            else if( module.is.inward() ) {\n              module.verbose('Animation is outward, showing element');\n              module.restore.conditions();\n              module.show();\n            }\n            else {\n              module.verbose('Static animation completed');\n              module.restore.conditions();\n              settings.onComplete.call(element);\n            }\n          }\n        },\n\n        force: {\n          visible: function() {\n            var\n              style          = $module.attr('style'),\n              userStyle      = module.get.userStyle(),\n              displayType    = module.get.displayType(),\n              overrideStyle  = userStyle + 'display: ' + displayType + ' !important;',\n              currentDisplay = $module.css('display'),\n              emptyStyle     = (style === undefined || style === '')\n            ;\n            if(currentDisplay !== displayType) {\n              module.verbose('Overriding default display to show element', displayType);\n              $module\n                .attr('style', overrideStyle)\n              ;\n            }\n            else if(emptyStyle) {\n              $module.removeAttr('style');\n            }\n          },\n          hidden: function() {\n            var\n              style          = $module.attr('style'),\n              currentDisplay = $module.css('display'),\n              emptyStyle     = (style === undefined || style === '')\n            ;\n            if(currentDisplay !== 'none' && !module.is.hidden()) {\n              module.verbose('Overriding default display to hide element');\n              $module\n                .css('display', 'none')\n              ;\n            }\n            else if(emptyStyle) {\n              $module\n                .removeAttr('style')\n              ;\n            }\n          }\n        },\n\n        has: {\n          direction: function(animation) {\n            var\n              hasDirection = false\n            ;\n            animation = animation || settings.animation;\n            if(typeof animation === 'string') {\n              animation = animation.split(' ');\n              $.each(animation, function(index, word){\n                if(word === className.inward || word === className.outward) {\n                  hasDirection = true;\n                }\n              });\n            }\n            return hasDirection;\n          },\n          inlineDisplay: function() {\n            var\n              style = $module.attr('style') || ''\n            ;\n            return $.isArray(style.match(/display.*?;/, ''));\n          }\n        },\n\n        set: {\n          animating: function(animation) {\n            var\n              animationClass,\n              direction\n            ;\n            // remove previous callbacks\n            module.remove.completeCallback();\n\n            // determine exact animation\n            animation      = animation || settings.animation;\n            animationClass = module.get.animationClass(animation);\n\n            // save animation class in cache to restore class names\n            module.save.animation(animationClass);\n\n            // override display if necessary so animation appears visibly\n            module.force.visible();\n\n            module.remove.hidden();\n            module.remove.direction();\n\n            module.start.animation(animationClass);\n\n          },\n          duration: function(animationName, duration) {\n            duration = duration || settings.duration;\n            duration = (typeof duration == 'number')\n              ? duration + 'ms'\n              : duration\n            ;\n            if(duration || duration === 0) {\n              module.verbose('Setting animation duration', duration);\n              $module\n                .css({\n                  'animation-duration':  duration\n                })\n              ;\n            }\n          },\n          direction: function(direction) {\n            direction = direction || module.get.direction();\n            if(direction == className.inward) {\n              module.set.inward();\n            }\n            else {\n              module.set.outward();\n            }\n          },\n          looping: function() {\n            module.debug('Transition set to loop');\n            $module\n              .addClass(className.looping)\n            ;\n          },\n          hidden: function() {\n            $module\n              .addClass(className.transition)\n              .addClass(className.hidden)\n            ;\n          },\n          inward: function() {\n            module.debug('Setting direction to inward');\n            $module\n              .removeClass(className.outward)\n              .addClass(className.inward)\n            ;\n          },\n          outward: function() {\n            module.debug('Setting direction to outward');\n            $module\n              .removeClass(className.inward)\n              .addClass(className.outward)\n            ;\n          },\n          visible: function() {\n            $module\n              .addClass(className.transition)\n              .addClass(className.visible)\n            ;\n          }\n        },\n\n        start: {\n          animation: function(animationClass) {\n            animationClass = animationClass || module.get.animationClass();\n            module.debug('Starting tween', animationClass);\n            $module\n              .addClass(animationClass)\n              .one(animationEnd + '.complete' + eventNamespace, module.complete)\n            ;\n            if(settings.useFailSafe) {\n              module.add.failSafe();\n            }\n            module.set.duration(settings.duration);\n            settings.onStart.call(element);\n          }\n        },\n\n        save: {\n          animation: function(animation) {\n            if(!module.cache) {\n              module.cache = {};\n            }\n            module.cache.animation = animation;\n          },\n          displayType: function(displayType) {\n            if(displayType !== 'none') {\n              $module.data(metadata.displayType, displayType);\n            }\n          },\n          transitionExists: function(animation, exists) {\n            $.fn.transition.exists[animation] = exists;\n            module.verbose('Saving existence of transition', animation, exists);\n          }\n        },\n\n        restore: {\n          conditions: function() {\n            var\n              animation = module.get.currentAnimation()\n            ;\n            if(animation) {\n              $module\n                .removeClass(animation)\n              ;\n              module.verbose('Removing animation class', module.cache);\n            }\n            module.remove.duration();\n          }\n        },\n\n        add: {\n          failSafe: function() {\n            var\n              duration = module.get.duration()\n            ;\n            module.timer = setTimeout(function() {\n              $module.triggerHandler(animationEnd);\n            }, duration + settings.failSafeDelay);\n            module.verbose('Adding fail safe timer', module.timer);\n          }\n        },\n\n        remove: {\n          animating: function() {\n            $module.removeClass(className.animating);\n          },\n          animationCallbacks: function() {\n            module.remove.queueCallback();\n            module.remove.completeCallback();\n          },\n          queueCallback: function() {\n            $module.off('.queue' + eventNamespace);\n          },\n          completeCallback: function() {\n            $module.off('.complete' + eventNamespace);\n          },\n          display: function() {\n            $module.css('display', '');\n          },\n          direction: function() {\n            $module\n              .removeClass(className.inward)\n              .removeClass(className.outward)\n            ;\n          },\n          duration: function() {\n            $module\n              .css('animation-duration', '')\n            ;\n          },\n          failSafe: function() {\n            module.verbose('Removing fail safe timer', module.timer);\n            if(module.timer) {\n              clearTimeout(module.timer);\n            }\n          },\n          hidden: function() {\n            $module.removeClass(className.hidden);\n          },\n          visible: function() {\n            $module.removeClass(className.visible);\n          },\n          looping: function() {\n            module.debug('Transitions are no longer looping');\n            if( module.is.looping() ) {\n              module.reset();\n              $module\n                .removeClass(className.looping)\n              ;\n            }\n          },\n          transition: function() {\n            $module\n              .removeClass(className.visible)\n              .removeClass(className.hidden)\n            ;\n          }\n        },\n        get: {\n          settings: function(animation, duration, onComplete) {\n            // single settings object\n            if(typeof animation == 'object') {\n              return $.extend(true, {}, $.fn.transition.settings, animation);\n            }\n            // all arguments provided\n            else if(typeof onComplete == 'function') {\n              return $.extend({}, $.fn.transition.settings, {\n                animation  : animation,\n                onComplete : onComplete,\n                duration   : duration\n              });\n            }\n            // only duration provided\n            else if(typeof duration == 'string' || typeof duration == 'number') {\n              return $.extend({}, $.fn.transition.settings, {\n                animation : animation,\n                duration  : duration\n              });\n            }\n            // duration is actually settings object\n            else if(typeof duration == 'object') {\n              return $.extend({}, $.fn.transition.settings, duration, {\n                animation : animation\n              });\n            }\n            // duration is actually callback\n            else if(typeof duration == 'function') {\n              return $.extend({}, $.fn.transition.settings, {\n                animation  : animation,\n                onComplete : duration\n              });\n            }\n            // only animation provided\n            else {\n              return $.extend({}, $.fn.transition.settings, {\n                animation : animation\n              });\n            }\n            return $.fn.transition.settings;\n          },\n          animationClass: function(animation) {\n            var\n              animationClass = animation || settings.animation,\n              directionClass = (module.can.transition() && !module.has.direction())\n                ? module.get.direction() + ' '\n                : ''\n            ;\n            return className.animating + ' '\n              + className.transition + ' '\n              + directionClass\n              + animationClass\n            ;\n          },\n          currentAnimation: function() {\n            return (module.cache && module.cache.animation !== undefined)\n              ? module.cache.animation\n              : false\n            ;\n          },\n          currentDirection: function() {\n            return module.is.inward()\n              ? className.inward\n              : className.outward\n            ;\n          },\n          direction: function() {\n            return module.is.hidden() || !module.is.visible()\n              ? className.inward\n              : className.outward\n            ;\n          },\n          animationDirection: function(animation) {\n            var\n              direction\n            ;\n            animation = animation || settings.animation;\n            if(typeof animation === 'string') {\n              animation = animation.split(' ');\n              // search animation name for out/in class\n              $.each(animation, function(index, word){\n                if(word === className.inward) {\n                  direction = className.inward;\n                }\n                else if(word === className.outward) {\n                  direction = className.outward;\n                }\n              });\n            }\n            // return found direction\n            if(direction) {\n              return direction;\n            }\n            return false;\n          },\n          duration: function(duration) {\n            duration = duration || settings.duration;\n            if(duration === false) {\n              duration = $module.css('animation-duration') || 0;\n            }\n            return (typeof duration === 'string')\n              ? (duration.indexOf('ms') > -1)\n                ? parseFloat(duration)\n                : parseFloat(duration) * 1000\n              : duration\n            ;\n          },\n          displayType: function() {\n            if(settings.displayType) {\n              return settings.displayType;\n            }\n            if($module.data(metadata.displayType) === undefined) {\n              // create fake element to determine display state\n              module.can.transition(true);\n            }\n            return $module.data(metadata.displayType);\n          },\n          userStyle: function(style) {\n            style = style || $module.attr('style') || '';\n            return style.replace(/display.*?;/, '');\n          },\n          transitionExists: function(animation) {\n            return $.fn.transition.exists[animation];\n          },\n          animationStartEvent: function() {\n            var\n              element     = document.createElement('div'),\n              animations  = {\n                'animation'       :'animationstart',\n                'OAnimation'      :'oAnimationStart',\n                'MozAnimation'    :'mozAnimationStart',\n                'WebkitAnimation' :'webkitAnimationStart'\n              },\n              animation\n            ;\n            for(animation in animations){\n              if( element.style[animation] !== undefined ){\n                return animations[animation];\n              }\n            }\n            return false;\n          },\n          animationEndEvent: function() {\n            var\n              element     = document.createElement('div'),\n              animations  = {\n                'animation'       :'animationend',\n                'OAnimation'      :'oAnimationEnd',\n                'MozAnimation'    :'mozAnimationEnd',\n                'WebkitAnimation' :'webkitAnimationEnd'\n              },\n              animation\n            ;\n            for(animation in animations){\n              if( element.style[animation] !== undefined ){\n                return animations[animation];\n              }\n            }\n            return false;\n          }\n\n        },\n\n        can: {\n          transition: function(forced) {\n            var\n              animation         = settings.animation,\n              transitionExists  = module.get.transitionExists(animation),\n              elementClass,\n              tagName,\n              $clone,\n              currentAnimation,\n              inAnimation,\n              directionExists,\n              displayType\n            ;\n            if( transitionExists === undefined || forced) {\n              module.verbose('Determining whether animation exists');\n              elementClass = $module.attr('class');\n              tagName      = $module.prop('tagName');\n\n              $clone = $('<' + tagName + ' />').addClass( elementClass ).insertAfter($module);\n              currentAnimation = $clone\n                .addClass(animation)\n                .removeClass(className.inward)\n                .removeClass(className.outward)\n                .addClass(className.animating)\n                .addClass(className.transition)\n                .css('animationName')\n              ;\n              inAnimation = $clone\n                .addClass(className.inward)\n                .css('animationName')\n              ;\n              displayType = $clone\n                .attr('class', elementClass)\n                .removeAttr('style')\n                .removeClass(className.hidden)\n                .removeClass(className.visible)\n                .show()\n                .css('display')\n              ;\n              module.verbose('Determining final display state', displayType);\n              module.save.displayType(displayType);\n\n              $clone.remove();\n              if(currentAnimation != inAnimation) {\n                module.debug('Direction exists for animation', animation);\n                directionExists = true;\n              }\n              else if(currentAnimation == 'none' || !currentAnimation) {\n                module.debug('No animation defined in css', animation);\n                return;\n              }\n              else {\n                module.debug('Static animation found', animation, displayType);\n                directionExists = false;\n              }\n              module.save.transitionExists(animation, directionExists);\n            }\n            return (transitionExists !== undefined)\n              ? transitionExists\n              : directionExists\n            ;\n          },\n          animate: function() {\n            // can transition does not return a value if animation does not exist\n            return (module.can.transition() !== undefined);\n          }\n        },\n\n        is: {\n          animating: function() {\n            return $module.hasClass(className.animating);\n          },\n          inward: function() {\n            return $module.hasClass(className.inward);\n          },\n          outward: function() {\n            return $module.hasClass(className.outward);\n          },\n          looping: function() {\n            return $module.hasClass(className.looping);\n          },\n          occurring: function(animation) {\n            animation = animation || settings.animation;\n            animation = '.' + animation.replace(' ', '.');\n            return ( $module.filter(animation).length > 0 );\n          },\n          visible: function() {\n            return $module.is(':visible');\n          },\n          hidden: function() {\n            return $module.css('visibility') === 'hidden';\n          },\n          supported: function() {\n            return(animationEnd !== false);\n          }\n        },\n\n        hide: function() {\n          module.verbose('Hiding element');\n          if( module.is.animating() ) {\n            module.reset();\n          }\n          element.blur(); // IE will trigger focus change if element is not blurred before hiding\n          module.remove.display();\n          module.remove.visible();\n          module.set.hidden();\n          module.force.hidden();\n          settings.onHide.call(element);\n          settings.onComplete.call(element);\n          // module.repaint();\n        },\n\n        show: function(display) {\n          module.verbose('Showing element', display);\n          module.remove.hidden();\n          module.set.visible();\n          module.force.visible();\n          settings.onShow.call(element);\n          settings.onComplete.call(element);\n          // module.repaint();\n        },\n\n        toggle: function() {\n          if( module.is.visible() ) {\n            module.hide();\n          }\n          else {\n            module.show();\n          }\n        },\n\n        stop: function() {\n          module.debug('Stopping current animation');\n          $module.triggerHandler(animationEnd);\n        },\n\n        stopAll: function() {\n          module.debug('Stopping all animation');\n          module.remove.queueCallback();\n          $module.triggerHandler(animationEnd);\n        },\n\n        clear: {\n          queue: function() {\n            module.debug('Clearing animation queue');\n            module.remove.queueCallback();\n          }\n        },\n\n        enable: function() {\n          module.verbose('Starting animation');\n          $module.removeClass(className.disabled);\n        },\n\n        disable: function() {\n          module.debug('Stopping animation');\n          $module.addClass(className.disabled);\n        },\n\n        setting: function(name, value) {\n          module.debug('Changing setting', name, value);\n          if( $.isPlainObject(name) ) {\n            $.extend(true, settings, name);\n          }\n          else if(value !== undefined) {\n            if($.isPlainObject(settings[name])) {\n              $.extend(true, settings[name], value);\n            }\n            else {\n              settings[name] = value;\n            }\n          }\n          else {\n            return settings[name];\n          }\n        },\n        internal: function(name, value) {\n          if( $.isPlainObject(name) ) {\n            $.extend(true, module, name);\n          }\n          else if(value !== undefined) {\n            module[name] = value;\n          }\n          else {\n            return module[name];\n          }\n        },\n        debug: function() {\n          if(!settings.silent && settings.debug) {\n            if(settings.performance) {\n              module.performance.log(arguments);\n            }\n            else {\n              module.debug = Function.prototype.bind.call(console.info, console, settings.name + ':');\n              module.debug.apply(console, arguments);\n            }\n          }\n        },\n        verbose: function() {\n          if(!settings.silent && settings.verbose && settings.debug) {\n            if(settings.performance) {\n              module.performance.log(arguments);\n            }\n            else {\n              module.verbose = Function.prototype.bind.call(console.info, console, settings.name + ':');\n              module.verbose.apply(console, arguments);\n            }\n          }\n        },\n        error: function() {\n          if(!settings.silent) {\n            module.error = Function.prototype.bind.call(console.error, console, settings.name + ':');\n            module.error.apply(console, arguments);\n          }\n        },\n        performance: {\n          log: function(message) {\n            var\n              currentTime,\n              executionTime,\n              previousTime\n            ;\n            if(settings.performance) {\n              currentTime   = new Date().getTime();\n              previousTime  = time || currentTime;\n              executionTime = currentTime - previousTime;\n              time          = currentTime;\n              performance.push({\n                'Name'           : message[0],\n                'Arguments'      : [].slice.call(message, 1) || '',\n                'Element'        : element,\n                'Execution Time' : executionTime\n              });\n            }\n            clearTimeout(module.performance.timer);\n            module.performance.timer = setTimeout(module.performance.display, 500);\n          },\n          display: function() {\n            var\n              title = settings.name + ':',\n              totalTime = 0\n            ;\n            time = false;\n            clearTimeout(module.performance.timer);\n            $.each(performance, function(index, data) {\n              totalTime += data['Execution Time'];\n            });\n            title += ' ' + totalTime + 'ms';\n            if(moduleSelector) {\n              title += ' \\'' + moduleSelector + '\\'';\n            }\n            if($allModules.length > 1) {\n              title += ' ' + '(' + $allModules.length + ')';\n            }\n            if( (console.group !== undefined || console.table !== undefined) && performance.length > 0) {\n              console.groupCollapsed(title);\n              if(console.table) {\n                console.table(performance);\n              }\n              else {\n                $.each(performance, function(index, data) {\n                  console.log(data['Name'] + ': ' + data['Execution Time']+'ms');\n                });\n              }\n              console.groupEnd();\n            }\n            performance = [];\n          }\n        },\n        // modified for transition to return invoke success\n        invoke: function(query, passedArguments, context) {\n          var\n            object = instance,\n            maxDepth,\n            found,\n            response\n          ;\n          passedArguments = passedArguments || queryArguments;\n          context         = element         || context;\n          if(typeof query == 'string' && object !== undefined) {\n            query    = query.split(/[\\. ]/);\n            maxDepth = query.length - 1;\n            $.each(query, function(depth, value) {\n              var camelCaseValue = (depth != maxDepth)\n                ? value + query[depth + 1].charAt(0).toUpperCase() + query[depth + 1].slice(1)\n                : query\n              ;\n              if( $.isPlainObject( object[camelCaseValue] ) && (depth != maxDepth) ) {\n                object = object[camelCaseValue];\n              }\n              else if( object[camelCaseValue] !== undefined ) {\n                found = object[camelCaseValue];\n                return false;\n              }\n              else if( $.isPlainObject( object[value] ) && (depth != maxDepth) ) {\n                object = object[value];\n              }\n              else if( object[value] !== undefined ) {\n                found = object[value];\n                return false;\n              }\n              else {\n                return false;\n              }\n            });\n          }\n          if ( $.isFunction( found ) ) {\n            response = found.apply(context, passedArguments);\n          }\n          else if(found !== undefined) {\n            response = found;\n          }\n\n          if($.isArray(returnedValue)) {\n            returnedValue.push(response);\n          }\n          else if(returnedValue !== undefined) {\n            returnedValue = [returnedValue, response];\n          }\n          else if(response !== undefined) {\n            returnedValue = response;\n          }\n          return (found !== undefined)\n            ? found\n            : false\n          ;\n        }\n      };\n      module.initialize();\n    })\n  ;\n  return (returnedValue !== undefined)\n    ? returnedValue\n    : this\n  ;\n};\n\n// Records if CSS transition is available\n$.fn.transition.exists = {};\n\n$.fn.transition.settings = {\n\n  // module info\n  name          : 'Transition',\n\n  // hide all output from this component regardless of other settings\n  silent        : false,\n\n  // debug content outputted to console\n  debug         : false,\n\n  // verbose debug output\n  verbose       : false,\n\n  // performance data output\n  performance   : true,\n\n  // event namespace\n  namespace     : 'transition',\n\n  // delay between animations in group\n  interval      : 0,\n\n  // whether group animations should be reversed\n  reverse       : 'auto',\n\n  // animation callback event\n  onStart       : function() {},\n  onComplete    : function() {},\n  onShow        : function() {},\n  onHide        : function() {},\n\n  // whether timeout should be used to ensure callback fires in cases animationend does not\n  useFailSafe   : true,\n\n  // delay in ms for fail safe\n  failSafeDelay : 100,\n\n  // whether EXACT animation can occur twice in a row\n  allowRepeats  : false,\n\n  // Override final display type on visible\n  displayType   : false,\n\n  // animation duration\n  animation     : 'fade',\n  duration      : false,\n\n  // new animations will occur after previous ones\n  queue         : true,\n\n  metadata : {\n    displayType: 'display'\n  },\n\n  className   : {\n    animating  : 'animating',\n    disabled   : 'disabled',\n    hidden     : 'hidden',\n    inward     : 'in',\n    loading    : 'loading',\n    looping    : 'looping',\n    outward    : 'out',\n    transition : 'transition',\n    visible    : 'visible'\n  },\n\n  // possible errors\n  error: {\n    noAnimation : 'Element is no longer attached to DOM. Unable to animate.  Use silent setting to surpress this warning in production.',\n    repeated    : 'That animation is already occurring, cancelling repeated animation',\n    method      : 'The method you called is not defined',\n    support     : 'This browser does not support CSS animations'\n  }\n\n};\n\n\n})( jQuery, window, document );\n"]},"hash":"60e56caf4df92366461e822f3d7a06a9c7110432"}
