{"metadata":{"usedHelpers":[],"marked":[],"modules":{"imports":[],"exports":{"exported":[],"specifiers":[]}}},"options":{"filename":"client/lib/semantic-ui/definitions/modules/shape.js","filenameRelative":"client/lib/semantic-ui/definitions/modules/shape.js","env":{"development":{"plugins":[]}},"retainLines":false,"highlightCode":true,"suppressDeprecationMessages":false,"presets":[],"plugins":[[[],{"generateLetDeclarations":true,"enforceStrictMode":false}],[[],null],[[],{"polyfill":false}],[[],null],[[],null],[[],null],[[],{"allowTopLevelThis":true,"strict":false,"loose":true}],[[],null],[[],null],[[],null],[[],null],[[],null],[[],null],[[],null],[[],null],[[],null],[[],null],[[],null],[[],null],[[],{"loose":true}],[[],{"loose":true}],[[],null],[[],{"loose":true}],[[],null],[[],null],[[],null],[[],null],[[],null],[[],null],[[],{"loose":true}],[[],null],[[],null],[[],null],[[],null],[[],null],[[],null],[[],null]],"ignore":[],"code":true,"metadata":true,"ast":true,"comments":true,"compact":false,"minified":false,"sourceMap":true,"sourceMaps":true,"sourceMapTarget":"client/lib/semantic-ui/definitions/modules/shape.js.map","sourceFileName":"client/lib/semantic-ui/definitions/modules/shape.js","babelrc":false,"sourceType":"module","moduleIds":false,"passPerPreset":false,"parserOpts":false,"generatorOpts":false,"basename":"shape"},"ignored":false,"code":"/*\n  DO NOT MODIFY - This file has been generated and will be regenerated\n  Semantic UI v2.2.1\n*/ /*!\n    * # Semantic UI - Shape\n    * http://github.com/semantic-org/semantic-ui/\n    *\n    *\n    * Released under the MIT license\n    * http://opensource.org/licenses/MIT\n    *\n    */;\n\n(function ($, window, document, undefined) {\n  \"use strict\";\n\n  window = typeof window != 'undefined' && window.Math == Math ? window : typeof self != 'undefined' && self.Math == Math ? self : Function('return this')();\n\n  $.fn.shape = function (parameters) {\n    var $allModules = $(this),\n        $body = $('body'),\n        time = new Date().getTime(),\n        performance = [],\n        query = arguments[0],\n        methodInvoked = typeof query == 'string',\n        queryArguments = [].slice.call(arguments, 1),\n        requestAnimationFrame = window.requestAnimationFrame || window.mozRequestAnimationFrame || window.webkitRequestAnimationFrame || window.msRequestAnimationFrame || function (callback) {\n      setTimeout(callback, 0);\n    },\n        returnedValue;\n\n    $allModules.each(function () {\n      var moduleSelector = $allModules.selector || '',\n          settings = $.isPlainObject(parameters) ? $.extend(true, {}, $.fn.shape.settings, parameters) : $.extend({}, $.fn.shape.settings),\n          // internal aliases\n      namespace = settings.namespace,\n          selector = settings.selector,\n          error = settings.error,\n          className = settings.className,\n          // define namespaces for modules\n      eventNamespace = '.' + namespace,\n          moduleNamespace = 'module-' + namespace,\n          // selector cache\n      $module = $(this),\n          $sides = $module.find(selector.sides),\n          $side = $module.find(selector.side),\n          // private variables\n      nextIndex = false,\n          $activeSide,\n          $nextSide,\n          // standard module\n      element = this,\n          instance = $module.data(moduleNamespace),\n          module;\n      module = {\n        initialize: function () {\n          module.verbose('Initializing module for', element);\n          module.set.defaultSide();\n          module.instantiate();\n        },\n        instantiate: function () {\n          module.verbose('Storing instance of module', module);\n          instance = module;\n          $module.data(moduleNamespace, instance);\n        },\n        destroy: function () {\n          module.verbose('Destroying previous module for', element);\n          $module.removeData(moduleNamespace).off(eventNamespace);\n        },\n        refresh: function () {\n          module.verbose('Refreshing selector cache for', element);\n          $module = $(element);\n          $sides = $(this).find(selector.shape);\n          $side = $(this).find(selector.side);\n        },\n        repaint: function () {\n          module.verbose('Forcing repaint event');\n          var shape = $sides[0] || document.createElement('div'),\n              fakeAssignment = shape.offsetWidth;\n        },\n        animate: function (propertyObject, callback) {\n          module.verbose('Animating box with properties', propertyObject);\n\n          callback = callback || function (event) {\n            module.verbose('Executing animation callback');\n\n            if (event !== undefined) {\n              event.stopPropagation();\n            }\n\n            module.reset();\n            module.set.active();\n          };\n\n          settings.beforeChange.call($nextSide[0]);\n\n          if (module.get.transitionEvent()) {\n            module.verbose('Starting CSS animation');\n            $module.addClass(className.animating);\n            $sides.css(propertyObject).one(module.get.transitionEvent(), callback);\n            module.set.duration(settings.duration);\n            requestAnimationFrame(function () {\n              $module.addClass(className.animating);\n              $activeSide.addClass(className.hidden);\n            });\n          } else {\n            callback();\n          }\n        },\n        queue: function (method) {\n          module.debug('Queueing animation of', method);\n          $sides.one(module.get.transitionEvent(), function () {\n            module.debug('Executing queued animation');\n            setTimeout(function () {\n              $module.shape(method);\n            }, 0);\n          });\n        },\n        reset: function () {\n          module.verbose('Animating states reset');\n          $module.removeClass(className.animating).attr('style', '').removeAttr('style'); // removeAttr style does not consistently work in safari\n\n          $sides.attr('style', '').removeAttr('style');\n          $side.attr('style', '').removeAttr('style').removeClass(className.hidden);\n          $nextSide.removeClass(className.animating).attr('style', '').removeAttr('style');\n        },\n        is: {\n          complete: function () {\n            return $side.filter('.' + className.active)[0] == $nextSide[0];\n          },\n          animating: function () {\n            return $module.hasClass(className.animating);\n          }\n        },\n        set: {\n          defaultSide: function () {\n            $activeSide = $module.find('.' + settings.className.active);\n            $nextSide = $activeSide.next(selector.side).length > 0 ? $activeSide.next(selector.side) : $module.find(selector.side).first();\n            nextIndex = false;\n            module.verbose('Active side set to', $activeSide);\n            module.verbose('Next side set to', $nextSide);\n          },\n          duration: function (duration) {\n            duration = duration || settings.duration;\n            duration = typeof duration == 'number' ? duration + 'ms' : duration;\n            module.verbose('Setting animation duration', duration);\n\n            if (settings.duration || settings.duration === 0) {\n              $sides.add($side).css({\n                '-webkit-transition-duration': duration,\n                '-moz-transition-duration': duration,\n                '-ms-transition-duration': duration,\n                '-o-transition-duration': duration,\n                'transition-duration': duration\n              });\n            }\n          },\n          currentStageSize: function () {\n            var $activeSide = $module.find('.' + settings.className.active),\n                width = $activeSide.outerWidth(true),\n                height = $activeSide.outerHeight(true);\n            $module.css({\n              width: width,\n              height: height\n            });\n          },\n          stageSize: function () {\n            var $clone = $module.clone().addClass(className.loading),\n                $activeSide = $clone.find('.' + settings.className.active),\n                newWidth = settings.width == 'next' ? $nextSide.outerWidth(true) : settings.width == 'initial' ? $module.width() : settings.width,\n                newHeight = settings.height == 'next' ? $nextSide.outerHeight(true) : settings.height == 'initial' ? $module.height() : settings.height,\n                $nextSide = nextIndex ? $clone.find(selector.side).eq(nextIndex) : $activeSide.next(selector.side).length > 0 ? $activeSide.next(selector.side) : $clone.find(selector.side).first();\n            $activeSide.removeClass(className.active);\n            $nextSide.addClass(className.active);\n            $clone.insertAfter($module);\n            $clone.remove();\n\n            if (settings.width != 'auto') {\n              $module.css('width', newWidth + settings.jitter);\n              module.verbose('Specifying width during animation', newWidth);\n            }\n\n            if (settings.height != 'auto') {\n              $module.css('height', newHeight + settings.jitter);\n              module.verbose('Specifying height during animation', newHeight);\n            }\n          },\n          nextSide: function (selector) {\n            nextIndex = selector;\n            $nextSide = $side.filter(selector);\n            nextIndex = $side.index($nextSide);\n\n            if ($nextSide.length === 0) {\n              module.set.defaultSide();\n              module.error(error.side);\n            }\n\n            module.verbose('Next side manually set to', $nextSide);\n          },\n          active: function () {\n            module.verbose('Setting new side to active', $nextSide);\n            $side.removeClass(className.active);\n            $nextSide.addClass(className.active);\n            settings.onChange.call($nextSide[0]);\n            module.set.defaultSide();\n          }\n        },\n        flip: {\n          up: function () {\n            if (module.is.complete() && !module.is.animating() && !settings.allowRepeats) {\n              module.debug('Side already visible', $nextSide);\n              return;\n            }\n\n            if (!module.is.animating()) {\n              module.debug('Flipping up', $nextSide);\n              module.set.stageSize();\n              module.stage.above();\n              module.animate(module.get.transform.up());\n            } else {\n              module.queue('flip up');\n            }\n          },\n          down: function () {\n            if (module.is.complete() && !module.is.animating() && !settings.allowRepeats) {\n              module.debug('Side already visible', $nextSide);\n              return;\n            }\n\n            if (!module.is.animating()) {\n              module.debug('Flipping down', $nextSide);\n              module.set.stageSize();\n              module.stage.below();\n              module.animate(module.get.transform.down());\n            } else {\n              module.queue('flip down');\n            }\n          },\n          left: function () {\n            if (module.is.complete() && !module.is.animating() && !settings.allowRepeats) {\n              module.debug('Side already visible', $nextSide);\n              return;\n            }\n\n            if (!module.is.animating()) {\n              module.debug('Flipping left', $nextSide);\n              module.set.stageSize();\n              module.stage.left();\n              module.animate(module.get.transform.left());\n            } else {\n              module.queue('flip left');\n            }\n          },\n          right: function () {\n            if (module.is.complete() && !module.is.animating() && !settings.allowRepeats) {\n              module.debug('Side already visible', $nextSide);\n              return;\n            }\n\n            if (!module.is.animating()) {\n              module.debug('Flipping right', $nextSide);\n              module.set.stageSize();\n              module.stage.right();\n              module.animate(module.get.transform.right());\n            } else {\n              module.queue('flip right');\n            }\n          },\n          over: function () {\n            if (module.is.complete() && !module.is.animating() && !settings.allowRepeats) {\n              module.debug('Side already visible', $nextSide);\n              return;\n            }\n\n            if (!module.is.animating()) {\n              module.debug('Flipping over', $nextSide);\n              module.set.stageSize();\n              module.stage.behind();\n              module.animate(module.get.transform.over());\n            } else {\n              module.queue('flip over');\n            }\n          },\n          back: function () {\n            if (module.is.complete() && !module.is.animating() && !settings.allowRepeats) {\n              module.debug('Side already visible', $nextSide);\n              return;\n            }\n\n            if (!module.is.animating()) {\n              module.debug('Flipping back', $nextSide);\n              module.set.stageSize();\n              module.stage.behind();\n              module.animate(module.get.transform.back());\n            } else {\n              module.queue('flip back');\n            }\n          }\n        },\n        get: {\n          transform: {\n            up: function () {\n              var translate = {\n                y: -(($activeSide.outerHeight(true) - $nextSide.outerHeight(true)) / 2),\n                z: -($activeSide.outerHeight(true) / 2)\n              };\n              return {\n                transform: 'translateY(' + translate.y + 'px) translateZ(' + translate.z + 'px) rotateX(-90deg)'\n              };\n            },\n            down: function () {\n              var translate = {\n                y: -(($activeSide.outerHeight(true) - $nextSide.outerHeight(true)) / 2),\n                z: -($activeSide.outerHeight(true) / 2)\n              };\n              return {\n                transform: 'translateY(' + translate.y + 'px) translateZ(' + translate.z + 'px) rotateX(90deg)'\n              };\n            },\n            left: function () {\n              var translate = {\n                x: -(($activeSide.outerWidth(true) - $nextSide.outerWidth(true)) / 2),\n                z: -($activeSide.outerWidth(true) / 2)\n              };\n              return {\n                transform: 'translateX(' + translate.x + 'px) translateZ(' + translate.z + 'px) rotateY(90deg)'\n              };\n            },\n            right: function () {\n              var translate = {\n                x: -(($activeSide.outerWidth(true) - $nextSide.outerWidth(true)) / 2),\n                z: -($activeSide.outerWidth(true) / 2)\n              };\n              return {\n                transform: 'translateX(' + translate.x + 'px) translateZ(' + translate.z + 'px) rotateY(-90deg)'\n              };\n            },\n            over: function () {\n              var translate = {\n                x: -(($activeSide.outerWidth(true) - $nextSide.outerWidth(true)) / 2)\n              };\n              return {\n                transform: 'translateX(' + translate.x + 'px) rotateY(180deg)'\n              };\n            },\n            back: function () {\n              var translate = {\n                x: -(($activeSide.outerWidth(true) - $nextSide.outerWidth(true)) / 2)\n              };\n              return {\n                transform: 'translateX(' + translate.x + 'px) rotateY(-180deg)'\n              };\n            }\n          },\n          transitionEvent: function () {\n            var element = document.createElement('element'),\n                transitions = {\n              'transition': 'transitionend',\n              'OTransition': 'oTransitionEnd',\n              'MozTransition': 'transitionend',\n              'WebkitTransition': 'webkitTransitionEnd'\n            },\n                transition;\n\n            for (transition in meteorBabelHelpers.sanitizeForInObject(transitions)) {\n              if (element.style[transition] !== undefined) {\n                return transitions[transition];\n              }\n            }\n          },\n          nextSide: function () {\n            return $activeSide.next(selector.side).length > 0 ? $activeSide.next(selector.side) : $module.find(selector.side).first();\n          }\n        },\n        stage: {\n          above: function () {\n            var box = {\n              origin: ($activeSide.outerHeight(true) - $nextSide.outerHeight(true)) / 2,\n              depth: {\n                active: $nextSide.outerHeight(true) / 2,\n                next: $activeSide.outerHeight(true) / 2\n              }\n            };\n            module.verbose('Setting the initial animation position as above', $nextSide, box);\n            $sides.css({\n              'transform': 'translateZ(-' + box.depth.active + 'px)'\n            });\n            $activeSide.css({\n              'transform': 'rotateY(0deg) translateZ(' + box.depth.active + 'px)'\n            });\n            $nextSide.addClass(className.animating).css({\n              'top': box.origin + 'px',\n              'transform': 'rotateX(90deg) translateZ(' + box.depth.next + 'px)'\n            });\n          },\n          below: function () {\n            var box = {\n              origin: ($activeSide.outerHeight(true) - $nextSide.outerHeight(true)) / 2,\n              depth: {\n                active: $nextSide.outerHeight(true) / 2,\n                next: $activeSide.outerHeight(true) / 2\n              }\n            };\n            module.verbose('Setting the initial animation position as below', $nextSide, box);\n            $sides.css({\n              'transform': 'translateZ(-' + box.depth.active + 'px)'\n            });\n            $activeSide.css({\n              'transform': 'rotateY(0deg) translateZ(' + box.depth.active + 'px)'\n            });\n            $nextSide.addClass(className.animating).css({\n              'top': box.origin + 'px',\n              'transform': 'rotateX(-90deg) translateZ(' + box.depth.next + 'px)'\n            });\n          },\n          left: function () {\n            var height = {\n              active: $activeSide.outerWidth(true),\n              next: $nextSide.outerWidth(true)\n            },\n                box = {\n              origin: (height.active - height.next) / 2,\n              depth: {\n                active: height.next / 2,\n                next: height.active / 2\n              }\n            };\n            module.verbose('Setting the initial animation position as left', $nextSide, box);\n            $sides.css({\n              'transform': 'translateZ(-' + box.depth.active + 'px)'\n            });\n            $activeSide.css({\n              'transform': 'rotateY(0deg) translateZ(' + box.depth.active + 'px)'\n            });\n            $nextSide.addClass(className.animating).css({\n              'left': box.origin + 'px',\n              'transform': 'rotateY(-90deg) translateZ(' + box.depth.next + 'px)'\n            });\n          },\n          right: function () {\n            var height = {\n              active: $activeSide.outerWidth(true),\n              next: $nextSide.outerWidth(true)\n            },\n                box = {\n              origin: (height.active - height.next) / 2,\n              depth: {\n                active: height.next / 2,\n                next: height.active / 2\n              }\n            };\n            module.verbose('Setting the initial animation position as left', $nextSide, box);\n            $sides.css({\n              'transform': 'translateZ(-' + box.depth.active + 'px)'\n            });\n            $activeSide.css({\n              'transform': 'rotateY(0deg) translateZ(' + box.depth.active + 'px)'\n            });\n            $nextSide.addClass(className.animating).css({\n              'left': box.origin + 'px',\n              'transform': 'rotateY(90deg) translateZ(' + box.depth.next + 'px)'\n            });\n          },\n          behind: function () {\n            var height = {\n              active: $activeSide.outerWidth(true),\n              next: $nextSide.outerWidth(true)\n            },\n                box = {\n              origin: (height.active - height.next) / 2,\n              depth: {\n                active: height.next / 2,\n                next: height.active / 2\n              }\n            };\n            module.verbose('Setting the initial animation position as behind', $nextSide, box);\n            $activeSide.css({\n              'transform': 'rotateY(0deg)'\n            });\n            $nextSide.addClass(className.animating).css({\n              'left': box.origin + 'px',\n              'transform': 'rotateY(-180deg)'\n            });\n          }\n        },\n        setting: function (name, value) {\n          module.debug('Changing setting', name, value);\n\n          if ($.isPlainObject(name)) {\n            $.extend(true, settings, name);\n          } else if (value !== undefined) {\n            if ($.isPlainObject(settings[name])) {\n              $.extend(true, settings[name], value);\n            } else {\n              settings[name] = value;\n            }\n          } else {\n            return settings[name];\n          }\n        },\n        internal: function (name, value) {\n          if ($.isPlainObject(name)) {\n            $.extend(true, module, name);\n          } else if (value !== undefined) {\n            module[name] = value;\n          } else {\n            return module[name];\n          }\n        },\n        debug: function () {\n          if (!settings.silent && settings.debug) {\n            if (settings.performance) {\n              module.performance.log(arguments);\n            } else {\n              module.debug = Function.prototype.bind.call(console.info, console, settings.name + ':');\n              module.debug.apply(console, arguments);\n            }\n          }\n        },\n        verbose: function () {\n          if (!settings.silent && settings.verbose && settings.debug) {\n            if (settings.performance) {\n              module.performance.log(arguments);\n            } else {\n              module.verbose = Function.prototype.bind.call(console.info, console, settings.name + ':');\n              module.verbose.apply(console, arguments);\n            }\n          }\n        },\n        error: function () {\n          if (!settings.silent) {\n            module.error = Function.prototype.bind.call(console.error, console, settings.name + ':');\n            module.error.apply(console, arguments);\n          }\n        },\n        performance: {\n          log: function (message) {\n            var currentTime, executionTime, previousTime;\n\n            if (settings.performance) {\n              currentTime = new Date().getTime();\n              previousTime = time || currentTime;\n              executionTime = currentTime - previousTime;\n              time = currentTime;\n              performance.push({\n                'Name': message[0],\n                'Arguments': [].slice.call(message, 1) || '',\n                'Element': element,\n                'Execution Time': executionTime\n              });\n            }\n\n            clearTimeout(module.performance.timer);\n            module.performance.timer = setTimeout(module.performance.display, 500);\n          },\n          display: function () {\n            var title = settings.name + ':',\n                totalTime = 0;\n            time = false;\n            clearTimeout(module.performance.timer);\n            $.each(performance, function (index, data) {\n              totalTime += data['Execution Time'];\n            });\n            title += ' ' + totalTime + 'ms';\n\n            if (moduleSelector) {\n              title += ' \\'' + moduleSelector + '\\'';\n            }\n\n            if ($allModules.length > 1) {\n              title += ' ' + '(' + $allModules.length + ')';\n            }\n\n            if ((console.group !== undefined || console.table !== undefined) && performance.length > 0) {\n              console.groupCollapsed(title);\n\n              if (console.table) {\n                console.table(performance);\n              } else {\n                $.each(performance, function (index, data) {\n                  console.log(data['Name'] + ': ' + data['Execution Time'] + 'ms');\n                });\n              }\n\n              console.groupEnd();\n            }\n\n            performance = [];\n          }\n        },\n        invoke: function (query, passedArguments, context) {\n          var object = instance,\n              maxDepth,\n              found,\n              response;\n          passedArguments = passedArguments || queryArguments;\n          context = element || context;\n\n          if (typeof query == 'string' && object !== undefined) {\n            query = query.split(/[\\. ]/);\n            maxDepth = query.length - 1;\n            $.each(query, function (depth, value) {\n              var camelCaseValue = depth != maxDepth ? value + query[depth + 1].charAt(0).toUpperCase() + query[depth + 1].slice(1) : query;\n\n              if ($.isPlainObject(object[camelCaseValue]) && depth != maxDepth) {\n                object = object[camelCaseValue];\n              } else if (object[camelCaseValue] !== undefined) {\n                found = object[camelCaseValue];\n                return false;\n              } else if ($.isPlainObject(object[value]) && depth != maxDepth) {\n                object = object[value];\n              } else if (object[value] !== undefined) {\n                found = object[value];\n                return false;\n              } else {\n                return false;\n              }\n            });\n          }\n\n          if ($.isFunction(found)) {\n            response = found.apply(context, passedArguments);\n          } else if (found !== undefined) {\n            response = found;\n          }\n\n          if ($.isArray(returnedValue)) {\n            returnedValue.push(response);\n          } else if (returnedValue !== undefined) {\n            returnedValue = [returnedValue, response];\n          } else if (response !== undefined) {\n            returnedValue = response;\n          }\n\n          return found;\n        }\n      };\n\n      if (methodInvoked) {\n        if (instance === undefined) {\n          module.initialize();\n        }\n\n        module.invoke(query);\n      } else {\n        if (instance !== undefined) {\n          instance.invoke('destroy');\n        }\n\n        module.initialize();\n      }\n    });\n    return returnedValue !== undefined ? returnedValue : this;\n  };\n\n  $.fn.shape.settings = {\n    // module info\n    name: 'Shape',\n    // hide all debug content\n    silent: false,\n    // debug content outputted to console\n    debug: false,\n    // verbose debug output\n    verbose: false,\n    // fudge factor in pixels when swapping from 2d to 3d (can be useful to correct rounding errors)\n    jitter: 0,\n    // performance data output\n    performance: true,\n    // event namespace\n    namespace: 'shape',\n    // width during animation, can be set to 'auto', initial', 'next' or pixel amount\n    width: 'initial',\n    // height during animation, can be set to 'auto', 'initial', 'next' or pixel amount\n    height: 'initial',\n    // callback occurs on side change\n    beforeChange: function () {},\n    onChange: function () {},\n    // allow animation to same side\n    allowRepeats: false,\n    // animation duration\n    duration: false,\n    // possible errors\n    error: {\n      side: 'You tried to switch to a side that does not exist.',\n      method: 'The method you called is not defined'\n    },\n    // classnames used\n    className: {\n      animating: 'animating',\n      hidden: 'hidden',\n      loading: 'loading',\n      active: 'active'\n    },\n    // selectors used\n    selector: {\n      sides: '.sides',\n      side: '.side'\n    }\n  };\n})(jQuery, window, document);","map":{"version":3,"sources":["client/lib/semantic-ui/definitions/modules/shape.js"],"names":["$","window","document","undefined","Math","self","Function","fn","shape","parameters","$allModules","$body","time","Date","getTime","performance","query","arguments","methodInvoked","queryArguments","slice","call","requestAnimationFrame","mozRequestAnimationFrame","webkitRequestAnimationFrame","msRequestAnimationFrame","callback","setTimeout","returnedValue","each","moduleSelector","selector","settings","isPlainObject","extend","namespace","error","className","eventNamespace","moduleNamespace","$module","$sides","find","sides","$side","side","nextIndex","$activeSide","$nextSide","element","instance","data","module","initialize","verbose","set","defaultSide","instantiate","destroy","removeData","off","refresh","repaint","createElement","fakeAssignment","offsetWidth","animate","propertyObject","event","stopPropagation","reset","active","beforeChange","get","transitionEvent","addClass","animating","css","one","duration","hidden","queue","method","debug","removeClass","attr","removeAttr","is","complete","filter","hasClass","next","length","first","add","currentStageSize","width","outerWidth","height","outerHeight","stageSize","$clone","clone","loading","newWidth","newHeight","eq","insertAfter","remove","jitter","nextSide","index","onChange","flip","up","allowRepeats","stage","above","transform","down","below","left","right","over","behind","back","translate","y","z","x","transitions","transition","style","box","origin","depth","setting","name","value","internal","silent","log","prototype","bind","console","info","apply","message","currentTime","executionTime","previousTime","push","clearTimeout","timer","display","title","totalTime","group","table","groupCollapsed","groupEnd","invoke","passedArguments","context","object","maxDepth","found","response","split","camelCaseValue","charAt","toUpperCase","isFunction","isArray","jQuery"],"mappings":"AAAA;;;GAIA;;;;;;;;MAUA;;AAAC,CAAC,UAAUA,CAAV,EAAaC,MAAb,EAAqBC,QAArB,EAA+BC,SAA/B,EAA0C;AAE5C;;AAEAF,WAAU,OAAOA,MAAP,IAAiB,WAAjB,IAAgCA,OAAOG,IAAP,IAAeA,IAAhD,GACLH,MADK,GAEJ,OAAOI,IAAP,IAAe,WAAf,IAA8BA,KAAKD,IAAL,IAAaA,IAA5C,GACEC,IADF,GAEEC,SAAS,aAAT,GAJN;;AAOAN,IAAEO,EAAF,CAAKC,KAAL,GAAa,UAASC,UAAT,EAAqB;AAChC,QACEC,cAAkBV,EAAE,IAAF,CADpB;AAAA,QAEEW,QAAkBX,EAAE,MAAF,CAFpB;AAAA,QAIEY,OAAkB,IAAIC,IAAJ,GAAWC,OAAX,EAJpB;AAAA,QAKEC,cAAkB,EALpB;AAAA,QAOEC,QAAkBC,UAAU,CAAV,CAPpB;AAAA,QAQEC,gBAAmB,OAAOF,KAAP,IAAgB,QARrC;AAAA,QASEG,iBAAkB,GAAGC,KAAH,CAASC,IAAT,CAAcJ,SAAd,EAAyB,CAAzB,CATpB;AAAA,QAWEK,wBAAwBrB,OAAOqB,qBAAP,IACnBrB,OAAOsB,wBADY,IAEnBtB,OAAOuB,2BAFY,IAGnBvB,OAAOwB,uBAHY,IAInB,UAASC,QAAT,EAAmB;AAAEC,iBAAWD,QAAX,EAAqB,CAArB;AAA0B,KAftD;AAAA,QAiBEE,aAjBF;;AAoBAlB,gBACGmB,IADH,CACQ,YAAW;AACf,UACEC,iBAAiBpB,YAAYqB,QAAZ,IAAwB,EAD3C;AAAA,UAEEC,WAAmBhC,EAAEiC,aAAF,CAAgBxB,UAAhB,CAAF,GACbT,EAAEkC,MAAF,CAAS,IAAT,EAAe,EAAf,EAAmBlC,EAAEO,EAAF,CAAKC,KAAL,CAAWwB,QAA9B,EAAwCvB,UAAxC,CADa,GAEbT,EAAEkC,MAAF,CAAS,EAAT,EAAalC,EAAEO,EAAF,CAAKC,KAAL,CAAWwB,QAAxB,CAJN;AAAA,UAME;AACAG,kBAAgBH,SAASG,SAP3B;AAAA,UAQEJ,WAAgBC,SAASD,QAR3B;AAAA,UASEK,QAAgBJ,SAASI,KAT3B;AAAA,UAUEC,YAAgBL,SAASK,SAV3B;AAAA,UAYE;AACAC,uBAAkB,MAAMH,SAb1B;AAAA,UAcEI,kBAAkB,YAAYJ,SAdhC;AAAA,UAgBE;AACAK,gBAAgBxC,EAAE,IAAF,CAjBlB;AAAA,UAkBEyC,SAAgBD,QAAQE,IAAR,CAAaX,SAASY,KAAtB,CAlBlB;AAAA,UAmBEC,QAAgBJ,QAAQE,IAAR,CAAaX,SAASc,IAAtB,CAnBlB;AAAA,UAqBE;AACAC,kBAAY,KAtBd;AAAA,UAuBEC,WAvBF;AAAA,UAwBEC,SAxBF;AAAA,UA0BE;AACAC,gBAAgB,IA3BlB;AAAA,UA4BEC,WAAgBV,QAAQW,IAAR,CAAaZ,eAAb,CA5BlB;AAAA,UA6BEa,MA7BF;AAgCAA,eAAS;AAEPC,oBAAY,YAAW;AACrBD,iBAAOE,OAAP,CAAe,yBAAf,EAA0CL,OAA1C;AACAG,iBAAOG,GAAP,CAAWC,WAAX;AACAJ,iBAAOK,WAAP;AACD,SANM;AAQPA,qBAAa,YAAW;AACtBL,iBAAOE,OAAP,CAAe,4BAAf,EAA6CF,MAA7C;AACAF,qBAAWE,MAAX;AACAZ,kBACGW,IADH,CACQZ,eADR,EACyBW,QADzB;AAGD,SAdM;AAgBPQ,iBAAS,YAAW;AAClBN,iBAAOE,OAAP,CAAe,gCAAf,EAAiDL,OAAjD;AACAT,kBACGmB,UADH,CACcpB,eADd,EAEGqB,GAFH,CAEOtB,cAFP;AAID,SAtBM;AAwBPuB,iBAAS,YAAW;AAClBT,iBAAOE,OAAP,CAAe,+BAAf,EAAgDL,OAAhD;AACAT,oBAAUxC,EAAEiD,OAAF,CAAV;AACAR,mBAAUzC,EAAE,IAAF,EAAQ0C,IAAR,CAAaX,SAASvB,KAAtB,CAAV;AACAoC,kBAAU5C,EAAE,IAAF,EAAQ0C,IAAR,CAAaX,SAASc,IAAtB,CAAV;AACD,SA7BM;AA+BPiB,iBAAS,YAAW;AAClBV,iBAAOE,OAAP,CAAe,uBAAf;AACA,cACE9C,QAAiBiC,OAAO,CAAP,KAAavC,SAAS6D,aAAT,CAAuB,KAAvB,CADhC;AAAA,cAEEC,iBAAiBxD,MAAMyD,WAFzB;AAID,SArCM;AAuCPC,iBAAS,UAASC,cAAT,EAAyBzC,QAAzB,EAAmC;AAC1C0B,iBAAOE,OAAP,CAAe,+BAAf,EAAgDa,cAAhD;;AACAzC,qBAAWA,YAAY,UAAS0C,KAAT,EAAgB;AACrChB,mBAAOE,OAAP,CAAe,8BAAf;;AACA,gBAAGc,UAAUjE,SAAb,EAAwB;AACtBiE,oBAAMC,eAAN;AACD;;AACDjB,mBAAOkB,KAAP;AACAlB,mBAAOG,GAAP,CAAWgB,MAAX;AACD,WAPD;;AAQAvC,mBAASwC,YAAT,CAAsBnD,IAAtB,CAA2B2B,UAAU,CAAV,CAA3B;;AACA,cAAGI,OAAOqB,GAAP,CAAWC,eAAX,EAAH,EAAiC;AAC/BtB,mBAAOE,OAAP,CAAe,wBAAf;AACAd,oBACGmC,QADH,CACYtC,UAAUuC,SADtB;AAGAnC,mBACGoC,GADH,CACOV,cADP,EAEGW,GAFH,CAEO1B,OAAOqB,GAAP,CAAWC,eAAX,EAFP,EAEqChD,QAFrC;AAIA0B,mBAAOG,GAAP,CAAWwB,QAAX,CAAoB/C,SAAS+C,QAA7B;AACAzD,kCAAsB,YAAW;AAC/BkB,sBACGmC,QADH,CACYtC,UAAUuC,SADtB;AAGA7B,0BACG4B,QADH,CACYtC,UAAU2C,MADtB;AAGD,aAPD;AAQD,WAlBD,MAmBK;AACHtD;AACD;AACF,SAxEM;AA0EPuD,eAAO,UAASC,MAAT,EAAiB;AACtB9B,iBAAO+B,KAAP,CAAa,uBAAb,EAAsCD,MAAtC;AACAzC,iBACGqC,GADH,CACO1B,OAAOqB,GAAP,CAAWC,eAAX,EADP,EACqC,YAAW;AAC5CtB,mBAAO+B,KAAP,CAAa,4BAAb;AACAxD,uBAAW,YAAU;AACnBa,sBAAQhC,KAAR,CAAc0E,MAAd;AACD,aAFD,EAEG,CAFH;AAGD,WANH;AAQD,SApFM;AAsFPZ,eAAO,YAAW;AAChBlB,iBAAOE,OAAP,CAAe,wBAAf;AACAd,kBACG4C,WADH,CACe/C,UAAUuC,SADzB,EAEGS,IAFH,CAEQ,OAFR,EAEiB,EAFjB,EAGGC,UAHH,CAGc,OAHd,EAFgB,CAOhB;;AACA7C,iBACG4C,IADH,CACQ,OADR,EACiB,EADjB,EAEGC,UAFH,CAEc,OAFd;AAIA1C,gBACGyC,IADH,CACQ,OADR,EACiB,EADjB,EAEGC,UAFH,CAEc,OAFd,EAGGF,WAHH,CAGe/C,UAAU2C,MAHzB;AAKAhC,oBACGoC,WADH,CACe/C,UAAUuC,SADzB,EAEGS,IAFH,CAEQ,OAFR,EAEiB,EAFjB,EAGGC,UAHH,CAGc,OAHd;AAKD,SA5GM;AA8GPC,YAAI;AACFC,oBAAU,YAAW;AACnB,mBAAQ5C,MAAM6C,MAAN,CAAa,MAAMpD,UAAUkC,MAA7B,EAAqC,CAArC,KAA2CvB,UAAU,CAAV,CAAnD;AACD,WAHC;AAIF4B,qBAAW,YAAW;AACpB,mBAAOpC,QAAQkD,QAAR,CAAiBrD,UAAUuC,SAA3B,CAAP;AACD;AANC,SA9GG;AAuHPrB,aAAK;AAEHC,uBAAa,YAAW;AACtBT,0BAAcP,QAAQE,IAAR,CAAa,MAAMV,SAASK,SAAT,CAAmBkC,MAAtC,CAAd;AACAvB,wBAAgBD,YAAY4C,IAAZ,CAAiB5D,SAASc,IAA1B,EAAgC+C,MAAhC,GAAyC,CAA3C,GACV7C,YAAY4C,IAAZ,CAAiB5D,SAASc,IAA1B,CADU,GAEVL,QAAQE,IAAR,CAAaX,SAASc,IAAtB,EAA4BgD,KAA5B,EAFJ;AAIA/C,wBAAY,KAAZ;AACAM,mBAAOE,OAAP,CAAe,oBAAf,EAAqCP,WAArC;AACAK,mBAAOE,OAAP,CAAe,kBAAf,EAAmCN,SAAnC;AACD,WAXE;AAaH+B,oBAAU,UAASA,QAAT,EAAmB;AAC3BA,uBAAWA,YAAY/C,SAAS+C,QAAhC;AACAA,uBAAY,OAAOA,QAAP,IAAmB,QAApB,GACPA,WAAW,IADJ,GAEPA,QAFJ;AAIA3B,mBAAOE,OAAP,CAAe,4BAAf,EAA6CyB,QAA7C;;AACA,gBAAG/C,SAAS+C,QAAT,IAAqB/C,SAAS+C,QAAT,KAAsB,CAA9C,EAAiD;AAC/CtC,qBAAOqD,GAAP,CAAWlD,KAAX,EACGiC,GADH,CACO;AACH,+CAA+BE,QAD5B;AAEH,4CAA4BA,QAFzB;AAGH,2CAA2BA,QAHxB;AAIH,0CAA0BA,QAJvB;AAKH,uCAAuBA;AALpB,eADP;AASD;AACF,WA/BE;AAiCHgB,4BAAkB,YAAW;AAC3B,gBACEhD,cAAcP,QAAQE,IAAR,CAAa,MAAMV,SAASK,SAAT,CAAmBkC,MAAtC,CADhB;AAAA,gBAEEyB,QAAcjD,YAAYkD,UAAZ,CAAuB,IAAvB,CAFhB;AAAA,gBAGEC,SAAcnD,YAAYoD,WAAZ,CAAwB,IAAxB,CAHhB;AAKA3D,oBACGqC,GADH,CACO;AACHmB,qBAAOA,KADJ;AAEHE,sBAAQA;AAFL,aADP;AAMD,WA7CE;AA+CHE,qBAAW,YAAW;AACpB,gBACEC,SAAc7D,QAAQ8D,KAAR,GAAgB3B,QAAhB,CAAyBtC,UAAUkE,OAAnC,CADhB;AAAA,gBAEExD,cAAcsD,OAAO3D,IAAP,CAAY,MAAMV,SAASK,SAAT,CAAmBkC,MAArC,CAFhB;AAAA,gBAGEiC,WAAexE,SAASgE,KAAT,IAAkB,MAAnB,GACVhD,UAAUiD,UAAV,CAAqB,IAArB,CADU,GAETjE,SAASgE,KAAT,IAAkB,SAAnB,GACExD,QAAQwD,KAAR,EADF,GAEEhE,SAASgE,KAPjB;AAAA,gBAQES,YAAgBzE,SAASkE,MAAT,IAAmB,MAApB,GACXlD,UAAUmD,WAAV,CAAsB,IAAtB,CADW,GAEVnE,SAASkE,MAAT,IAAmB,SAApB,GACE1D,QAAQ0D,MAAR,EADF,GAEElE,SAASkE,MAZjB;AAAA,gBAaElD,YAAeF,SAAD,GACVuD,OAAO3D,IAAP,CAAYX,SAASc,IAArB,EAA2B6D,EAA3B,CAA8B5D,SAA9B,CADU,GAERC,YAAY4C,IAAZ,CAAiB5D,SAASc,IAA1B,EAAgC+C,MAAhC,GAAyC,CAA3C,GACE7C,YAAY4C,IAAZ,CAAiB5D,SAASc,IAA1B,CADF,GAEEwD,OAAO3D,IAAP,CAAYX,SAASc,IAArB,EAA2BgD,KAA3B,EAjBR;AAmBA9C,wBAAYqC,WAAZ,CAAwB/C,UAAUkC,MAAlC;AACAvB,sBAAU2B,QAAV,CAAmBtC,UAAUkC,MAA7B;AACA8B,mBAAOM,WAAP,CAAmBnE,OAAnB;AACA6D,mBAAOO,MAAP;;AACA,gBAAG5E,SAASgE,KAAT,IAAkB,MAArB,EAA6B;AAC3BxD,sBAAQqC,GAAR,CAAY,OAAZ,EAAqB2B,WAAWxE,SAAS6E,MAAzC;AACAzD,qBAAOE,OAAP,CAAe,mCAAf,EAAoDkD,QAApD;AACD;;AACD,gBAAGxE,SAASkE,MAAT,IAAmB,MAAtB,EAA8B;AAC5B1D,sBAAQqC,GAAR,CAAY,QAAZ,EAAsB4B,YAAYzE,SAAS6E,MAA3C;AACAzD,qBAAOE,OAAP,CAAe,oCAAf,EAAqDmD,SAArD;AACD;AACF,WA/EE;AAiFHK,oBAAU,UAAS/E,QAAT,EAAmB;AAC3Be,wBAAYf,QAAZ;AACAiB,wBAAYJ,MAAM6C,MAAN,CAAa1D,QAAb,CAAZ;AACAe,wBAAYF,MAAMmE,KAAN,CAAY/D,SAAZ,CAAZ;;AACA,gBAAGA,UAAU4C,MAAV,KAAqB,CAAxB,EAA2B;AACzBxC,qBAAOG,GAAP,CAAWC,WAAX;AACAJ,qBAAOhB,KAAP,CAAaA,MAAMS,IAAnB;AACD;;AACDO,mBAAOE,OAAP,CAAe,2BAAf,EAA4CN,SAA5C;AACD,WA1FE;AA4FHuB,kBAAQ,YAAW;AACjBnB,mBAAOE,OAAP,CAAe,4BAAf,EAA6CN,SAA7C;AACAJ,kBACGwC,WADH,CACe/C,UAAUkC,MADzB;AAGAvB,sBACG2B,QADH,CACYtC,UAAUkC,MADtB;AAGAvC,qBAASgF,QAAT,CAAkB3F,IAAlB,CAAuB2B,UAAU,CAAV,CAAvB;AACAI,mBAAOG,GAAP,CAAWC,WAAX;AACD;AAtGE,SAvHE;AAgOPyD,cAAM;AAEJC,cAAI,YAAW;AACb,gBAAG9D,OAAOmC,EAAP,CAAUC,QAAV,MAAwB,CAACpC,OAAOmC,EAAP,CAAUX,SAAV,EAAzB,IAAkD,CAAC5C,SAASmF,YAA/D,EAA6E;AAC3E/D,qBAAO+B,KAAP,CAAa,sBAAb,EAAqCnC,SAArC;AACA;AACD;;AACD,gBAAI,CAACI,OAAOmC,EAAP,CAAUX,SAAV,EAAL,EAA4B;AAC1BxB,qBAAO+B,KAAP,CAAa,aAAb,EAA4BnC,SAA5B;AACAI,qBAAOG,GAAP,CAAW6C,SAAX;AACAhD,qBAAOgE,KAAP,CAAaC,KAAb;AACAjE,qBAAOc,OAAP,CAAgBd,OAAOqB,GAAP,CAAW6C,SAAX,CAAqBJ,EAArB,EAAhB;AACD,aALD,MAMK;AACH9D,qBAAO6B,KAAP,CAAa,SAAb;AACD;AACF,WAhBG;AAkBJsC,gBAAM,YAAW;AACf,gBAAGnE,OAAOmC,EAAP,CAAUC,QAAV,MAAwB,CAACpC,OAAOmC,EAAP,CAAUX,SAAV,EAAzB,IAAkD,CAAC5C,SAASmF,YAA/D,EAA6E;AAC3E/D,qBAAO+B,KAAP,CAAa,sBAAb,EAAqCnC,SAArC;AACA;AACD;;AACD,gBAAI,CAACI,OAAOmC,EAAP,CAAUX,SAAV,EAAL,EAA4B;AAC1BxB,qBAAO+B,KAAP,CAAa,eAAb,EAA8BnC,SAA9B;AACAI,qBAAOG,GAAP,CAAW6C,SAAX;AACAhD,qBAAOgE,KAAP,CAAaI,KAAb;AACApE,qBAAOc,OAAP,CAAgBd,OAAOqB,GAAP,CAAW6C,SAAX,CAAqBC,IAArB,EAAhB;AACD,aALD,MAMK;AACHnE,qBAAO6B,KAAP,CAAa,WAAb;AACD;AACF,WAhCG;AAkCJwC,gBAAM,YAAW;AACf,gBAAGrE,OAAOmC,EAAP,CAAUC,QAAV,MAAwB,CAACpC,OAAOmC,EAAP,CAAUX,SAAV,EAAzB,IAAkD,CAAC5C,SAASmF,YAA/D,EAA6E;AAC3E/D,qBAAO+B,KAAP,CAAa,sBAAb,EAAqCnC,SAArC;AACA;AACD;;AACD,gBAAI,CAACI,OAAOmC,EAAP,CAAUX,SAAV,EAAL,EAA4B;AAC1BxB,qBAAO+B,KAAP,CAAa,eAAb,EAA8BnC,SAA9B;AACAI,qBAAOG,GAAP,CAAW6C,SAAX;AACAhD,qBAAOgE,KAAP,CAAaK,IAAb;AACArE,qBAAOc,OAAP,CAAed,OAAOqB,GAAP,CAAW6C,SAAX,CAAqBG,IAArB,EAAf;AACD,aALD,MAMK;AACHrE,qBAAO6B,KAAP,CAAa,WAAb;AACD;AACF,WAhDG;AAkDJyC,iBAAO,YAAW;AAChB,gBAAGtE,OAAOmC,EAAP,CAAUC,QAAV,MAAwB,CAACpC,OAAOmC,EAAP,CAAUX,SAAV,EAAzB,IAAkD,CAAC5C,SAASmF,YAA/D,EAA6E;AAC3E/D,qBAAO+B,KAAP,CAAa,sBAAb,EAAqCnC,SAArC;AACA;AACD;;AACD,gBAAI,CAACI,OAAOmC,EAAP,CAAUX,SAAV,EAAL,EAA4B;AAC1BxB,qBAAO+B,KAAP,CAAa,gBAAb,EAA+BnC,SAA/B;AACAI,qBAAOG,GAAP,CAAW6C,SAAX;AACAhD,qBAAOgE,KAAP,CAAaM,KAAb;AACAtE,qBAAOc,OAAP,CAAed,OAAOqB,GAAP,CAAW6C,SAAX,CAAqBI,KAArB,EAAf;AACD,aALD,MAMK;AACHtE,qBAAO6B,KAAP,CAAa,YAAb;AACD;AACF,WAhEG;AAkEJ0C,gBAAM,YAAW;AACf,gBAAGvE,OAAOmC,EAAP,CAAUC,QAAV,MAAwB,CAACpC,OAAOmC,EAAP,CAAUX,SAAV,EAAzB,IAAkD,CAAC5C,SAASmF,YAA/D,EAA6E;AAC3E/D,qBAAO+B,KAAP,CAAa,sBAAb,EAAqCnC,SAArC;AACA;AACD;;AACD,gBAAI,CAACI,OAAOmC,EAAP,CAAUX,SAAV,EAAL,EAA4B;AAC1BxB,qBAAO+B,KAAP,CAAa,eAAb,EAA8BnC,SAA9B;AACAI,qBAAOG,GAAP,CAAW6C,SAAX;AACAhD,qBAAOgE,KAAP,CAAaQ,MAAb;AACAxE,qBAAOc,OAAP,CAAed,OAAOqB,GAAP,CAAW6C,SAAX,CAAqBK,IAArB,EAAf;AACD,aALD,MAMK;AACHvE,qBAAO6B,KAAP,CAAa,WAAb;AACD;AACF,WAhFG;AAkFJ4C,gBAAM,YAAW;AACf,gBAAGzE,OAAOmC,EAAP,CAAUC,QAAV,MAAwB,CAACpC,OAAOmC,EAAP,CAAUX,SAAV,EAAzB,IAAkD,CAAC5C,SAASmF,YAA/D,EAA6E;AAC3E/D,qBAAO+B,KAAP,CAAa,sBAAb,EAAqCnC,SAArC;AACA;AACD;;AACD,gBAAI,CAACI,OAAOmC,EAAP,CAAUX,SAAV,EAAL,EAA4B;AAC1BxB,qBAAO+B,KAAP,CAAa,eAAb,EAA8BnC,SAA9B;AACAI,qBAAOG,GAAP,CAAW6C,SAAX;AACAhD,qBAAOgE,KAAP,CAAaQ,MAAb;AACAxE,qBAAOc,OAAP,CAAed,OAAOqB,GAAP,CAAW6C,SAAX,CAAqBO,IAArB,EAAf;AACD,aALD,MAMK;AACHzE,qBAAO6B,KAAP,CAAa,WAAb;AACD;AACF;AAhGG,SAhOC;AAoUPR,aAAK;AAEH6C,qBAAW;AACTJ,gBAAI,YAAW;AACb,kBACEY,YAAY;AACVC,mBAAG,EAAE,CAAChF,YAAYoD,WAAZ,CAAwB,IAAxB,IAAgCnD,UAAUmD,WAAV,CAAsB,IAAtB,CAAjC,IAAgE,CAAlE,CADO;AAEV6B,mBAAG,EAAEjF,YAAYoD,WAAZ,CAAwB,IAAxB,IAAgC,CAAlC;AAFO,eADd;AAMA,qBAAO;AACLmB,2BAAW,gBAAgBQ,UAAUC,CAA1B,GAA8B,iBAA9B,GAAiDD,UAAUE,CAA3D,GAA+D;AADrE,eAAP;AAGD,aAXQ;AAaTT,kBAAM,YAAW;AACf,kBACEO,YAAY;AACVC,mBAAG,EAAE,CAAChF,YAAYoD,WAAZ,CAAwB,IAAxB,IAAgCnD,UAAUmD,WAAV,CAAsB,IAAtB,CAAjC,IAAgE,CAAlE,CADO;AAEV6B,mBAAG,EAAEjF,YAAYoD,WAAZ,CAAwB,IAAxB,IAAgC,CAAlC;AAFO,eADd;AAMA,qBAAO;AACLmB,2BAAW,gBAAgBQ,UAAUC,CAA1B,GAA8B,iBAA9B,GAAiDD,UAAUE,CAA3D,GAA+D;AADrE,eAAP;AAGD,aAvBQ;AAyBTP,kBAAM,YAAW;AACf,kBACEK,YAAY;AACVG,mBAAI,EAAE,CAAClF,YAAYkD,UAAZ,CAAuB,IAAvB,IAA+BjD,UAAUiD,UAAV,CAAqB,IAArB,CAAhC,IAA8D,CAAhE,CADM;AAEV+B,mBAAI,EAAEjF,YAAYkD,UAAZ,CAAuB,IAAvB,IAA+B,CAAjC;AAFM,eADd;AAMA,qBAAO;AACLqB,2BAAW,gBAAgBQ,UAAUG,CAA1B,GAA8B,iBAA9B,GAAkDH,UAAUE,CAA5D,GAAgE;AADtE,eAAP;AAGD,aAnCQ;AAqCTN,mBAAO,YAAW;AAChB,kBACEI,YAAY;AACVG,mBAAI,EAAE,CAAClF,YAAYkD,UAAZ,CAAuB,IAAvB,IAA+BjD,UAAUiD,UAAV,CAAqB,IAArB,CAAhC,IAA8D,CAAhE,CADM;AAEV+B,mBAAI,EAAEjF,YAAYkD,UAAZ,CAAuB,IAAvB,IAA+B,CAAjC;AAFM,eADd;AAMA,qBAAO;AACLqB,2BAAW,gBAAgBQ,UAAUG,CAA1B,GAA8B,iBAA9B,GAAkDH,UAAUE,CAA5D,GAAgE;AADtE,eAAP;AAGD,aA/CQ;AAiDTL,kBAAM,YAAW;AACf,kBACEG,YAAY;AACVG,mBAAI,EAAE,CAAClF,YAAYkD,UAAZ,CAAuB,IAAvB,IAA+BjD,UAAUiD,UAAV,CAAqB,IAArB,CAAhC,IAA8D,CAAhE;AADM,eADd;AAKA,qBAAO;AACLqB,2BAAW,gBAAgBQ,UAAUG,CAA1B,GAA8B;AADpC,eAAP;AAGD,aA1DQ;AA4DTJ,kBAAM,YAAW;AACf,kBACEC,YAAY;AACVG,mBAAI,EAAE,CAAClF,YAAYkD,UAAZ,CAAuB,IAAvB,IAA+BjD,UAAUiD,UAAV,CAAqB,IAArB,CAAhC,IAA8D,CAAhE;AADM,eADd;AAKA,qBAAO;AACLqB,2BAAW,gBAAgBQ,UAAUG,CAA1B,GAA8B;AADpC,eAAP;AAGD;AArEQ,WAFR;AA0EHvD,2BAAiB,YAAW;AAC1B,gBACEzB,UAAc/C,SAAS6D,aAAT,CAAuB,SAAvB,CADhB;AAAA,gBAEEmE,cAAc;AACZ,4BAAoB,eADR;AAEZ,6BAAoB,gBAFR;AAGZ,+BAAoB,eAHR;AAIZ,kCAAoB;AAJR,aAFhB;AAAA,gBAQEC,UARF;;AAUA,iBAAIA,UAAJ,2CAAkBD,WAAlB,GAA8B;AAC5B,kBAAIjF,QAAQmF,KAAR,CAAcD,UAAd,MAA8BhI,SAAlC,EAA6C;AAC3C,uBAAO+H,YAAYC,UAAZ,CAAP;AACD;AACF;AACF,WA1FE;AA4FHrB,oBAAU,YAAW;AACnB,mBAAS/D,YAAY4C,IAAZ,CAAiB5D,SAASc,IAA1B,EAAgC+C,MAAhC,GAAyC,CAA3C,GACH7C,YAAY4C,IAAZ,CAAiB5D,SAASc,IAA1B,CADG,GAEHL,QAAQE,IAAR,CAAaX,SAASc,IAAtB,EAA4BgD,KAA5B,EAFJ;AAID;AAjGE,SApUE;AAyaPuB,eAAO;AAELC,iBAAO,YAAW;AAChB,gBACEgB,MAAM;AACJC,sBAAU,CAACvF,YAAYoD,WAAZ,CAAwB,IAAxB,IAAgCnD,UAAUmD,WAAV,CAAsB,IAAtB,CAAjC,IAAgE,CADtE;AAEJoC,qBAAS;AACPhE,wBAAUvB,UAAUmD,WAAV,CAAsB,IAAtB,IAA8B,CADjC;AAEPR,sBAAU5C,YAAYoD,WAAZ,CAAwB,IAAxB,IAAgC;AAFnC;AAFL,aADR;AASA/C,mBAAOE,OAAP,CAAe,iDAAf,EAAkEN,SAAlE,EAA6EqF,GAA7E;AACA5F,mBACGoC,GADH,CACO;AACH,2BAAc,iBAAiBwD,IAAIE,KAAJ,CAAUhE,MAA3B,GAAoC;AAD/C,aADP;AAKAxB,wBACG8B,GADH,CACO;AACH,2BAAc,8BAA8BwD,IAAIE,KAAJ,CAAUhE,MAAxC,GAAiD;AAD5D,aADP;AAKAvB,sBACG2B,QADH,CACYtC,UAAUuC,SADtB,EAEGC,GAFH,CAEO;AACH,qBAAcwD,IAAIC,MAAJ,GAAa,IADxB;AAEH,2BAAc,+BAA+BD,IAAIE,KAAJ,CAAU5C,IAAzC,GAAgD;AAF3D,aAFP;AAOD,WA9BI;AAgCL6B,iBAAO,YAAW;AAChB,gBACEa,MAAM;AACJC,sBAAU,CAACvF,YAAYoD,WAAZ,CAAwB,IAAxB,IAAgCnD,UAAUmD,WAAV,CAAsB,IAAtB,CAAjC,IAAgE,CADtE;AAEJoC,qBAAS;AACPhE,wBAAUvB,UAAUmD,WAAV,CAAsB,IAAtB,IAA8B,CADjC;AAEPR,sBAAU5C,YAAYoD,WAAZ,CAAwB,IAAxB,IAAgC;AAFnC;AAFL,aADR;AASA/C,mBAAOE,OAAP,CAAe,iDAAf,EAAkEN,SAAlE,EAA6EqF,GAA7E;AACA5F,mBACGoC,GADH,CACO;AACH,2BAAc,iBAAiBwD,IAAIE,KAAJ,CAAUhE,MAA3B,GAAoC;AAD/C,aADP;AAKAxB,wBACG8B,GADH,CACO;AACH,2BAAc,8BAA8BwD,IAAIE,KAAJ,CAAUhE,MAAxC,GAAiD;AAD5D,aADP;AAKAvB,sBACG2B,QADH,CACYtC,UAAUuC,SADtB,EAEGC,GAFH,CAEO;AACH,qBAAcwD,IAAIC,MAAJ,GAAa,IADxB;AAEH,2BAAc,gCAAgCD,IAAIE,KAAJ,CAAU5C,IAA1C,GAAiD;AAF5D,aAFP;AAOD,WA5DI;AA8DL8B,gBAAM,YAAW;AACf,gBACEvB,SAAS;AACP3B,sBAASxB,YAAYkD,UAAZ,CAAuB,IAAvB,CADF;AAEPN,oBAAS3C,UAAUiD,UAAV,CAAqB,IAArB;AAFF,aADX;AAAA,gBAKEoC,MAAM;AACJC,sBAAW,CAAEpC,OAAO3B,MAAP,GAAgB2B,OAAOP,IAAzB,IAAkC,CADzC;AAEJ4C,qBAAS;AACPhE,wBAAU2B,OAAOP,IAAP,GAAc,CADjB;AAEPA,sBAAUO,OAAO3B,MAAP,GAAgB;AAFnB;AAFL,aALR;AAaAnB,mBAAOE,OAAP,CAAe,gDAAf,EAAiEN,SAAjE,EAA4EqF,GAA5E;AACA5F,mBACGoC,GADH,CACO;AACH,2BAAc,iBAAiBwD,IAAIE,KAAJ,CAAUhE,MAA3B,GAAoC;AAD/C,aADP;AAKAxB,wBACG8B,GADH,CACO;AACH,2BAAc,8BAA8BwD,IAAIE,KAAJ,CAAUhE,MAAxC,GAAiD;AAD5D,aADP;AAKAvB,sBACG2B,QADH,CACYtC,UAAUuC,SADtB,EAEGC,GAFH,CAEO;AACH,sBAAcwD,IAAIC,MAAJ,GAAa,IADxB;AAEH,2BAAc,gCAAgCD,IAAIE,KAAJ,CAAU5C,IAA1C,GAAiD;AAF5D,aAFP;AAOD,WA9FI;AAgGL+B,iBAAO,YAAW;AAChB,gBACExB,SAAS;AACP3B,sBAASxB,YAAYkD,UAAZ,CAAuB,IAAvB,CADF;AAEPN,oBAAS3C,UAAUiD,UAAV,CAAqB,IAArB;AAFF,aADX;AAAA,gBAKEoC,MAAM;AACJC,sBAAW,CAAEpC,OAAO3B,MAAP,GAAgB2B,OAAOP,IAAzB,IAAkC,CADzC;AAEJ4C,qBAAS;AACPhE,wBAAU2B,OAAOP,IAAP,GAAc,CADjB;AAEPA,sBAAUO,OAAO3B,MAAP,GAAgB;AAFnB;AAFL,aALR;AAaAnB,mBAAOE,OAAP,CAAe,gDAAf,EAAiEN,SAAjE,EAA4EqF,GAA5E;AACA5F,mBACGoC,GADH,CACO;AACH,2BAAc,iBAAiBwD,IAAIE,KAAJ,CAAUhE,MAA3B,GAAoC;AAD/C,aADP;AAKAxB,wBACG8B,GADH,CACO;AACH,2BAAc,8BAA8BwD,IAAIE,KAAJ,CAAUhE,MAAxC,GAAiD;AAD5D,aADP;AAKAvB,sBACG2B,QADH,CACYtC,UAAUuC,SADtB,EAEGC,GAFH,CAEO;AACH,sBAAcwD,IAAIC,MAAJ,GAAa,IADxB;AAEH,2BAAc,+BAA+BD,IAAIE,KAAJ,CAAU5C,IAAzC,GAAgD;AAF3D,aAFP;AAOD,WAhII;AAkILiC,kBAAQ,YAAW;AACjB,gBACE1B,SAAS;AACP3B,sBAASxB,YAAYkD,UAAZ,CAAuB,IAAvB,CADF;AAEPN,oBAAS3C,UAAUiD,UAAV,CAAqB,IAArB;AAFF,aADX;AAAA,gBAKEoC,MAAM;AACJC,sBAAW,CAAEpC,OAAO3B,MAAP,GAAgB2B,OAAOP,IAAzB,IAAkC,CADzC;AAEJ4C,qBAAS;AACPhE,wBAAU2B,OAAOP,IAAP,GAAc,CADjB;AAEPA,sBAAUO,OAAO3B,MAAP,GAAgB;AAFnB;AAFL,aALR;AAaAnB,mBAAOE,OAAP,CAAe,kDAAf,EAAmEN,SAAnE,EAA8EqF,GAA9E;AACAtF,wBACG8B,GADH,CACO;AACH,2BAAc;AADX,aADP;AAKA7B,sBACG2B,QADH,CACYtC,UAAUuC,SADtB,EAEGC,GAFH,CAEO;AACH,sBAAcwD,IAAIC,MAAJ,GAAa,IADxB;AAEH,2BAAc;AAFX,aAFP;AAOD;AA7JI,SAzaA;AAwkBPE,iBAAS,UAASC,IAAT,EAAeC,KAAf,EAAsB;AAC7BtF,iBAAO+B,KAAP,CAAa,kBAAb,EAAiCsD,IAAjC,EAAuCC,KAAvC;;AACA,cAAI1I,EAAEiC,aAAF,CAAgBwG,IAAhB,CAAJ,EAA4B;AAC1BzI,cAAEkC,MAAF,CAAS,IAAT,EAAeF,QAAf,EAAyByG,IAAzB;AACD,WAFD,MAGK,IAAGC,UAAUvI,SAAb,EAAwB;AAC3B,gBAAGH,EAAEiC,aAAF,CAAgBD,SAASyG,IAAT,CAAhB,CAAH,EAAoC;AAClCzI,gBAAEkC,MAAF,CAAS,IAAT,EAAeF,SAASyG,IAAT,CAAf,EAA+BC,KAA/B;AACD,aAFD,MAGK;AACH1G,uBAASyG,IAAT,IAAiBC,KAAjB;AACD;AACF,WAPI,MAQA;AACH,mBAAO1G,SAASyG,IAAT,CAAP;AACD;AACF,SAxlBM;AAylBPE,kBAAU,UAASF,IAAT,EAAeC,KAAf,EAAsB;AAC9B,cAAI1I,EAAEiC,aAAF,CAAgBwG,IAAhB,CAAJ,EAA4B;AAC1BzI,cAAEkC,MAAF,CAAS,IAAT,EAAekB,MAAf,EAAuBqF,IAAvB;AACD,WAFD,MAGK,IAAGC,UAAUvI,SAAb,EAAwB;AAC3BiD,mBAAOqF,IAAP,IAAeC,KAAf;AACD,WAFI,MAGA;AACH,mBAAOtF,OAAOqF,IAAP,CAAP;AACD;AACF,SAnmBM;AAomBPtD,eAAO,YAAW;AAChB,cAAG,CAACnD,SAAS4G,MAAV,IAAoB5G,SAASmD,KAAhC,EAAuC;AACrC,gBAAGnD,SAASjB,WAAZ,EAAyB;AACvBqC,qBAAOrC,WAAP,CAAmB8H,GAAnB,CAAuB5H,SAAvB;AACD,aAFD,MAGK;AACHmC,qBAAO+B,KAAP,GAAe7E,SAASwI,SAAT,CAAmBC,IAAnB,CAAwB1H,IAAxB,CAA6B2H,QAAQC,IAArC,EAA2CD,OAA3C,EAAoDhH,SAASyG,IAAT,GAAgB,GAApE,CAAf;AACArF,qBAAO+B,KAAP,CAAa+D,KAAb,CAAmBF,OAAnB,EAA4B/H,SAA5B;AACD;AACF;AACF,SA9mBM;AA+mBPqC,iBAAS,YAAW;AAClB,cAAG,CAACtB,SAAS4G,MAAV,IAAoB5G,SAASsB,OAA7B,IAAwCtB,SAASmD,KAApD,EAA2D;AACzD,gBAAGnD,SAASjB,WAAZ,EAAyB;AACvBqC,qBAAOrC,WAAP,CAAmB8H,GAAnB,CAAuB5H,SAAvB;AACD,aAFD,MAGK;AACHmC,qBAAOE,OAAP,GAAiBhD,SAASwI,SAAT,CAAmBC,IAAnB,CAAwB1H,IAAxB,CAA6B2H,QAAQC,IAArC,EAA2CD,OAA3C,EAAoDhH,SAASyG,IAAT,GAAgB,GAApE,CAAjB;AACArF,qBAAOE,OAAP,CAAe4F,KAAf,CAAqBF,OAArB,EAA8B/H,SAA9B;AACD;AACF;AACF,SAznBM;AA0nBPmB,eAAO,YAAW;AAChB,cAAG,CAACJ,SAAS4G,MAAb,EAAqB;AACnBxF,mBAAOhB,KAAP,GAAe9B,SAASwI,SAAT,CAAmBC,IAAnB,CAAwB1H,IAAxB,CAA6B2H,QAAQ5G,KAArC,EAA4C4G,OAA5C,EAAqDhH,SAASyG,IAAT,GAAgB,GAArE,CAAf;AACArF,mBAAOhB,KAAP,CAAa8G,KAAb,CAAmBF,OAAnB,EAA4B/H,SAA5B;AACD;AACF,SA/nBM;AAgoBPF,qBAAa;AACX8H,eAAK,UAASM,OAAT,EAAkB;AACrB,gBACEC,WADF,EAEEC,aAFF,EAGEC,YAHF;;AAKA,gBAAGtH,SAASjB,WAAZ,EAAyB;AACvBqI,4BAAgB,IAAIvI,IAAJ,GAAWC,OAAX,EAAhB;AACAwI,6BAAgB1I,QAAQwI,WAAxB;AACAC,8BAAgBD,cAAcE,YAA9B;AACA1I,qBAAgBwI,WAAhB;AACArI,0BAAYwI,IAAZ,CAAiB;AACf,wBAAmBJ,QAAQ,CAAR,CADJ;AAEf,6BAAmB,GAAG/H,KAAH,CAASC,IAAT,CAAc8H,OAAd,EAAuB,CAAvB,KAA6B,EAFjC;AAGf,2BAAmBlG,OAHJ;AAIf,kCAAmBoG;AAJJ,eAAjB;AAMD;;AACDG,yBAAapG,OAAOrC,WAAP,CAAmB0I,KAAhC;AACArG,mBAAOrC,WAAP,CAAmB0I,KAAnB,GAA2B9H,WAAWyB,OAAOrC,WAAP,CAAmB2I,OAA9B,EAAuC,GAAvC,CAA3B;AACD,WArBU;AAsBXA,mBAAS,YAAW;AAClB,gBACEC,QAAQ3H,SAASyG,IAAT,GAAgB,GAD1B;AAAA,gBAEEmB,YAAY,CAFd;AAIAhJ,mBAAO,KAAP;AACA4I,yBAAapG,OAAOrC,WAAP,CAAmB0I,KAAhC;AACAzJ,cAAE6B,IAAF,CAAOd,WAAP,EAAoB,UAASgG,KAAT,EAAgB5D,IAAhB,EAAsB;AACxCyG,2BAAazG,KAAK,gBAAL,CAAb;AACD,aAFD;AAGAwG,qBAAS,MAAMC,SAAN,GAAkB,IAA3B;;AACA,gBAAG9H,cAAH,EAAmB;AACjB6H,uBAAS,QAAQ7H,cAAR,GAAyB,IAAlC;AACD;;AACD,gBAAGpB,YAAYkF,MAAZ,GAAqB,CAAxB,EAA2B;AACzB+D,uBAAS,MAAM,GAAN,GAAYjJ,YAAYkF,MAAxB,GAAiC,GAA1C;AACD;;AACD,gBAAI,CAACoD,QAAQa,KAAR,KAAkB1J,SAAlB,IAA+B6I,QAAQc,KAAR,KAAkB3J,SAAlD,KAAgEY,YAAY6E,MAAZ,GAAqB,CAAzF,EAA4F;AAC1FoD,sBAAQe,cAAR,CAAuBJ,KAAvB;;AACA,kBAAGX,QAAQc,KAAX,EAAkB;AAChBd,wBAAQc,KAAR,CAAc/I,WAAd;AACD,eAFD,MAGK;AACHf,kBAAE6B,IAAF,CAAOd,WAAP,EAAoB,UAASgG,KAAT,EAAgB5D,IAAhB,EAAsB;AACxC6F,0BAAQH,GAAR,CAAY1F,KAAK,MAAL,IAAe,IAAf,GAAsBA,KAAK,gBAAL,CAAtB,GAA6C,IAAzD;AACD,iBAFD;AAGD;;AACD6F,sBAAQgB,QAAR;AACD;;AACDjJ,0BAAc,EAAd;AACD;AApDU,SAhoBN;AAsrBPkJ,gBAAQ,UAASjJ,KAAT,EAAgBkJ,eAAhB,EAAiCC,OAAjC,EAA0C;AAChD,cACEC,SAASlH,QADX;AAAA,cAEEmH,QAFF;AAAA,cAGEC,KAHF;AAAA,cAIEC,QAJF;AAMAL,4BAAkBA,mBAAmB/I,cAArC;AACAgJ,oBAAkBlH,WAAmBkH,OAArC;;AACA,cAAG,OAAOnJ,KAAP,IAAgB,QAAhB,IAA4BoJ,WAAWjK,SAA1C,EAAqD;AACnDa,oBAAWA,MAAMwJ,KAAN,CAAY,OAAZ,CAAX;AACAH,uBAAWrJ,MAAM4E,MAAN,GAAe,CAA1B;AACA5F,cAAE6B,IAAF,CAAOb,KAAP,EAAc,UAASuH,KAAT,EAAgBG,KAAhB,EAAuB;AACnC,kBAAI+B,iBAAkBlC,SAAS8B,QAAV,GACjB3B,QAAQ1H,MAAMuH,QAAQ,CAAd,EAAiBmC,MAAjB,CAAwB,CAAxB,EAA2BC,WAA3B,EAAR,GAAmD3J,MAAMuH,QAAQ,CAAd,EAAiBnH,KAAjB,CAAuB,CAAvB,CADlC,GAEjBJ,KAFJ;;AAIA,kBAAIhB,EAAEiC,aAAF,CAAiBmI,OAAOK,cAAP,CAAjB,KAA8ClC,SAAS8B,QAA3D,EAAuE;AACrED,yBAASA,OAAOK,cAAP,CAAT;AACD,eAFD,MAGK,IAAIL,OAAOK,cAAP,MAA2BtK,SAA/B,EAA2C;AAC9CmK,wBAAQF,OAAOK,cAAP,CAAR;AACA,uBAAO,KAAP;AACD,eAHI,MAIA,IAAIzK,EAAEiC,aAAF,CAAiBmI,OAAO1B,KAAP,CAAjB,KAAqCH,SAAS8B,QAAlD,EAA8D;AACjED,yBAASA,OAAO1B,KAAP,CAAT;AACD,eAFI,MAGA,IAAI0B,OAAO1B,KAAP,MAAkBvI,SAAtB,EAAkC;AACrCmK,wBAAQF,OAAO1B,KAAP,CAAR;AACA,uBAAO,KAAP;AACD,eAHI,MAIA;AACH,uBAAO,KAAP;AACD;AACF,aAtBD;AAuBD;;AACD,cAAK1I,EAAE4K,UAAF,CAAcN,KAAd,CAAL,EAA6B;AAC3BC,uBAAWD,MAAMpB,KAAN,CAAYiB,OAAZ,EAAqBD,eAArB,CAAX;AACD,WAFD,MAGK,IAAGI,UAAUnK,SAAb,EAAwB;AAC3BoK,uBAAWD,KAAX;AACD;;AACD,cAAGtK,EAAE6K,OAAF,CAAUjJ,aAAV,CAAH,EAA6B;AAC3BA,0BAAc2H,IAAd,CAAmBgB,QAAnB;AACD,WAFD,MAGK,IAAG3I,kBAAkBzB,SAArB,EAAgC;AACnCyB,4BAAgB,CAACA,aAAD,EAAgB2I,QAAhB,CAAhB;AACD,WAFI,MAGA,IAAGA,aAAapK,SAAhB,EAA2B;AAC9ByB,4BAAgB2I,QAAhB;AACD;;AACD,iBAAOD,KAAP;AACD;AA1uBM,OAAT;;AA6uBA,UAAGpJ,aAAH,EAAkB;AAChB,YAAGgC,aAAa/C,SAAhB,EAA2B;AACzBiD,iBAAOC,UAAP;AACD;;AACDD,eAAO6G,MAAP,CAAcjJ,KAAd;AACD,OALD,MAMK;AACH,YAAGkC,aAAa/C,SAAhB,EAA2B;AACzB+C,mBAAS+G,MAAT,CAAgB,SAAhB;AACD;;AACD7G,eAAOC,UAAP;AACD;AACF,KA3xBH;AA8xBA,WAAQzB,kBAAkBzB,SAAnB,GACHyB,aADG,GAEH,IAFJ;AAID,GAvzBD;;AAyzBA5B,IAAEO,EAAF,CAAKC,KAAL,CAAWwB,QAAX,GAAsB;AAEpB;AACAyG,UAAO,OAHa;AAKpB;AACAG,YAAa,KANO;AAQpB;AACAzD,WAAa,KATO;AAWpB;AACA7B,aAAa,KAZO;AAcpB;AACAuD,YAAa,CAfO;AAiBpB;AACA9F,iBAAa,IAlBO;AAoBpB;AACAoB,eAAa,OArBO;AAuBpB;AACA6D,WAAO,SAxBa;AA0BpB;AACAE,YAAQ,SA3BY;AA6BpB;AACA1B,kBAAe,YAAW,CAAE,CA9BR;AA+BpBwC,cAAe,YAAW,CAAE,CA/BR;AAiCpB;AACAG,kBAAc,KAlCM;AAoCpB;AACApC,cAAa,KArCO;AAuCpB;AACA3C,WAAO;AACLS,YAAS,oDADJ;AAELqC,cAAS;AAFJ,KAxCa;AA6CpB;AACA7C,eAAc;AACZuC,iBAAY,WADA;AAEZI,cAAY,QAFA;AAGZuB,eAAY,SAHA;AAIZhC,cAAY;AAJA,KA9CM;AAqDpB;AACAxC,cAAc;AACZY,aAAQ,QADI;AAEZE,YAAQ;AAFI;AAtDM,GAAtB;AA8DC,CAl4BA,EAk4BGiI,MAl4BH,EAk4BW7K,MAl4BX,EAk4BmBC,QAl4BnB","file":"client/lib/semantic-ui/definitions/modules/shape.js.map","sourcesContent":["/*\n  DO NOT MODIFY - This file has been generated and will be regenerated\n  Semantic UI v2.2.1\n*/\n/*!\n * # Semantic UI - Shape\n * http://github.com/semantic-org/semantic-ui/\n *\n *\n * Released under the MIT license\n * http://opensource.org/licenses/MIT\n *\n */\n\n;(function ($, window, document, undefined) {\n\n\"use strict\";\n\nwindow = (typeof window != 'undefined' && window.Math == Math)\n  ? window\n  : (typeof self != 'undefined' && self.Math == Math)\n    ? self\n    : Function('return this')()\n;\n\n$.fn.shape = function(parameters) {\n  var\n    $allModules     = $(this),\n    $body           = $('body'),\n\n    time            = new Date().getTime(),\n    performance     = [],\n\n    query           = arguments[0],\n    methodInvoked   = (typeof query == 'string'),\n    queryArguments  = [].slice.call(arguments, 1),\n\n    requestAnimationFrame = window.requestAnimationFrame\n      || window.mozRequestAnimationFrame\n      || window.webkitRequestAnimationFrame\n      || window.msRequestAnimationFrame\n      || function(callback) { setTimeout(callback, 0); },\n\n    returnedValue\n  ;\n\n  $allModules\n    .each(function() {\n      var\n        moduleSelector = $allModules.selector || '',\n        settings       = ( $.isPlainObject(parameters) )\n          ? $.extend(true, {}, $.fn.shape.settings, parameters)\n          : $.extend({}, $.fn.shape.settings),\n\n        // internal aliases\n        namespace     = settings.namespace,\n        selector      = settings.selector,\n        error         = settings.error,\n        className     = settings.className,\n\n        // define namespaces for modules\n        eventNamespace  = '.' + namespace,\n        moduleNamespace = 'module-' + namespace,\n\n        // selector cache\n        $module       = $(this),\n        $sides        = $module.find(selector.sides),\n        $side         = $module.find(selector.side),\n\n        // private variables\n        nextIndex = false,\n        $activeSide,\n        $nextSide,\n\n        // standard module\n        element       = this,\n        instance      = $module.data(moduleNamespace),\n        module\n      ;\n\n      module = {\n\n        initialize: function() {\n          module.verbose('Initializing module for', element);\n          module.set.defaultSide();\n          module.instantiate();\n        },\n\n        instantiate: function() {\n          module.verbose('Storing instance of module', module);\n          instance = module;\n          $module\n            .data(moduleNamespace, instance)\n          ;\n        },\n\n        destroy: function() {\n          module.verbose('Destroying previous module for', element);\n          $module\n            .removeData(moduleNamespace)\n            .off(eventNamespace)\n          ;\n        },\n\n        refresh: function() {\n          module.verbose('Refreshing selector cache for', element);\n          $module = $(element);\n          $sides  = $(this).find(selector.shape);\n          $side   = $(this).find(selector.side);\n        },\n\n        repaint: function() {\n          module.verbose('Forcing repaint event');\n          var\n            shape          = $sides[0] || document.createElement('div'),\n            fakeAssignment = shape.offsetWidth\n          ;\n        },\n\n        animate: function(propertyObject, callback) {\n          module.verbose('Animating box with properties', propertyObject);\n          callback = callback || function(event) {\n            module.verbose('Executing animation callback');\n            if(event !== undefined) {\n              event.stopPropagation();\n            }\n            module.reset();\n            module.set.active();\n          };\n          settings.beforeChange.call($nextSide[0]);\n          if(module.get.transitionEvent()) {\n            module.verbose('Starting CSS animation');\n            $module\n              .addClass(className.animating)\n            ;\n            $sides\n              .css(propertyObject)\n              .one(module.get.transitionEvent(), callback)\n            ;\n            module.set.duration(settings.duration);\n            requestAnimationFrame(function() {\n              $module\n                .addClass(className.animating)\n              ;\n              $activeSide\n                .addClass(className.hidden)\n              ;\n            });\n          }\n          else {\n            callback();\n          }\n        },\n\n        queue: function(method) {\n          module.debug('Queueing animation of', method);\n          $sides\n            .one(module.get.transitionEvent(), function() {\n              module.debug('Executing queued animation');\n              setTimeout(function(){\n                $module.shape(method);\n              }, 0);\n            })\n          ;\n        },\n\n        reset: function() {\n          module.verbose('Animating states reset');\n          $module\n            .removeClass(className.animating)\n            .attr('style', '')\n            .removeAttr('style')\n          ;\n          // removeAttr style does not consistently work in safari\n          $sides\n            .attr('style', '')\n            .removeAttr('style')\n          ;\n          $side\n            .attr('style', '')\n            .removeAttr('style')\n            .removeClass(className.hidden)\n          ;\n          $nextSide\n            .removeClass(className.animating)\n            .attr('style', '')\n            .removeAttr('style')\n          ;\n        },\n\n        is: {\n          complete: function() {\n            return ($side.filter('.' + className.active)[0] == $nextSide[0]);\n          },\n          animating: function() {\n            return $module.hasClass(className.animating);\n          }\n        },\n\n        set: {\n\n          defaultSide: function() {\n            $activeSide = $module.find('.' + settings.className.active);\n            $nextSide   = ( $activeSide.next(selector.side).length > 0 )\n              ? $activeSide.next(selector.side)\n              : $module.find(selector.side).first()\n            ;\n            nextIndex = false;\n            module.verbose('Active side set to', $activeSide);\n            module.verbose('Next side set to', $nextSide);\n          },\n\n          duration: function(duration) {\n            duration = duration || settings.duration;\n            duration = (typeof duration == 'number')\n              ? duration + 'ms'\n              : duration\n            ;\n            module.verbose('Setting animation duration', duration);\n            if(settings.duration || settings.duration === 0) {\n              $sides.add($side)\n                .css({\n                  '-webkit-transition-duration': duration,\n                  '-moz-transition-duration': duration,\n                  '-ms-transition-duration': duration,\n                  '-o-transition-duration': duration,\n                  'transition-duration': duration\n                })\n              ;\n            }\n          },\n\n          currentStageSize: function() {\n            var\n              $activeSide = $module.find('.' + settings.className.active),\n              width       = $activeSide.outerWidth(true),\n              height      = $activeSide.outerHeight(true)\n            ;\n            $module\n              .css({\n                width: width,\n                height: height\n              })\n            ;\n          },\n\n          stageSize: function() {\n            var\n              $clone      = $module.clone().addClass(className.loading),\n              $activeSide = $clone.find('.' + settings.className.active),\n              newWidth    = (settings.width == 'next')\n                ? $nextSide.outerWidth(true)\n                : (settings.width == 'initial')\n                  ? $module.width()\n                  : settings.width,\n              newHeight    = (settings.height == 'next')\n                ? $nextSide.outerHeight(true)\n                : (settings.height == 'initial')\n                  ? $module.height()\n                  : settings.height,\n              $nextSide   = (nextIndex)\n                ? $clone.find(selector.side).eq(nextIndex)\n                : ( $activeSide.next(selector.side).length > 0 )\n                  ? $activeSide.next(selector.side)\n                  : $clone.find(selector.side).first()\n            ;\n            $activeSide.removeClass(className.active);\n            $nextSide.addClass(className.active);\n            $clone.insertAfter($module);\n            $clone.remove();\n            if(settings.width != 'auto') {\n              $module.css('width', newWidth + settings.jitter);\n              module.verbose('Specifying width during animation', newWidth);\n            }\n            if(settings.height != 'auto') {\n              $module.css('height', newHeight + settings.jitter);\n              module.verbose('Specifying height during animation', newHeight);\n            }\n          },\n\n          nextSide: function(selector) {\n            nextIndex = selector;\n            $nextSide = $side.filter(selector);\n            nextIndex = $side.index($nextSide);\n            if($nextSide.length === 0) {\n              module.set.defaultSide();\n              module.error(error.side);\n            }\n            module.verbose('Next side manually set to', $nextSide);\n          },\n\n          active: function() {\n            module.verbose('Setting new side to active', $nextSide);\n            $side\n              .removeClass(className.active)\n            ;\n            $nextSide\n              .addClass(className.active)\n            ;\n            settings.onChange.call($nextSide[0]);\n            module.set.defaultSide();\n          }\n        },\n\n        flip: {\n\n          up: function() {\n            if(module.is.complete() && !module.is.animating() && !settings.allowRepeats) {\n              module.debug('Side already visible', $nextSide);\n              return;\n            }\n            if( !module.is.animating()) {\n              module.debug('Flipping up', $nextSide);\n              module.set.stageSize();\n              module.stage.above();\n              module.animate( module.get.transform.up() );\n            }\n            else {\n              module.queue('flip up');\n            }\n          },\n\n          down: function() {\n            if(module.is.complete() && !module.is.animating() && !settings.allowRepeats) {\n              module.debug('Side already visible', $nextSide);\n              return;\n            }\n            if( !module.is.animating()) {\n              module.debug('Flipping down', $nextSide);\n              module.set.stageSize();\n              module.stage.below();\n              module.animate( module.get.transform.down() );\n            }\n            else {\n              module.queue('flip down');\n            }\n          },\n\n          left: function() {\n            if(module.is.complete() && !module.is.animating() && !settings.allowRepeats) {\n              module.debug('Side already visible', $nextSide);\n              return;\n            }\n            if( !module.is.animating()) {\n              module.debug('Flipping left', $nextSide);\n              module.set.stageSize();\n              module.stage.left();\n              module.animate(module.get.transform.left() );\n            }\n            else {\n              module.queue('flip left');\n            }\n          },\n\n          right: function() {\n            if(module.is.complete() && !module.is.animating() && !settings.allowRepeats) {\n              module.debug('Side already visible', $nextSide);\n              return;\n            }\n            if( !module.is.animating()) {\n              module.debug('Flipping right', $nextSide);\n              module.set.stageSize();\n              module.stage.right();\n              module.animate(module.get.transform.right() );\n            }\n            else {\n              module.queue('flip right');\n            }\n          },\n\n          over: function() {\n            if(module.is.complete() && !module.is.animating() && !settings.allowRepeats) {\n              module.debug('Side already visible', $nextSide);\n              return;\n            }\n            if( !module.is.animating()) {\n              module.debug('Flipping over', $nextSide);\n              module.set.stageSize();\n              module.stage.behind();\n              module.animate(module.get.transform.over() );\n            }\n            else {\n              module.queue('flip over');\n            }\n          },\n\n          back: function() {\n            if(module.is.complete() && !module.is.animating() && !settings.allowRepeats) {\n              module.debug('Side already visible', $nextSide);\n              return;\n            }\n            if( !module.is.animating()) {\n              module.debug('Flipping back', $nextSide);\n              module.set.stageSize();\n              module.stage.behind();\n              module.animate(module.get.transform.back() );\n            }\n            else {\n              module.queue('flip back');\n            }\n          }\n\n        },\n\n        get: {\n\n          transform: {\n            up: function() {\n              var\n                translate = {\n                  y: -(($activeSide.outerHeight(true) - $nextSide.outerHeight(true)) / 2),\n                  z: -($activeSide.outerHeight(true) / 2)\n                }\n              ;\n              return {\n                transform: 'translateY(' + translate.y + 'px) translateZ('+ translate.z + 'px) rotateX(-90deg)'\n              };\n            },\n\n            down: function() {\n              var\n                translate = {\n                  y: -(($activeSide.outerHeight(true) - $nextSide.outerHeight(true)) / 2),\n                  z: -($activeSide.outerHeight(true) / 2)\n                }\n              ;\n              return {\n                transform: 'translateY(' + translate.y + 'px) translateZ('+ translate.z + 'px) rotateX(90deg)'\n              };\n            },\n\n            left: function() {\n              var\n                translate = {\n                  x : -(($activeSide.outerWidth(true) - $nextSide.outerWidth(true)) / 2),\n                  z : -($activeSide.outerWidth(true) / 2)\n                }\n              ;\n              return {\n                transform: 'translateX(' + translate.x + 'px) translateZ(' + translate.z + 'px) rotateY(90deg)'\n              };\n            },\n\n            right: function() {\n              var\n                translate = {\n                  x : -(($activeSide.outerWidth(true) - $nextSide.outerWidth(true)) / 2),\n                  z : -($activeSide.outerWidth(true) / 2)\n                }\n              ;\n              return {\n                transform: 'translateX(' + translate.x + 'px) translateZ(' + translate.z + 'px) rotateY(-90deg)'\n              };\n            },\n\n            over: function() {\n              var\n                translate = {\n                  x : -(($activeSide.outerWidth(true) - $nextSide.outerWidth(true)) / 2)\n                }\n              ;\n              return {\n                transform: 'translateX(' + translate.x + 'px) rotateY(180deg)'\n              };\n            },\n\n            back: function() {\n              var\n                translate = {\n                  x : -(($activeSide.outerWidth(true) - $nextSide.outerWidth(true)) / 2)\n                }\n              ;\n              return {\n                transform: 'translateX(' + translate.x + 'px) rotateY(-180deg)'\n              };\n            }\n          },\n\n          transitionEvent: function() {\n            var\n              element     = document.createElement('element'),\n              transitions = {\n                'transition'       :'transitionend',\n                'OTransition'      :'oTransitionEnd',\n                'MozTransition'    :'transitionend',\n                'WebkitTransition' :'webkitTransitionEnd'\n              },\n              transition\n            ;\n            for(transition in transitions){\n              if( element.style[transition] !== undefined ){\n                return transitions[transition];\n              }\n            }\n          },\n\n          nextSide: function() {\n            return ( $activeSide.next(selector.side).length > 0 )\n              ? $activeSide.next(selector.side)\n              : $module.find(selector.side).first()\n            ;\n          }\n\n        },\n\n        stage: {\n\n          above: function() {\n            var\n              box = {\n                origin : (($activeSide.outerHeight(true) - $nextSide.outerHeight(true)) / 2),\n                depth  : {\n                  active : ($nextSide.outerHeight(true) / 2),\n                  next   : ($activeSide.outerHeight(true) / 2)\n                }\n              }\n            ;\n            module.verbose('Setting the initial animation position as above', $nextSide, box);\n            $sides\n              .css({\n                'transform' : 'translateZ(-' + box.depth.active + 'px)'\n              })\n            ;\n            $activeSide\n              .css({\n                'transform' : 'rotateY(0deg) translateZ(' + box.depth.active + 'px)'\n              })\n            ;\n            $nextSide\n              .addClass(className.animating)\n              .css({\n                'top'       : box.origin + 'px',\n                'transform' : 'rotateX(90deg) translateZ(' + box.depth.next + 'px)'\n              })\n            ;\n          },\n\n          below: function() {\n            var\n              box = {\n                origin : (($activeSide.outerHeight(true) - $nextSide.outerHeight(true)) / 2),\n                depth  : {\n                  active : ($nextSide.outerHeight(true) / 2),\n                  next   : ($activeSide.outerHeight(true) / 2)\n                }\n              }\n            ;\n            module.verbose('Setting the initial animation position as below', $nextSide, box);\n            $sides\n              .css({\n                'transform' : 'translateZ(-' + box.depth.active + 'px)'\n              })\n            ;\n            $activeSide\n              .css({\n                'transform' : 'rotateY(0deg) translateZ(' + box.depth.active + 'px)'\n              })\n            ;\n            $nextSide\n              .addClass(className.animating)\n              .css({\n                'top'       : box.origin + 'px',\n                'transform' : 'rotateX(-90deg) translateZ(' + box.depth.next + 'px)'\n              })\n            ;\n          },\n\n          left: function() {\n            var\n              height = {\n                active : $activeSide.outerWidth(true),\n                next   : $nextSide.outerWidth(true)\n              },\n              box = {\n                origin : ( ( height.active - height.next ) / 2),\n                depth  : {\n                  active : (height.next / 2),\n                  next   : (height.active / 2)\n                }\n              }\n            ;\n            module.verbose('Setting the initial animation position as left', $nextSide, box);\n            $sides\n              .css({\n                'transform' : 'translateZ(-' + box.depth.active + 'px)'\n              })\n            ;\n            $activeSide\n              .css({\n                'transform' : 'rotateY(0deg) translateZ(' + box.depth.active + 'px)'\n              })\n            ;\n            $nextSide\n              .addClass(className.animating)\n              .css({\n                'left'      : box.origin + 'px',\n                'transform' : 'rotateY(-90deg) translateZ(' + box.depth.next + 'px)'\n              })\n            ;\n          },\n\n          right: function() {\n            var\n              height = {\n                active : $activeSide.outerWidth(true),\n                next   : $nextSide.outerWidth(true)\n              },\n              box = {\n                origin : ( ( height.active - height.next ) / 2),\n                depth  : {\n                  active : (height.next / 2),\n                  next   : (height.active / 2)\n                }\n              }\n            ;\n            module.verbose('Setting the initial animation position as left', $nextSide, box);\n            $sides\n              .css({\n                'transform' : 'translateZ(-' + box.depth.active + 'px)'\n              })\n            ;\n            $activeSide\n              .css({\n                'transform' : 'rotateY(0deg) translateZ(' + box.depth.active + 'px)'\n              })\n            ;\n            $nextSide\n              .addClass(className.animating)\n              .css({\n                'left'      : box.origin + 'px',\n                'transform' : 'rotateY(90deg) translateZ(' + box.depth.next + 'px)'\n              })\n            ;\n          },\n\n          behind: function() {\n            var\n              height = {\n                active : $activeSide.outerWidth(true),\n                next   : $nextSide.outerWidth(true)\n              },\n              box = {\n                origin : ( ( height.active - height.next ) / 2),\n                depth  : {\n                  active : (height.next / 2),\n                  next   : (height.active / 2)\n                }\n              }\n            ;\n            module.verbose('Setting the initial animation position as behind', $nextSide, box);\n            $activeSide\n              .css({\n                'transform' : 'rotateY(0deg)'\n              })\n            ;\n            $nextSide\n              .addClass(className.animating)\n              .css({\n                'left'      : box.origin + 'px',\n                'transform' : 'rotateY(-180deg)'\n              })\n            ;\n          }\n        },\n        setting: function(name, value) {\n          module.debug('Changing setting', name, value);\n          if( $.isPlainObject(name) ) {\n            $.extend(true, settings, name);\n          }\n          else if(value !== undefined) {\n            if($.isPlainObject(settings[name])) {\n              $.extend(true, settings[name], value);\n            }\n            else {\n              settings[name] = value;\n            }\n          }\n          else {\n            return settings[name];\n          }\n        },\n        internal: function(name, value) {\n          if( $.isPlainObject(name) ) {\n            $.extend(true, module, name);\n          }\n          else if(value !== undefined) {\n            module[name] = value;\n          }\n          else {\n            return module[name];\n          }\n        },\n        debug: function() {\n          if(!settings.silent && settings.debug) {\n            if(settings.performance) {\n              module.performance.log(arguments);\n            }\n            else {\n              module.debug = Function.prototype.bind.call(console.info, console, settings.name + ':');\n              module.debug.apply(console, arguments);\n            }\n          }\n        },\n        verbose: function() {\n          if(!settings.silent && settings.verbose && settings.debug) {\n            if(settings.performance) {\n              module.performance.log(arguments);\n            }\n            else {\n              module.verbose = Function.prototype.bind.call(console.info, console, settings.name + ':');\n              module.verbose.apply(console, arguments);\n            }\n          }\n        },\n        error: function() {\n          if(!settings.silent) {\n            module.error = Function.prototype.bind.call(console.error, console, settings.name + ':');\n            module.error.apply(console, arguments);\n          }\n        },\n        performance: {\n          log: function(message) {\n            var\n              currentTime,\n              executionTime,\n              previousTime\n            ;\n            if(settings.performance) {\n              currentTime   = new Date().getTime();\n              previousTime  = time || currentTime;\n              executionTime = currentTime - previousTime;\n              time          = currentTime;\n              performance.push({\n                'Name'           : message[0],\n                'Arguments'      : [].slice.call(message, 1) || '',\n                'Element'        : element,\n                'Execution Time' : executionTime\n              });\n            }\n            clearTimeout(module.performance.timer);\n            module.performance.timer = setTimeout(module.performance.display, 500);\n          },\n          display: function() {\n            var\n              title = settings.name + ':',\n              totalTime = 0\n            ;\n            time = false;\n            clearTimeout(module.performance.timer);\n            $.each(performance, function(index, data) {\n              totalTime += data['Execution Time'];\n            });\n            title += ' ' + totalTime + 'ms';\n            if(moduleSelector) {\n              title += ' \\'' + moduleSelector + '\\'';\n            }\n            if($allModules.length > 1) {\n              title += ' ' + '(' + $allModules.length + ')';\n            }\n            if( (console.group !== undefined || console.table !== undefined) && performance.length > 0) {\n              console.groupCollapsed(title);\n              if(console.table) {\n                console.table(performance);\n              }\n              else {\n                $.each(performance, function(index, data) {\n                  console.log(data['Name'] + ': ' + data['Execution Time']+'ms');\n                });\n              }\n              console.groupEnd();\n            }\n            performance = [];\n          }\n        },\n        invoke: function(query, passedArguments, context) {\n          var\n            object = instance,\n            maxDepth,\n            found,\n            response\n          ;\n          passedArguments = passedArguments || queryArguments;\n          context         = element         || context;\n          if(typeof query == 'string' && object !== undefined) {\n            query    = query.split(/[\\. ]/);\n            maxDepth = query.length - 1;\n            $.each(query, function(depth, value) {\n              var camelCaseValue = (depth != maxDepth)\n                ? value + query[depth + 1].charAt(0).toUpperCase() + query[depth + 1].slice(1)\n                : query\n              ;\n              if( $.isPlainObject( object[camelCaseValue] ) && (depth != maxDepth) ) {\n                object = object[camelCaseValue];\n              }\n              else if( object[camelCaseValue] !== undefined ) {\n                found = object[camelCaseValue];\n                return false;\n              }\n              else if( $.isPlainObject( object[value] ) && (depth != maxDepth) ) {\n                object = object[value];\n              }\n              else if( object[value] !== undefined ) {\n                found = object[value];\n                return false;\n              }\n              else {\n                return false;\n              }\n            });\n          }\n          if ( $.isFunction( found ) ) {\n            response = found.apply(context, passedArguments);\n          }\n          else if(found !== undefined) {\n            response = found;\n          }\n          if($.isArray(returnedValue)) {\n            returnedValue.push(response);\n          }\n          else if(returnedValue !== undefined) {\n            returnedValue = [returnedValue, response];\n          }\n          else if(response !== undefined) {\n            returnedValue = response;\n          }\n          return found;\n        }\n      };\n\n      if(methodInvoked) {\n        if(instance === undefined) {\n          module.initialize();\n        }\n        module.invoke(query);\n      }\n      else {\n        if(instance !== undefined) {\n          instance.invoke('destroy');\n        }\n        module.initialize();\n      }\n    })\n  ;\n\n  return (returnedValue !== undefined)\n    ? returnedValue\n    : this\n  ;\n};\n\n$.fn.shape.settings = {\n\n  // module info\n  name : 'Shape',\n\n  // hide all debug content\n  silent     : false,\n\n  // debug content outputted to console\n  debug      : false,\n\n  // verbose debug output\n  verbose    : false,\n\n  // fudge factor in pixels when swapping from 2d to 3d (can be useful to correct rounding errors)\n  jitter     : 0,\n\n  // performance data output\n  performance: true,\n\n  // event namespace\n  namespace  : 'shape',\n\n  // width during animation, can be set to 'auto', initial', 'next' or pixel amount\n  width: 'initial',\n\n  // height during animation, can be set to 'auto', 'initial', 'next' or pixel amount\n  height: 'initial',\n\n  // callback occurs on side change\n  beforeChange : function() {},\n  onChange     : function() {},\n\n  // allow animation to same side\n  allowRepeats: false,\n\n  // animation duration\n  duration   : false,\n\n  // possible errors\n  error: {\n    side   : 'You tried to switch to a side that does not exist.',\n    method : 'The method you called is not defined'\n  },\n\n  // classnames used\n  className   : {\n    animating : 'animating',\n    hidden    : 'hidden',\n    loading   : 'loading',\n    active    : 'active'\n  },\n\n  // selectors used\n  selector    : {\n    sides : '.sides',\n    side  : '.side'\n  }\n\n};\n\n\n})( jQuery, window, document );\n"]},"hash":"67f0fd3710a33a790e92f8915a49e015aa02e1a5"}
