{"metadata":{"usedHelpers":[],"marked":[],"modules":{"imports":[{"source":"./stuff.js","imported":[],"specifiers":[]}],"exports":{"exported":[],"specifiers":[]}}},"options":{"filename":"imports/api/stuff/index.js","filenameRelative":"imports/api/stuff/index.js","env":{"development":{"plugins":[]}},"retainLines":false,"highlightCode":true,"suppressDeprecationMessages":false,"presets":[],"plugins":[[[],{"generateLetDeclarations":true,"enforceStrictMode":false}],[[],null],[[],{"polyfill":false}],[[],null],[[],null],[[],null],[[],{"allowTopLevelThis":true,"strict":false,"loose":true}],[[],null],[[],null],[[],null],[[],null],[[],null],[[],null],[[],null],[[],null],[[],null],[[],null],[[],null],[[],null],[[],{"loose":true}],[[],{"loose":true}],[[],null],[[],{"loose":true}],[[],null],[[],null],[[],null],[[],null],[[],null],[[],null],[[],{"loose":true}],[[],null],[[],null],[[],null],[[],null],[[],null],[[],null],[[],null]],"ignore":[],"code":true,"metadata":true,"ast":true,"comments":true,"compact":false,"minified":false,"sourceMap":true,"sourceMaps":true,"sourceMapTarget":"imports/api/stuff/index.js.map","sourceFileName":"imports/api/stuff/index.js","babelrc":false,"sourceType":"module","moduleIds":false,"passPerPreset":false,"parserOpts":false,"generatorOpts":false,"basename":"index"},"ignored":false,"code":"module.watch(require(\"./stuff.js\"));","map":{"version":3,"sources":["imports/api/stuff/index.js"],"names":["module","watch","require"],"mappings":"AAAAA,OAAOC,KAAP,CAAaC,QAAQ,YAAR,CAAb","file":"imports/api/stuff/index.js.map","sourcesContent":["import './stuff.js';\n\n"]},"hash":"6db792d18e4aea8cf2892d3e93c17ee445ac872f"}
