{"metadata":{"usedHelpers":[],"marked":[],"modules":{"imports":[],"exports":{"exported":[],"specifiers":[]}}},"options":{"filename":"packages/fabienb4:autoform-semantic-ui/templates/semantic-ui/components/afFormGroup/afFormGroup.js","filenameRelative":"packages/fabienb4:autoform-semantic-ui/templates/semantic-ui/components/afFormGroup/afFormGroup.js","env":{"development":{"plugins":[]}},"retainLines":false,"highlightCode":true,"suppressDeprecationMessages":false,"presets":[],"plugins":[[[],{"generateLetDeclarations":true,"enforceStrictMode":false}],[[],null],[[],{"polyfill":false}],[[],null],[[],null],[[],null],[[],{"allowTopLevelThis":true,"strict":false,"loose":true}],[[],null],[[],null],[[],null],[[],null],[[],null],[[],null],[[],null],[[],null],[[],null],[[],null],[[],null],[[],null],[[],{"loose":true}],[[],{"loose":true}],[[],null],[[],{"loose":true}],[[],null],[[],null],[[],null],[[],null],[[],null],[[],null],[[],{"loose":true}],[[],null],[[],null],[[],null],[[],null],[[],null],[[],null],[[],null]],"ignore":[],"code":true,"metadata":true,"ast":true,"comments":true,"compact":false,"minified":false,"sourceMap":true,"sourceMaps":true,"sourceMapTarget":"packages/fabienb4:autoform-semantic-ui/templates/semantic-ui/components/afFormGroup/afFormGroup.js.map","sourceFileName":"packages/fabienb4:autoform-semantic-ui/templates/semantic-ui/components/afFormGroup/afFormGroup.js","babelrc":false,"sourceType":"module","moduleIds":false,"passPerPreset":false,"parserOpts":false,"generatorOpts":false,"basename":"afFormGroup"},"ignored":false,"code":"Template.afFormGroup_semanticUI.helpers({\n  skipLabel: function () {\n    var self = this;\n    var type = AutoForm.getInputType(self.afFieldInputAtts);\n    return self.skipLabel || type === \"boolean-checkbox\";\n  },\n  requiredClass: function () {\n    if (this.required) {\n      return \"required\";\n    }\n  },\n  inputClass: function () {\n    var leftLabel = this.afFieldInputAtts.leftLabel;\n    var rightLabel = this.afFieldInputAtts.rightLabel;\n    var leftIcon = this.afFieldInputAtts.leftIcon;\n    var rightIcon = this.afFieldInputAtts.rightIcon;\n\n    if (leftLabel || rightLabel || leftIcon || rightIcon) {\n      var className = \"ui\";\n\n      if (leftLabel && rightIcon) {\n        className += \" labeled icon\";\n      } else if (leftIcon && rightLabel) {\n        className += \" left icon right labeled\";\n      } else if (leftLabel) {\n        className += \" labeled\";\n      } else if (rightLabel) {\n        className += \" right labeled\";\n      } else if (leftIcon) {\n        className += \" left icon\";\n      } else if (rightIcon) {\n        className += \" icon\";\n      }\n\n      return className + \" fluid input\";\n    }\n  },\n  leftLabel: function () {\n    return this.afFieldInputAtts.leftLabel;\n  },\n  rightLabel: function () {\n    return this.afFieldInputAtts.rightLabel;\n  },\n  leftIcon: function () {\n    return this.afFieldInputAtts.leftIcon;\n  },\n  rightIcon: function () {\n    return this.afFieldInputAtts.rightIcon;\n  }\n});","map":{"version":3,"sources":["packages/fabienb4:autoform-semantic-ui/templates/semantic-ui/components/afFormGroup/afFormGroup.js"],"names":["Template","afFormGroup_semanticUI","helpers","skipLabel","self","type","AutoForm","getInputType","afFieldInputAtts","requiredClass","required","inputClass","leftLabel","rightLabel","leftIcon","rightIcon","className"],"mappings":"AAAAA,SAASC,sBAAT,CAAgCC,OAAhC,CAAwC;AACtCC,WADsC,cAC1B;AACV,QAAIC,OAAO,IAAX;AACA,QAAIC,OAAOC,SAASC,YAAT,CAAsBH,KAAKI,gBAA3B,CAAX;AAEA,WAAQJ,KAAKD,SAAL,IAAkBE,SAAS,kBAAnC;AACD,GANqC;AAOtCI,eAPsC,cAOtB;AACd,QAAI,KAAKC,QAAT,EAAmB;AACjB,aAAO,UAAP;AACD;AACF,GAXqC;AAYtCC,YAZsC,cAYzB;AACX,QAAIC,YAAa,KAAKJ,gBAAL,CAAsBI,SAAvC;AACA,QAAIC,aAAa,KAAKL,gBAAL,CAAsBK,UAAvC;AACA,QAAIC,WAAa,KAAKN,gBAAL,CAAsBM,QAAvC;AACA,QAAIC,YAAa,KAAKP,gBAAL,CAAsBO,SAAvC;;AAEA,QAAIH,aAAaC,UAAb,IAA2BC,QAA3B,IAAuCC,SAA3C,EAAsD;AACpD,UAAIC,YAAY,IAAhB;;AAEA,UAAIJ,aAAaG,SAAjB,EAA4B;AAC1BC,qBAAa,eAAb;AACD,OAFD,MAEO,IAAIF,YAAYD,UAAhB,EAA4B;AACjCG,qBAAa,0BAAb;AACD,OAFM,MAEA,IAAIJ,SAAJ,EAAe;AACpBI,qBAAa,UAAb;AACD,OAFM,MAEA,IAAIH,UAAJ,EAAgB;AACrBG,qBAAa,gBAAb;AACD,OAFM,MAEA,IAAIF,QAAJ,EAAc;AACnBE,qBAAa,YAAb;AACD,OAFM,MAEA,IAAID,SAAJ,EAAe;AACpBC,qBAAa,OAAb;AACD;;AAED,aAAOA,YAAY,cAAnB;AACD;AACF,GArCqC;AAsCtCJ,WAtCsC,cAsC1B;AACV,WAAO,KAAKJ,gBAAL,CAAsBI,SAA7B;AACD,GAxCqC;AAyCtCC,YAzCsC,cAyCzB;AACX,WAAO,KAAKL,gBAAL,CAAsBK,UAA7B;AACD,GA3CqC;AA4CtCC,UA5CsC,cA4C3B;AACT,WAAO,KAAKN,gBAAL,CAAsBM,QAA7B;AACD,GA9CqC;AA+CtCC,WA/CsC,cA+C1B;AACV,WAAO,KAAKP,gBAAL,CAAsBO,SAA7B;AACD;AAjDqC,CAAxC","file":"packages/fabienb4:autoform-semantic-ui/templates/semantic-ui/components/afFormGroup/afFormGroup.js.map","sourcesContent":["Template.afFormGroup_semanticUI.helpers({\n  skipLabel() {\n    let self = this;\n    let type = AutoForm.getInputType(self.afFieldInputAtts);\n\n    return (self.skipLabel || type === \"boolean-checkbox\");\n  },\n  requiredClass() {\n    if (this.required) {\n      return \"required\";\n    }\n  },\n  inputClass() {\n    let leftLabel  = this.afFieldInputAtts.leftLabel;\n    let rightLabel = this.afFieldInputAtts.rightLabel;\n    let leftIcon   = this.afFieldInputAtts.leftIcon;\n    let rightIcon  = this.afFieldInputAtts.rightIcon;\n\n    if (leftLabel || rightLabel || leftIcon || rightIcon) {\n      let className = \"ui\";\n\n      if (leftLabel && rightIcon) {\n        className += \" labeled icon\";\n      } else if (leftIcon && rightLabel) {\n        className += \" left icon right labeled\";\n      } else if (leftLabel) {\n        className += \" labeled\";\n      } else if (rightLabel) {\n        className += \" right labeled\";\n      } else if (leftIcon) {\n        className += \" left icon\";\n      } else if (rightIcon) {\n        className += \" icon\";\n      }\n\n      return className + \" fluid input\";\n    }\n  },\n  leftLabel() {\n    return this.afFieldInputAtts.leftLabel;\n  },\n  rightLabel() {\n    return this.afFieldInputAtts.rightLabel;\n  },\n  leftIcon() {\n    return this.afFieldInputAtts.leftIcon;\n  },\n  rightIcon() {\n    return this.afFieldInputAtts.rightIcon;\n  }\n});\n"]},"hash":"6dd0b0dc85fdafdf5b47455f54b9c360931d6949"}
