{"metadata":{"usedHelpers":[],"marked":[],"modules":{"imports":[],"exports":{"exported":[],"specifiers":[]}}},"options":{"filename":"client/lib/semantic-ui/definitions/modules/accordion.js","filenameRelative":"client/lib/semantic-ui/definitions/modules/accordion.js","env":{"development":{"plugins":[]}},"retainLines":false,"highlightCode":true,"suppressDeprecationMessages":false,"presets":[],"plugins":[[[],{"generateLetDeclarations":true,"enforceStrictMode":false}],[[],null],[[],{"polyfill":false}],[[],null],[[],null],[[],null],[[],{"allowTopLevelThis":true,"strict":false,"loose":true}],[[],null],[[],null],[[],null],[[],null],[[],null],[[],null],[[],null],[[],null],[[],null],[[],null],[[],null],[[],null],[[],{"loose":true}],[[],{"loose":true}],[[],null],[[],{"loose":true}],[[],null],[[],null],[[],null],[[],null],[[],null],[[],null],[[],{"loose":true}],[[],null],[[],null],[[],null],[[],null],[[],null],[[],null],[[],null]],"ignore":[],"code":true,"metadata":true,"ast":true,"comments":true,"compact":false,"minified":false,"sourceMap":true,"sourceMaps":true,"sourceMapTarget":"client/lib/semantic-ui/definitions/modules/accordion.js.map","sourceFileName":"client/lib/semantic-ui/definitions/modules/accordion.js","babelrc":false,"sourceType":"module","moduleIds":false,"passPerPreset":false,"parserOpts":false,"generatorOpts":false,"basename":"accordion"},"ignored":false,"code":"/*\n  DO NOT MODIFY - This file has been generated and will be regenerated\n  Semantic UI v2.2.1\n*/ /*!\n    * # Semantic UI - Accordion\n    * http://github.com/semantic-org/semantic-ui/\n    *\n    *\n    * Released under the MIT license\n    * http://opensource.org/licenses/MIT\n    *\n    */;\n\n(function ($, window, document, undefined) {\n  \"use strict\";\n\n  window = typeof window != 'undefined' && window.Math == Math ? window : typeof self != 'undefined' && self.Math == Math ? self : Function('return this')();\n\n  $.fn.accordion = function (parameters) {\n    var $allModules = $(this),\n        time = new Date().getTime(),\n        performance = [],\n        query = arguments[0],\n        methodInvoked = typeof query == 'string',\n        queryArguments = [].slice.call(arguments, 1),\n        requestAnimationFrame = window.requestAnimationFrame || window.mozRequestAnimationFrame || window.webkitRequestAnimationFrame || window.msRequestAnimationFrame || function (callback) {\n      setTimeout(callback, 0);\n    },\n        returnedValue;\n\n    $allModules.each(function () {\n      var settings = $.isPlainObject(parameters) ? $.extend(true, {}, $.fn.accordion.settings, parameters) : $.extend({}, $.fn.accordion.settings),\n          className = settings.className,\n          namespace = settings.namespace,\n          selector = settings.selector,\n          error = settings.error,\n          eventNamespace = '.' + namespace,\n          moduleNamespace = 'module-' + namespace,\n          moduleSelector = $allModules.selector || '',\n          $module = $(this),\n          $title = $module.find(selector.title),\n          $content = $module.find(selector.content),\n          element = this,\n          instance = $module.data(moduleNamespace),\n          observer,\n          module;\n      module = {\n        initialize: function () {\n          module.debug('Initializing', $module);\n          module.bind.events();\n\n          if (settings.observeChanges) {\n            module.observeChanges();\n          }\n\n          module.instantiate();\n        },\n        instantiate: function () {\n          instance = module;\n          $module.data(moduleNamespace, module);\n        },\n        destroy: function () {\n          module.debug('Destroying previous instance', $module);\n          $module.off(eventNamespace).removeData(moduleNamespace);\n        },\n        refresh: function () {\n          $title = $module.find(selector.title);\n          $content = $module.find(selector.content);\n        },\n        observeChanges: function () {\n          if ('MutationObserver' in window) {\n            observer = new MutationObserver(function (mutations) {\n              module.debug('DOM tree modified, updating selector cache');\n              module.refresh();\n            });\n            observer.observe(element, {\n              childList: true,\n              subtree: true\n            });\n            module.debug('Setting up mutation observer', observer);\n          }\n        },\n        bind: {\n          events: function () {\n            module.debug('Binding delegated events');\n            $module.on(settings.on + eventNamespace, selector.trigger, module.event.click);\n          }\n        },\n        event: {\n          click: function () {\n            module.toggle.call(this);\n          }\n        },\n        toggle: function (query) {\n          var $activeTitle = query !== undefined ? typeof query === 'number' ? $title.eq(query) : $(query).closest(selector.title) : $(this).closest(selector.title),\n              $activeContent = $activeTitle.next($content),\n              isAnimating = $activeContent.hasClass(className.animating),\n              isActive = $activeContent.hasClass(className.active),\n              isOpen = isActive && !isAnimating,\n              isOpening = !isActive && isAnimating;\n          module.debug('Toggling visibility of content', $activeTitle);\n\n          if (isOpen || isOpening) {\n            if (settings.collapsible) {\n              module.close.call($activeTitle);\n            } else {\n              module.debug('Cannot close accordion content collapsing is disabled');\n            }\n          } else {\n            module.open.call($activeTitle);\n          }\n        },\n        open: function (query) {\n          var $activeTitle = query !== undefined ? typeof query === 'number' ? $title.eq(query) : $(query).closest(selector.title) : $(this).closest(selector.title),\n              $activeContent = $activeTitle.next($content),\n              isAnimating = $activeContent.hasClass(className.animating),\n              isActive = $activeContent.hasClass(className.active),\n              isOpen = isActive || isAnimating;\n\n          if (isOpen) {\n            module.debug('Accordion already open, skipping', $activeContent);\n            return;\n          }\n\n          module.debug('Opening accordion content', $activeTitle);\n          settings.onOpening.call($activeContent);\n\n          if (settings.exclusive) {\n            module.closeOthers.call($activeTitle);\n          }\n\n          $activeTitle.addClass(className.active);\n          $activeContent.stop(true, true).addClass(className.animating);\n\n          if (settings.animateChildren) {\n            if ($.fn.transition !== undefined && $module.transition('is supported')) {\n              $activeContent.children().transition({\n                animation: 'fade in',\n                queue: false,\n                useFailSafe: true,\n                debug: settings.debug,\n                verbose: settings.verbose,\n                duration: settings.duration\n              });\n            } else {\n              $activeContent.children().stop(true, true).animate({\n                opacity: 1\n              }, settings.duration, module.resetOpacity);\n            }\n          }\n\n          $activeContent.slideDown(settings.duration, settings.easing, function () {\n            $activeContent.removeClass(className.animating).addClass(className.active);\n            module.reset.display.call(this);\n            settings.onOpen.call(this);\n            settings.onChange.call(this);\n          });\n        },\n        close: function (query) {\n          var $activeTitle = query !== undefined ? typeof query === 'number' ? $title.eq(query) : $(query).closest(selector.title) : $(this).closest(selector.title),\n              $activeContent = $activeTitle.next($content),\n              isAnimating = $activeContent.hasClass(className.animating),\n              isActive = $activeContent.hasClass(className.active),\n              isOpening = !isActive && isAnimating,\n              isClosing = isActive && isAnimating;\n\n          if ((isActive || isOpening) && !isClosing) {\n            module.debug('Closing accordion content', $activeContent);\n            settings.onClosing.call($activeContent);\n            $activeTitle.removeClass(className.active);\n            $activeContent.stop(true, true).addClass(className.animating);\n\n            if (settings.animateChildren) {\n              if ($.fn.transition !== undefined && $module.transition('is supported')) {\n                $activeContent.children().transition({\n                  animation: 'fade out',\n                  queue: false,\n                  useFailSafe: true,\n                  debug: settings.debug,\n                  verbose: settings.verbose,\n                  duration: settings.duration\n                });\n              } else {\n                $activeContent.children().stop(true, true).animate({\n                  opacity: 0\n                }, settings.duration, module.resetOpacity);\n              }\n            }\n\n            $activeContent.slideUp(settings.duration, settings.easing, function () {\n              $activeContent.removeClass(className.animating).removeClass(className.active);\n              module.reset.display.call(this);\n              settings.onClose.call(this);\n              settings.onChange.call(this);\n            });\n          }\n        },\n        closeOthers: function (index) {\n          var $activeTitle = index !== undefined ? $title.eq(index) : $(this).closest(selector.title),\n              $parentTitles = $activeTitle.parents(selector.content).prev(selector.title),\n              $activeAccordion = $activeTitle.closest(selector.accordion),\n              activeSelector = selector.title + '.' + className.active + ':visible',\n              activeContent = selector.content + '.' + className.active + ':visible',\n              $openTitles,\n              $nestedTitles,\n              $openContents;\n\n          if (settings.closeNested) {\n            $openTitles = $activeAccordion.find(activeSelector).not($parentTitles);\n            $openContents = $openTitles.next($content);\n          } else {\n            $openTitles = $activeAccordion.find(activeSelector).not($parentTitles);\n            $nestedTitles = $activeAccordion.find(activeContent).find(activeSelector).not($parentTitles);\n            $openTitles = $openTitles.not($nestedTitles);\n            $openContents = $openTitles.next($content);\n          }\n\n          if ($openTitles.length > 0) {\n            module.debug('Exclusive enabled, closing other content', $openTitles);\n            $openTitles.removeClass(className.active);\n            $openContents.removeClass(className.animating).stop(true, true);\n\n            if (settings.animateChildren) {\n              if ($.fn.transition !== undefined && $module.transition('is supported')) {\n                $openContents.children().transition({\n                  animation: 'fade out',\n                  useFailSafe: true,\n                  debug: settings.debug,\n                  verbose: settings.verbose,\n                  duration: settings.duration\n                });\n              } else {\n                $openContents.children().stop(true, true).animate({\n                  opacity: 0\n                }, settings.duration, module.resetOpacity);\n              }\n            }\n\n            $openContents.slideUp(settings.duration, settings.easing, function () {\n              $(this).removeClass(className.active);\n              module.reset.display.call(this);\n            });\n          }\n        },\n        reset: {\n          display: function () {\n            module.verbose('Removing inline display from element', this);\n            $(this).css('display', '');\n\n            if ($(this).attr('style') === '') {\n              $(this).attr('style', '').removeAttr('style');\n            }\n          },\n          opacity: function () {\n            module.verbose('Removing inline opacity from element', this);\n            $(this).css('opacity', '');\n\n            if ($(this).attr('style') === '') {\n              $(this).attr('style', '').removeAttr('style');\n            }\n          }\n        },\n        setting: function (name, value) {\n          module.debug('Changing setting', name, value);\n\n          if ($.isPlainObject(name)) {\n            $.extend(true, settings, name);\n          } else if (value !== undefined) {\n            if ($.isPlainObject(settings[name])) {\n              $.extend(true, settings[name], value);\n            } else {\n              settings[name] = value;\n            }\n          } else {\n            return settings[name];\n          }\n        },\n        internal: function (name, value) {\n          module.debug('Changing internal', name, value);\n\n          if (value !== undefined) {\n            if ($.isPlainObject(name)) {\n              $.extend(true, module, name);\n            } else {\n              module[name] = value;\n            }\n          } else {\n            return module[name];\n          }\n        },\n        debug: function () {\n          if (!settings.silent && settings.debug) {\n            if (settings.performance) {\n              module.performance.log(arguments);\n            } else {\n              module.debug = Function.prototype.bind.call(console.info, console, settings.name + ':');\n              module.debug.apply(console, arguments);\n            }\n          }\n        },\n        verbose: function () {\n          if (!settings.silent && settings.verbose && settings.debug) {\n            if (settings.performance) {\n              module.performance.log(arguments);\n            } else {\n              module.verbose = Function.prototype.bind.call(console.info, console, settings.name + ':');\n              module.verbose.apply(console, arguments);\n            }\n          }\n        },\n        error: function () {\n          if (!settings.silent) {\n            module.error = Function.prototype.bind.call(console.error, console, settings.name + ':');\n            module.error.apply(console, arguments);\n          }\n        },\n        performance: {\n          log: function (message) {\n            var currentTime, executionTime, previousTime;\n\n            if (settings.performance) {\n              currentTime = new Date().getTime();\n              previousTime = time || currentTime;\n              executionTime = currentTime - previousTime;\n              time = currentTime;\n              performance.push({\n                'Name': message[0],\n                'Arguments': [].slice.call(message, 1) || '',\n                'Element': element,\n                'Execution Time': executionTime\n              });\n            }\n\n            clearTimeout(module.performance.timer);\n            module.performance.timer = setTimeout(module.performance.display, 500);\n          },\n          display: function () {\n            var title = settings.name + ':',\n                totalTime = 0;\n            time = false;\n            clearTimeout(module.performance.timer);\n            $.each(performance, function (index, data) {\n              totalTime += data['Execution Time'];\n            });\n            title += ' ' + totalTime + 'ms';\n\n            if (moduleSelector) {\n              title += ' \\'' + moduleSelector + '\\'';\n            }\n\n            if ((console.group !== undefined || console.table !== undefined) && performance.length > 0) {\n              console.groupCollapsed(title);\n\n              if (console.table) {\n                console.table(performance);\n              } else {\n                $.each(performance, function (index, data) {\n                  console.log(data['Name'] + ': ' + data['Execution Time'] + 'ms');\n                });\n              }\n\n              console.groupEnd();\n            }\n\n            performance = [];\n          }\n        },\n        invoke: function (query, passedArguments, context) {\n          var object = instance,\n              maxDepth,\n              found,\n              response;\n          passedArguments = passedArguments || queryArguments;\n          context = element || context;\n\n          if (typeof query == 'string' && object !== undefined) {\n            query = query.split(/[\\. ]/);\n            maxDepth = query.length - 1;\n            $.each(query, function (depth, value) {\n              var camelCaseValue = depth != maxDepth ? value + query[depth + 1].charAt(0).toUpperCase() + query[depth + 1].slice(1) : query;\n\n              if ($.isPlainObject(object[camelCaseValue]) && depth != maxDepth) {\n                object = object[camelCaseValue];\n              } else if (object[camelCaseValue] !== undefined) {\n                found = object[camelCaseValue];\n                return false;\n              } else if ($.isPlainObject(object[value]) && depth != maxDepth) {\n                object = object[value];\n              } else if (object[value] !== undefined) {\n                found = object[value];\n                return false;\n              } else {\n                module.error(error.method, query);\n                return false;\n              }\n            });\n          }\n\n          if ($.isFunction(found)) {\n            response = found.apply(context, passedArguments);\n          } else if (found !== undefined) {\n            response = found;\n          }\n\n          if ($.isArray(returnedValue)) {\n            returnedValue.push(response);\n          } else if (returnedValue !== undefined) {\n            returnedValue = [returnedValue, response];\n          } else if (response !== undefined) {\n            returnedValue = response;\n          }\n\n          return found;\n        }\n      };\n\n      if (methodInvoked) {\n        if (instance === undefined) {\n          module.initialize();\n        }\n\n        module.invoke(query);\n      } else {\n        if (instance !== undefined) {\n          instance.invoke('destroy');\n        }\n\n        module.initialize();\n      }\n    });\n    return returnedValue !== undefined ? returnedValue : this;\n  };\n\n  $.fn.accordion.settings = {\n    name: 'Accordion',\n    namespace: 'accordion',\n    silent: false,\n    debug: false,\n    verbose: false,\n    performance: true,\n    on: 'click',\n    // event on title that opens accordion\n    observeChanges: true,\n    // whether accordion should automatically refresh on DOM insertion\n    exclusive: true,\n    // whether a single accordion content panel should be open at once\n    collapsible: true,\n    // whether accordion content can be closed\n    closeNested: false,\n    // whether nested content should be closed when a panel is closed\n    animateChildren: true,\n    // whether children opacity should be animated\n    duration: 350,\n    // duration of animation\n    easing: 'easeOutQuad',\n    // easing equation for animation\n    onOpening: function () {},\n    // callback before open animation\n    onOpen: function () {},\n    // callback after open animation\n    onClosing: function () {},\n    // callback before closing animation\n    onClose: function () {},\n    // callback after closing animation\n    onChange: function () {},\n    // callback after closing or opening animation\n    error: {\n      method: 'The method you called is not defined'\n    },\n    className: {\n      active: 'active',\n      animating: 'animating'\n    },\n    selector: {\n      accordion: '.accordion',\n      title: '.title',\n      trigger: '.title',\n      content: '.content'\n    }\n  }; // Adds easing\n\n  $.extend($.easing, {\n    easeOutQuad: function (x, t, b, c, d) {\n      return -c * (t /= d) * (t - 2) + b;\n    }\n  });\n})(jQuery, window, document);","map":{"version":3,"sources":["client/lib/semantic-ui/definitions/modules/accordion.js"],"names":["$","window","document","undefined","Math","self","Function","fn","accordion","parameters","$allModules","time","Date","getTime","performance","query","arguments","methodInvoked","queryArguments","slice","call","requestAnimationFrame","mozRequestAnimationFrame","webkitRequestAnimationFrame","msRequestAnimationFrame","callback","setTimeout","returnedValue","each","settings","isPlainObject","extend","className","namespace","selector","error","eventNamespace","moduleNamespace","moduleSelector","$module","$title","find","title","$content","content","element","instance","data","observer","module","initialize","debug","bind","events","observeChanges","instantiate","destroy","off","removeData","refresh","MutationObserver","mutations","observe","childList","subtree","on","trigger","event","click","toggle","$activeTitle","eq","closest","$activeContent","next","isAnimating","hasClass","animating","isActive","active","isOpen","isOpening","collapsible","close","open","onOpening","exclusive","closeOthers","addClass","stop","animateChildren","transition","children","animation","queue","useFailSafe","verbose","duration","animate","opacity","resetOpacity","slideDown","easing","removeClass","reset","display","onOpen","onChange","isClosing","onClosing","slideUp","onClose","index","$parentTitles","parents","prev","$activeAccordion","activeSelector","activeContent","$openTitles","$nestedTitles","$openContents","closeNested","not","length","css","attr","removeAttr","setting","name","value","internal","silent","log","prototype","console","info","apply","message","currentTime","executionTime","previousTime","push","clearTimeout","timer","totalTime","group","table","groupCollapsed","groupEnd","invoke","passedArguments","context","object","maxDepth","found","response","split","depth","camelCaseValue","charAt","toUpperCase","method","isFunction","isArray","easeOutQuad","x","t","b","c","d","jQuery"],"mappings":"AAAA;;;GAIA;;;;;;;;MAUA;;AAAC,CAAC,UAAUA,CAAV,EAAaC,MAAb,EAAqBC,QAArB,EAA+BC,SAA/B,EAA0C;AAE5C;;AAEAF,WAAU,OAAOA,MAAP,IAAiB,WAAjB,IAAgCA,OAAOG,IAAP,IAAeA,IAAhD,GACLH,MADK,GAEJ,OAAOI,IAAP,IAAe,WAAf,IAA8BA,KAAKD,IAAL,IAAaA,IAA5C,GACEC,IADF,GAEEC,SAAS,aAAT,GAJN;;AAOAN,IAAEO,EAAF,CAAKC,SAAL,GAAiB,UAASC,UAAT,EAAqB;AACpC,QACEC,cAAkBV,EAAE,IAAF,CADpB;AAAA,QAGEW,OAAkB,IAAIC,IAAJ,GAAWC,OAAX,EAHpB;AAAA,QAIEC,cAAkB,EAJpB;AAAA,QAMEC,QAAkBC,UAAU,CAAV,CANpB;AAAA,QAOEC,gBAAmB,OAAOF,KAAP,IAAgB,QAPrC;AAAA,QAQEG,iBAAkB,GAAGC,KAAH,CAASC,IAAT,CAAcJ,SAAd,EAAyB,CAAzB,CARpB;AAAA,QAUEK,wBAAwBpB,OAAOoB,qBAAP,IACnBpB,OAAOqB,wBADY,IAEnBrB,OAAOsB,2BAFY,IAGnBtB,OAAOuB,uBAHY,IAInB,UAASC,QAAT,EAAmB;AAAEC,iBAAWD,QAAX,EAAqB,CAArB;AAA0B,KAdtD;AAAA,QAgBEE,aAhBF;;AAkBAjB,gBACGkB,IADH,CACQ,YAAW;AACf,UACEC,WAAoB7B,EAAE8B,aAAF,CAAgBrB,UAAhB,CAAF,GACdT,EAAE+B,MAAF,CAAS,IAAT,EAAe,EAAf,EAAmB/B,EAAEO,EAAF,CAAKC,SAAL,CAAeqB,QAAlC,EAA4CpB,UAA5C,CADc,GAEdT,EAAE+B,MAAF,CAAS,EAAT,EAAa/B,EAAEO,EAAF,CAAKC,SAAL,CAAeqB,QAA5B,CAHN;AAAA,UAKEG,YAAkBH,SAASG,SAL7B;AAAA,UAMEC,YAAkBJ,SAASI,SAN7B;AAAA,UAOEC,WAAkBL,SAASK,QAP7B;AAAA,UAQEC,QAAkBN,SAASM,KAR7B;AAAA,UAUEC,iBAAkB,MAAMH,SAV1B;AAAA,UAWEI,kBAAkB,YAAYJ,SAXhC;AAAA,UAYEK,iBAAkB5B,YAAYwB,QAAZ,IAAwB,EAZ5C;AAAA,UAcEK,UAAWvC,EAAE,IAAF,CAdb;AAAA,UAeEwC,SAAWD,QAAQE,IAAR,CAAaP,SAASQ,KAAtB,CAfb;AAAA,UAgBEC,WAAWJ,QAAQE,IAAR,CAAaP,SAASU,OAAtB,CAhBb;AAAA,UAkBEC,UAAW,IAlBb;AAAA,UAmBEC,WAAWP,QAAQQ,IAAR,CAAaV,eAAb,CAnBb;AAAA,UAoBEW,QApBF;AAAA,UAqBEC,MArBF;AAwBAA,eAAS;AAEPC,oBAAY,YAAW;AACrBD,iBAAOE,KAAP,CAAa,cAAb,EAA6BZ,OAA7B;AACAU,iBAAOG,IAAP,CAAYC,MAAZ;;AACA,cAAGxB,SAASyB,cAAZ,EAA4B;AAC1BL,mBAAOK,cAAP;AACD;;AACDL,iBAAOM,WAAP;AACD,SATM;AAWPA,qBAAa,YAAW;AACtBT,qBAAWG,MAAX;AACAV,kBACGQ,IADH,CACQV,eADR,EACyBY,MADzB;AAGD,SAhBM;AAkBPO,iBAAS,YAAW;AAClBP,iBAAOE,KAAP,CAAa,8BAAb,EAA6CZ,OAA7C;AACAA,kBACGkB,GADH,CACOrB,cADP,EAEGsB,UAFH,CAEcrB,eAFd;AAID,SAxBM;AA0BPsB,iBAAS,YAAW;AAClBnB,mBAAWD,QAAQE,IAAR,CAAaP,SAASQ,KAAtB,CAAX;AACAC,qBAAWJ,QAAQE,IAAR,CAAaP,SAASU,OAAtB,CAAX;AACD,SA7BM;AA+BPU,wBAAgB,YAAW;AACzB,cAAG,sBAAsBrD,MAAzB,EAAiC;AAC/B+C,uBAAW,IAAIY,gBAAJ,CAAqB,UAASC,SAAT,EAAoB;AAClDZ,qBAAOE,KAAP,CAAa,4CAAb;AACAF,qBAAOU,OAAP;AACD,aAHU,CAAX;AAIAX,qBAASc,OAAT,CAAiBjB,OAAjB,EAA0B;AACxBkB,yBAAY,IADY;AAExBC,uBAAY;AAFY,aAA1B;AAIAf,mBAAOE,KAAP,CAAa,8BAAb,EAA6CH,QAA7C;AACD;AACF,SA3CM;AA6CPI,cAAM;AACJC,kBAAQ,YAAW;AACjBJ,mBAAOE,KAAP,CAAa,0BAAb;AACAZ,oBACG0B,EADH,CACMpC,SAASoC,EAAT,GAAc7B,cADpB,EACoCF,SAASgC,OAD7C,EACsDjB,OAAOkB,KAAP,CAAaC,KADnE;AAGD;AANG,SA7CC;AAsDPD,eAAO;AACLC,iBAAO,YAAW;AAChBnB,mBAAOoB,MAAP,CAAcjD,IAAd,CAAmB,IAAnB;AACD;AAHI,SAtDA;AA4DPiD,gBAAQ,UAAStD,KAAT,EAAgB;AACtB,cACEuD,eAAgBvD,UAAUZ,SAAX,GACV,OAAOY,KAAP,KAAiB,QAAlB,GACEyB,OAAO+B,EAAP,CAAUxD,KAAV,CADF,GAEEf,EAAEe,KAAF,EAASyD,OAAT,CAAiBtC,SAASQ,KAA1B,CAHS,GAIX1C,EAAE,IAAF,EAAQwE,OAAR,CAAgBtC,SAASQ,KAAzB,CALN;AAAA,cAME+B,iBAAiBH,aAAaI,IAAb,CAAkB/B,QAAlB,CANnB;AAAA,cAOEgC,cAAcF,eAAeG,QAAf,CAAwB5C,UAAU6C,SAAlC,CAPhB;AAAA,cAQEC,WAAcL,eAAeG,QAAf,CAAwB5C,UAAU+C,MAAlC,CARhB;AAAA,cASEC,SAAeF,YAAY,CAACH,WAT9B;AAAA,cAUEM,YAAe,CAACH,QAAD,IAAaH,WAV9B;AAYA1B,iBAAOE,KAAP,CAAa,gCAAb,EAA+CmB,YAA/C;;AACA,cAAGU,UAAUC,SAAb,EAAwB;AACtB,gBAAGpD,SAASqD,WAAZ,EAAyB;AACvBjC,qBAAOkC,KAAP,CAAa/D,IAAb,CAAkBkD,YAAlB;AACD,aAFD,MAGK;AACHrB,qBAAOE,KAAP,CAAa,uDAAb;AACD;AACF,WAPD,MAQK;AACHF,mBAAOmC,IAAP,CAAYhE,IAAZ,CAAiBkD,YAAjB;AACD;AACF,SArFM;AAuFPc,cAAM,UAASrE,KAAT,EAAgB;AACpB,cACEuD,eAAgBvD,UAAUZ,SAAX,GACV,OAAOY,KAAP,KAAiB,QAAlB,GACEyB,OAAO+B,EAAP,CAAUxD,KAAV,CADF,GAEEf,EAAEe,KAAF,EAASyD,OAAT,CAAiBtC,SAASQ,KAA1B,CAHS,GAIX1C,EAAE,IAAF,EAAQwE,OAAR,CAAgBtC,SAASQ,KAAzB,CALN;AAAA,cAME+B,iBAAiBH,aAAaI,IAAb,CAAkB/B,QAAlB,CANnB;AAAA,cAOEgC,cAAcF,eAAeG,QAAf,CAAwB5C,UAAU6C,SAAlC,CAPhB;AAAA,cAQEC,WAAcL,eAAeG,QAAf,CAAwB5C,UAAU+C,MAAlC,CARhB;AAAA,cASEC,SAAeF,YAAYH,WAT7B;;AAWA,cAAGK,MAAH,EAAW;AACT/B,mBAAOE,KAAP,CAAa,kCAAb,EAAiDsB,cAAjD;AACA;AACD;;AACDxB,iBAAOE,KAAP,CAAa,2BAAb,EAA0CmB,YAA1C;AACAzC,mBAASwD,SAAT,CAAmBjE,IAAnB,CAAwBqD,cAAxB;;AACA,cAAG5C,SAASyD,SAAZ,EAAuB;AACrBrC,mBAAOsC,WAAP,CAAmBnE,IAAnB,CAAwBkD,YAAxB;AACD;;AACDA,uBACGkB,QADH,CACYxD,UAAU+C,MADtB;AAGAN,yBACGgB,IADH,CACQ,IADR,EACc,IADd,EAEGD,QAFH,CAEYxD,UAAU6C,SAFtB;;AAIA,cAAGhD,SAAS6D,eAAZ,EAA6B;AAC3B,gBAAG1F,EAAEO,EAAF,CAAKoF,UAAL,KAAoBxF,SAApB,IAAiCoC,QAAQoD,UAAR,CAAmB,cAAnB,CAApC,EAAwE;AACtElB,6BACGmB,QADH,GAEKD,UAFL,CAEgB;AACVE,2BAAc,SADJ;AAEVC,uBAAc,KAFJ;AAGVC,6BAAc,IAHJ;AAIV5C,uBAActB,SAASsB,KAJb;AAKV6C,yBAAcnE,SAASmE,OALb;AAMVC,0BAAcpE,SAASoE;AANb,eAFhB;AAWD,aAZD,MAaK;AACHxB,6BACGmB,QADH,GAEKH,IAFL,CAEU,IAFV,EAEgB,IAFhB,EAGKS,OAHL,CAGa;AACPC,yBAAS;AADF,eAHb,EAKOtE,SAASoE,QALhB,EAK0BhD,OAAOmD,YALjC;AAOD;AACF;;AACD3B,yBACG4B,SADH,CACaxE,SAASoE,QADtB,EACgCpE,SAASyE,MADzC,EACiD,YAAW;AACxD7B,2BACG8B,WADH,CACevE,UAAU6C,SADzB,EAEGW,QAFH,CAEYxD,UAAU+C,MAFtB;AAIA9B,mBAAOuD,KAAP,CAAaC,OAAb,CAAqBrF,IAArB,CAA0B,IAA1B;AACAS,qBAAS6E,MAAT,CAAgBtF,IAAhB,CAAqB,IAArB;AACAS,qBAAS8E,QAAT,CAAkBvF,IAAlB,CAAuB,IAAvB;AACD,WATH;AAWD,SAtJM;AAwJP+D,eAAO,UAASpE,KAAT,EAAgB;AACrB,cACEuD,eAAgBvD,UAAUZ,SAAX,GACV,OAAOY,KAAP,KAAiB,QAAlB,GACEyB,OAAO+B,EAAP,CAAUxD,KAAV,CADF,GAEEf,EAAEe,KAAF,EAASyD,OAAT,CAAiBtC,SAASQ,KAA1B,CAHS,GAIX1C,EAAE,IAAF,EAAQwE,OAAR,CAAgBtC,SAASQ,KAAzB,CALN;AAAA,cAME+B,iBAAiBH,aAAaI,IAAb,CAAkB/B,QAAlB,CANnB;AAAA,cAOEgC,cAAiBF,eAAeG,QAAf,CAAwB5C,UAAU6C,SAAlC,CAPnB;AAAA,cAQEC,WAAiBL,eAAeG,QAAf,CAAwB5C,UAAU+C,MAAlC,CARnB;AAAA,cASEE,YAAkB,CAACH,QAAD,IAAaH,WATjC;AAAA,cAUEiC,YAAkB9B,YAAYH,WAVhC;;AAYA,cAAG,CAACG,YAAYG,SAAb,KAA2B,CAAC2B,SAA/B,EAA0C;AACxC3D,mBAAOE,KAAP,CAAa,2BAAb,EAA0CsB,cAA1C;AACA5C,qBAASgF,SAAT,CAAmBzF,IAAnB,CAAwBqD,cAAxB;AACAH,yBACGiC,WADH,CACevE,UAAU+C,MADzB;AAGAN,2BACGgB,IADH,CACQ,IADR,EACc,IADd,EAEGD,QAFH,CAEYxD,UAAU6C,SAFtB;;AAIA,gBAAGhD,SAAS6D,eAAZ,EAA6B;AAC3B,kBAAG1F,EAAEO,EAAF,CAAKoF,UAAL,KAAoBxF,SAApB,IAAiCoC,QAAQoD,UAAR,CAAmB,cAAnB,CAApC,EAAwE;AACtElB,+BACGmB,QADH,GAEKD,UAFL,CAEgB;AACVE,6BAAc,UADJ;AAEVC,yBAAc,KAFJ;AAGVC,+BAAc,IAHJ;AAIV5C,yBAActB,SAASsB,KAJb;AAKV6C,2BAAcnE,SAASmE,OALb;AAMVC,4BAAcpE,SAASoE;AANb,iBAFhB;AAWD,eAZD,MAaK;AACHxB,+BACGmB,QADH,GAEKH,IAFL,CAEU,IAFV,EAEgB,IAFhB,EAGKS,OAHL,CAGa;AACPC,2BAAS;AADF,iBAHb,EAKOtE,SAASoE,QALhB,EAK0BhD,OAAOmD,YALjC;AAOD;AACF;;AACD3B,2BACGqC,OADH,CACWjF,SAASoE,QADpB,EAC8BpE,SAASyE,MADvC,EAC+C,YAAW;AACtD7B,6BACG8B,WADH,CACevE,UAAU6C,SADzB,EAEG0B,WAFH,CAEevE,UAAU+C,MAFzB;AAIA9B,qBAAOuD,KAAP,CAAaC,OAAb,CAAqBrF,IAArB,CAA0B,IAA1B;AACAS,uBAASkF,OAAT,CAAiB3F,IAAjB,CAAsB,IAAtB;AACAS,uBAAS8E,QAAT,CAAkBvF,IAAlB,CAAuB,IAAvB;AACD,aATH;AAWD;AACF,SAnNM;AAqNPmE,qBAAa,UAASyB,KAAT,EAAgB;AAC3B,cACE1C,eAAgB0C,UAAU7G,SAAX,GACXqC,OAAO+B,EAAP,CAAUyC,KAAV,CADW,GAEXhH,EAAE,IAAF,EAAQwE,OAAR,CAAgBtC,SAASQ,KAAzB,CAHN;AAAA,cAIEuE,gBAAmB3C,aAAa4C,OAAb,CAAqBhF,SAASU,OAA9B,EAAuCuE,IAAvC,CAA4CjF,SAASQ,KAArD,CAJrB;AAAA,cAKE0E,mBAAmB9C,aAAaE,OAAb,CAAqBtC,SAAS1B,SAA9B,CALrB;AAAA,cAME6G,iBAAmBnF,SAASQ,KAAT,GAAiB,GAAjB,GAAuBV,UAAU+C,MAAjC,GAA0C,UAN/D;AAAA,cAOEuC,gBAAmBpF,SAASU,OAAT,GAAmB,GAAnB,GAAyBZ,UAAU+C,MAAnC,GAA4C,UAPjE;AAAA,cAQEwC,WARF;AAAA,cASEC,aATF;AAAA,cAUEC,aAVF;;AAYA,cAAG5F,SAAS6F,WAAZ,EAAyB;AACvBH,0BAAgBH,iBAAiB3E,IAAjB,CAAsB4E,cAAtB,EAAsCM,GAAtC,CAA0CV,aAA1C,CAAhB;AACAQ,4BAAgBF,YAAY7C,IAAZ,CAAiB/B,QAAjB,CAAhB;AACD,WAHD,MAIK;AACH4E,0BAAgBH,iBAAiB3E,IAAjB,CAAsB4E,cAAtB,EAAsCM,GAAtC,CAA0CV,aAA1C,CAAhB;AACAO,4BAAgBJ,iBAAiB3E,IAAjB,CAAsB6E,aAAtB,EAAqC7E,IAArC,CAA0C4E,cAA1C,EAA0DM,GAA1D,CAA8DV,aAA9D,CAAhB;AACAM,0BAAgBA,YAAYI,GAAZ,CAAgBH,aAAhB,CAAhB;AACAC,4BAAgBF,YAAY7C,IAAZ,CAAiB/B,QAAjB,CAAhB;AACD;;AACD,cAAK4E,YAAYK,MAAZ,GAAqB,CAA1B,EAA+B;AAC7B3E,mBAAOE,KAAP,CAAa,0CAAb,EAAyDoE,WAAzD;AACAA,wBACGhB,WADH,CACevE,UAAU+C,MADzB;AAGA0C,0BACGlB,WADH,CACevE,UAAU6C,SADzB,EAEGY,IAFH,CAEQ,IAFR,EAEc,IAFd;;AAIA,gBAAG5D,SAAS6D,eAAZ,EAA6B;AAC3B,kBAAG1F,EAAEO,EAAF,CAAKoF,UAAL,KAAoBxF,SAApB,IAAiCoC,QAAQoD,UAAR,CAAmB,cAAnB,CAApC,EAAwE;AACtE8B,8BACG7B,QADH,GAEKD,UAFL,CAEgB;AACVE,6BAAc,UADJ;AAEVE,+BAAc,IAFJ;AAGV5C,yBAActB,SAASsB,KAHb;AAIV6C,2BAAcnE,SAASmE,OAJb;AAKVC,4BAAcpE,SAASoE;AALb,iBAFhB;AAUD,eAXD,MAYK;AACHwB,8BACG7B,QADH,GAEKH,IAFL,CAEU,IAFV,EAEgB,IAFhB,EAGKS,OAHL,CAGa;AACPC,2BAAS;AADF,iBAHb,EAKOtE,SAASoE,QALhB,EAK0BhD,OAAOmD,YALjC;AAOD;AACF;;AACDqB,0BACGX,OADH,CACWjF,SAASoE,QADpB,EAC+BpE,SAASyE,MADxC,EACgD,YAAW;AACvDtG,gBAAE,IAAF,EAAQuG,WAAR,CAAoBvE,UAAU+C,MAA9B;AACA9B,qBAAOuD,KAAP,CAAaC,OAAb,CAAqBrF,IAArB,CAA0B,IAA1B;AACD,aAJH;AAMD;AACF,SAnRM;AAqRPoF,eAAO;AAELC,mBAAS,YAAW;AAClBxD,mBAAO+C,OAAP,CAAe,sCAAf,EAAuD,IAAvD;AACAhG,cAAE,IAAF,EAAQ6H,GAAR,CAAY,SAAZ,EAAuB,EAAvB;;AACA,gBAAI7H,EAAE,IAAF,EAAQ8H,IAAR,CAAa,OAAb,MAA0B,EAA9B,EAAkC;AAChC9H,gBAAE,IAAF,EACG8H,IADH,CACQ,OADR,EACiB,EADjB,EAEGC,UAFH,CAEc,OAFd;AAID;AACF,WAXI;AAaL5B,mBAAS,YAAW;AAClBlD,mBAAO+C,OAAP,CAAe,sCAAf,EAAuD,IAAvD;AACAhG,cAAE,IAAF,EAAQ6H,GAAR,CAAY,SAAZ,EAAuB,EAAvB;;AACA,gBAAI7H,EAAE,IAAF,EAAQ8H,IAAR,CAAa,OAAb,MAA0B,EAA9B,EAAkC;AAChC9H,gBAAE,IAAF,EACG8H,IADH,CACQ,OADR,EACiB,EADjB,EAEGC,UAFH,CAEc,OAFd;AAID;AACF;AAtBI,SArRA;AA+SPC,iBAAS,UAASC,IAAT,EAAeC,KAAf,EAAsB;AAC7BjF,iBAAOE,KAAP,CAAa,kBAAb,EAAiC8E,IAAjC,EAAuCC,KAAvC;;AACA,cAAIlI,EAAE8B,aAAF,CAAgBmG,IAAhB,CAAJ,EAA4B;AAC1BjI,cAAE+B,MAAF,CAAS,IAAT,EAAeF,QAAf,EAAyBoG,IAAzB;AACD,WAFD,MAGK,IAAGC,UAAU/H,SAAb,EAAwB;AAC3B,gBAAGH,EAAE8B,aAAF,CAAgBD,SAASoG,IAAT,CAAhB,CAAH,EAAoC;AAClCjI,gBAAE+B,MAAF,CAAS,IAAT,EAAeF,SAASoG,IAAT,CAAf,EAA+BC,KAA/B;AACD,aAFD,MAGK;AACHrG,uBAASoG,IAAT,IAAiBC,KAAjB;AACD;AACF,WAPI,MAQA;AACH,mBAAOrG,SAASoG,IAAT,CAAP;AACD;AACF,SA/TM;AAgUPE,kBAAU,UAASF,IAAT,EAAeC,KAAf,EAAsB;AAC9BjF,iBAAOE,KAAP,CAAa,mBAAb,EAAkC8E,IAAlC,EAAwCC,KAAxC;;AACA,cAAGA,UAAU/H,SAAb,EAAwB;AACtB,gBAAIH,EAAE8B,aAAF,CAAgBmG,IAAhB,CAAJ,EAA4B;AAC1BjI,gBAAE+B,MAAF,CAAS,IAAT,EAAekB,MAAf,EAAuBgF,IAAvB;AACD,aAFD,MAGK;AACHhF,qBAAOgF,IAAP,IAAeC,KAAf;AACD;AACF,WAPD,MAQK;AACH,mBAAOjF,OAAOgF,IAAP,CAAP;AACD;AACF,SA7UM;AA8UP9E,eAAO,YAAW;AAChB,cAAG,CAACtB,SAASuG,MAAV,IAAoBvG,SAASsB,KAAhC,EAAuC;AACrC,gBAAGtB,SAASf,WAAZ,EAAyB;AACvBmC,qBAAOnC,WAAP,CAAmBuH,GAAnB,CAAuBrH,SAAvB;AACD,aAFD,MAGK;AACHiC,qBAAOE,KAAP,GAAe7C,SAASgI,SAAT,CAAmBlF,IAAnB,CAAwBhC,IAAxB,CAA6BmH,QAAQC,IAArC,EAA2CD,OAA3C,EAAoD1G,SAASoG,IAAT,GAAgB,GAApE,CAAf;AACAhF,qBAAOE,KAAP,CAAasF,KAAb,CAAmBF,OAAnB,EAA4BvH,SAA5B;AACD;AACF;AACF,SAxVM;AAyVPgF,iBAAS,YAAW;AAClB,cAAG,CAACnE,SAASuG,MAAV,IAAoBvG,SAASmE,OAA7B,IAAwCnE,SAASsB,KAApD,EAA2D;AACzD,gBAAGtB,SAASf,WAAZ,EAAyB;AACvBmC,qBAAOnC,WAAP,CAAmBuH,GAAnB,CAAuBrH,SAAvB;AACD,aAFD,MAGK;AACHiC,qBAAO+C,OAAP,GAAiB1F,SAASgI,SAAT,CAAmBlF,IAAnB,CAAwBhC,IAAxB,CAA6BmH,QAAQC,IAArC,EAA2CD,OAA3C,EAAoD1G,SAASoG,IAAT,GAAgB,GAApE,CAAjB;AACAhF,qBAAO+C,OAAP,CAAeyC,KAAf,CAAqBF,OAArB,EAA8BvH,SAA9B;AACD;AACF;AACF,SAnWM;AAoWPmB,eAAO,YAAW;AAChB,cAAG,CAACN,SAASuG,MAAb,EAAqB;AACnBnF,mBAAOd,KAAP,GAAe7B,SAASgI,SAAT,CAAmBlF,IAAnB,CAAwBhC,IAAxB,CAA6BmH,QAAQpG,KAArC,EAA4CoG,OAA5C,EAAqD1G,SAASoG,IAAT,GAAgB,GAArE,CAAf;AACAhF,mBAAOd,KAAP,CAAasG,KAAb,CAAmBF,OAAnB,EAA4BvH,SAA5B;AACD;AACF,SAzWM;AA0WPF,qBAAa;AACXuH,eAAK,UAASK,OAAT,EAAkB;AACrB,gBACEC,WADF,EAEEC,aAFF,EAGEC,YAHF;;AAKA,gBAAGhH,SAASf,WAAZ,EAAyB;AACvB6H,4BAAgB,IAAI/H,IAAJ,GAAWC,OAAX,EAAhB;AACAgI,6BAAgBlI,QAAQgI,WAAxB;AACAC,8BAAgBD,cAAcE,YAA9B;AACAlI,qBAAgBgI,WAAhB;AACA7H,0BAAYgI,IAAZ,CAAiB;AACf,wBAAmBJ,QAAQ,CAAR,CADJ;AAEf,6BAAmB,GAAGvH,KAAH,CAASC,IAAT,CAAcsH,OAAd,EAAuB,CAAvB,KAA6B,EAFjC;AAGf,2BAAmB7F,OAHJ;AAIf,kCAAmB+F;AAJJ,eAAjB;AAMD;;AACDG,yBAAa9F,OAAOnC,WAAP,CAAmBkI,KAAhC;AACA/F,mBAAOnC,WAAP,CAAmBkI,KAAnB,GAA2BtH,WAAWuB,OAAOnC,WAAP,CAAmB2F,OAA9B,EAAuC,GAAvC,CAA3B;AACD,WArBU;AAsBXA,mBAAS,YAAW;AAClB,gBACE/D,QAAQb,SAASoG,IAAT,GAAgB,GAD1B;AAAA,gBAEEgB,YAAY,CAFd;AAIAtI,mBAAO,KAAP;AACAoI,yBAAa9F,OAAOnC,WAAP,CAAmBkI,KAAhC;AACAhJ,cAAE4B,IAAF,CAAOd,WAAP,EAAoB,UAASkG,KAAT,EAAgBjE,IAAhB,EAAsB;AACxCkG,2BAAalG,KAAK,gBAAL,CAAb;AACD,aAFD;AAGAL,qBAAS,MAAMuG,SAAN,GAAkB,IAA3B;;AACA,gBAAG3G,cAAH,EAAmB;AACjBI,uBAAS,QAAQJ,cAAR,GAAyB,IAAlC;AACD;;AACD,gBAAI,CAACiG,QAAQW,KAAR,KAAkB/I,SAAlB,IAA+BoI,QAAQY,KAAR,KAAkBhJ,SAAlD,KAAgEW,YAAY8G,MAAZ,GAAqB,CAAzF,EAA4F;AAC1FW,sBAAQa,cAAR,CAAuB1G,KAAvB;;AACA,kBAAG6F,QAAQY,KAAX,EAAkB;AAChBZ,wBAAQY,KAAR,CAAcrI,WAAd;AACD,eAFD,MAGK;AACHd,kBAAE4B,IAAF,CAAOd,WAAP,EAAoB,UAASkG,KAAT,EAAgBjE,IAAhB,EAAsB;AACxCwF,0BAAQF,GAAR,CAAYtF,KAAK,MAAL,IAAe,IAAf,GAAsBA,KAAK,gBAAL,CAAtB,GAA6C,IAAzD;AACD,iBAFD;AAGD;;AACDwF,sBAAQc,QAAR;AACD;;AACDvI,0BAAc,EAAd;AACD;AAjDU,SA1WN;AA6ZPwI,gBAAQ,UAASvI,KAAT,EAAgBwI,eAAhB,EAAiCC,OAAjC,EAA0C;AAChD,cACEC,SAAS3G,QADX;AAAA,cAEE4G,QAFF;AAAA,cAGEC,KAHF;AAAA,cAIEC,QAJF;AAMAL,4BAAkBA,mBAAmBrI,cAArC;AACAsI,oBAAkB3G,WAAmB2G,OAArC;;AACA,cAAG,OAAOzI,KAAP,IAAgB,QAAhB,IAA4B0I,WAAWtJ,SAA1C,EAAqD;AACnDY,oBAAWA,MAAM8I,KAAN,CAAY,OAAZ,CAAX;AACAH,uBAAW3I,MAAM6G,MAAN,GAAe,CAA1B;AACA5H,cAAE4B,IAAF,CAAOb,KAAP,EAAc,UAAS+I,KAAT,EAAgB5B,KAAhB,EAAuB;AACnC,kBAAI6B,iBAAkBD,SAASJ,QAAV,GACjBxB,QAAQnH,MAAM+I,QAAQ,CAAd,EAAiBE,MAAjB,CAAwB,CAAxB,EAA2BC,WAA3B,EAAR,GAAmDlJ,MAAM+I,QAAQ,CAAd,EAAiB3I,KAAjB,CAAuB,CAAvB,CADlC,GAEjBJ,KAFJ;;AAIA,kBAAIf,EAAE8B,aAAF,CAAiB2H,OAAOM,cAAP,CAAjB,KAA8CD,SAASJ,QAA3D,EAAuE;AACrED,yBAASA,OAAOM,cAAP,CAAT;AACD,eAFD,MAGK,IAAIN,OAAOM,cAAP,MAA2B5J,SAA/B,EAA2C;AAC9CwJ,wBAAQF,OAAOM,cAAP,CAAR;AACA,uBAAO,KAAP;AACD,eAHI,MAIA,IAAI/J,EAAE8B,aAAF,CAAiB2H,OAAOvB,KAAP,CAAjB,KAAqC4B,SAASJ,QAAlD,EAA8D;AACjED,yBAASA,OAAOvB,KAAP,CAAT;AACD,eAFI,MAGA,IAAIuB,OAAOvB,KAAP,MAAkB/H,SAAtB,EAAkC;AACrCwJ,wBAAQF,OAAOvB,KAAP,CAAR;AACA,uBAAO,KAAP;AACD,eAHI,MAIA;AACHjF,uBAAOd,KAAP,CAAaA,MAAM+H,MAAnB,EAA2BnJ,KAA3B;AACA,uBAAO,KAAP;AACD;AACF,aAvBD;AAwBD;;AACD,cAAKf,EAAEmK,UAAF,CAAcR,KAAd,CAAL,EAA6B;AAC3BC,uBAAWD,MAAMlB,KAAN,CAAYe,OAAZ,EAAqBD,eAArB,CAAX;AACD,WAFD,MAGK,IAAGI,UAAUxJ,SAAb,EAAwB;AAC3ByJ,uBAAWD,KAAX;AACD;;AACD,cAAG3J,EAAEoK,OAAF,CAAUzI,aAAV,CAAH,EAA6B;AAC3BA,0BAAcmH,IAAd,CAAmBc,QAAnB;AACD,WAFD,MAGK,IAAGjI,kBAAkBxB,SAArB,EAAgC;AACnCwB,4BAAgB,CAACA,aAAD,EAAgBiI,QAAhB,CAAhB;AACD,WAFI,MAGA,IAAGA,aAAazJ,SAAhB,EAA2B;AAC9BwB,4BAAgBiI,QAAhB;AACD;;AACD,iBAAOD,KAAP;AACD;AAldM,OAAT;;AAodA,UAAG1I,aAAH,EAAkB;AAChB,YAAG6B,aAAa3C,SAAhB,EAA2B;AACzB8C,iBAAOC,UAAP;AACD;;AACDD,eAAOqG,MAAP,CAAcvI,KAAd;AACD,OALD,MAMK;AACH,YAAG+B,aAAa3C,SAAhB,EAA2B;AACzB2C,mBAASwG,MAAT,CAAgB,SAAhB;AACD;;AACDrG,eAAOC,UAAP;AACD;AACF,KA1fH;AA4fA,WAAQvB,kBAAkBxB,SAAnB,GACHwB,aADG,GAEH,IAFJ;AAID,GAnhBD;;AAqhBA3B,IAAEO,EAAF,CAAKC,SAAL,CAAeqB,QAAf,GAA0B;AAExBoG,UAAkB,WAFM;AAGxBhG,eAAkB,WAHM;AAKxBmG,YAAkB,KALM;AAMxBjF,WAAkB,KANM;AAOxB6C,aAAkB,KAPM;AAQxBlF,iBAAkB,IARM;AAUxBmD,QAAkB,OAVM;AAUG;AAE3BX,oBAAkB,IAZM;AAYC;AAEzBgC,eAAkB,IAdM;AAcC;AACzBJ,iBAAkB,IAfM;AAeC;AACzBwC,iBAAkB,KAhBM;AAgBC;AACzBhC,qBAAkB,IAjBM;AAiBC;AAEzBO,cAAkB,GAnBM;AAmBD;AACvBK,YAAkB,aApBM;AAoBS;AAGjCjB,eAAkB,YAAU,CAAE,CAvBN;AAuBQ;AAChCqB,YAAkB,YAAU,CAAE,CAxBN;AAwBQ;AAChCG,eAAkB,YAAU,CAAE,CAzBN;AAyBQ;AAChCE,aAAkB,YAAU,CAAE,CA1BN;AA0BQ;AAChCJ,cAAkB,YAAU,CAAE,CA3BN;AA2BQ;AAEhCxE,WAAO;AACL+H,cAAS;AADJ,KA7BiB;AAiCxBlI,eAAc;AACZ+C,cAAY,QADA;AAEZF,iBAAY;AAFA,KAjCU;AAsCxB3C,cAAc;AACZ1B,iBAAY,YADA;AAEZkC,aAAY,QAFA;AAGZwB,eAAY,QAHA;AAIZtB,eAAY;AAJA;AAtCU,GAA1B,CAhiB4C,CA+kB5C;;AACA5C,IAAE+B,MAAF,CAAU/B,EAAEsG,MAAZ,EAAoB;AAClB+D,iBAAa,UAAUC,CAAV,EAAaC,CAAb,EAAgBC,CAAhB,EAAmBC,CAAnB,EAAsBC,CAAtB,EAAyB;AACpC,aAAO,CAACD,CAAD,IAAKF,KAAGG,CAAR,KAAYH,IAAE,CAAd,IAAmBC,CAA1B;AACD;AAHiB,GAApB;AAMC,CAtlBA,EAslBGG,MAtlBH,EAslBW1K,MAtlBX,EAslBmBC,QAtlBnB","file":"client/lib/semantic-ui/definitions/modules/accordion.js.map","sourcesContent":["/*\n  DO NOT MODIFY - This file has been generated and will be regenerated\n  Semantic UI v2.2.1\n*/\n/*!\n * # Semantic UI - Accordion\n * http://github.com/semantic-org/semantic-ui/\n *\n *\n * Released under the MIT license\n * http://opensource.org/licenses/MIT\n *\n */\n\n;(function ($, window, document, undefined) {\n\n\"use strict\";\n\nwindow = (typeof window != 'undefined' && window.Math == Math)\n  ? window\n  : (typeof self != 'undefined' && self.Math == Math)\n    ? self\n    : Function('return this')()\n;\n\n$.fn.accordion = function(parameters) {\n  var\n    $allModules     = $(this),\n\n    time            = new Date().getTime(),\n    performance     = [],\n\n    query           = arguments[0],\n    methodInvoked   = (typeof query == 'string'),\n    queryArguments  = [].slice.call(arguments, 1),\n\n    requestAnimationFrame = window.requestAnimationFrame\n      || window.mozRequestAnimationFrame\n      || window.webkitRequestAnimationFrame\n      || window.msRequestAnimationFrame\n      || function(callback) { setTimeout(callback, 0); },\n\n    returnedValue\n  ;\n  $allModules\n    .each(function() {\n      var\n        settings        = ( $.isPlainObject(parameters) )\n          ? $.extend(true, {}, $.fn.accordion.settings, parameters)\n          : $.extend({}, $.fn.accordion.settings),\n\n        className       = settings.className,\n        namespace       = settings.namespace,\n        selector        = settings.selector,\n        error           = settings.error,\n\n        eventNamespace  = '.' + namespace,\n        moduleNamespace = 'module-' + namespace,\n        moduleSelector  = $allModules.selector || '',\n\n        $module  = $(this),\n        $title   = $module.find(selector.title),\n        $content = $module.find(selector.content),\n\n        element  = this,\n        instance = $module.data(moduleNamespace),\n        observer,\n        module\n      ;\n\n      module = {\n\n        initialize: function() {\n          module.debug('Initializing', $module);\n          module.bind.events();\n          if(settings.observeChanges) {\n            module.observeChanges();\n          }\n          module.instantiate();\n        },\n\n        instantiate: function() {\n          instance = module;\n          $module\n            .data(moduleNamespace, module)\n          ;\n        },\n\n        destroy: function() {\n          module.debug('Destroying previous instance', $module);\n          $module\n            .off(eventNamespace)\n            .removeData(moduleNamespace)\n          ;\n        },\n\n        refresh: function() {\n          $title   = $module.find(selector.title);\n          $content = $module.find(selector.content);\n        },\n\n        observeChanges: function() {\n          if('MutationObserver' in window) {\n            observer = new MutationObserver(function(mutations) {\n              module.debug('DOM tree modified, updating selector cache');\n              module.refresh();\n            });\n            observer.observe(element, {\n              childList : true,\n              subtree   : true\n            });\n            module.debug('Setting up mutation observer', observer);\n          }\n        },\n\n        bind: {\n          events: function() {\n            module.debug('Binding delegated events');\n            $module\n              .on(settings.on + eventNamespace, selector.trigger, module.event.click)\n            ;\n          }\n        },\n\n        event: {\n          click: function() {\n            module.toggle.call(this);\n          }\n        },\n\n        toggle: function(query) {\n          var\n            $activeTitle = (query !== undefined)\n              ? (typeof query === 'number')\n                ? $title.eq(query)\n                : $(query).closest(selector.title)\n              : $(this).closest(selector.title),\n            $activeContent = $activeTitle.next($content),\n            isAnimating = $activeContent.hasClass(className.animating),\n            isActive    = $activeContent.hasClass(className.active),\n            isOpen      = (isActive && !isAnimating),\n            isOpening   = (!isActive && isAnimating)\n          ;\n          module.debug('Toggling visibility of content', $activeTitle);\n          if(isOpen || isOpening) {\n            if(settings.collapsible) {\n              module.close.call($activeTitle);\n            }\n            else {\n              module.debug('Cannot close accordion content collapsing is disabled');\n            }\n          }\n          else {\n            module.open.call($activeTitle);\n          }\n        },\n\n        open: function(query) {\n          var\n            $activeTitle = (query !== undefined)\n              ? (typeof query === 'number')\n                ? $title.eq(query)\n                : $(query).closest(selector.title)\n              : $(this).closest(selector.title),\n            $activeContent = $activeTitle.next($content),\n            isAnimating = $activeContent.hasClass(className.animating),\n            isActive    = $activeContent.hasClass(className.active),\n            isOpen      = (isActive || isAnimating)\n          ;\n          if(isOpen) {\n            module.debug('Accordion already open, skipping', $activeContent);\n            return;\n          }\n          module.debug('Opening accordion content', $activeTitle);\n          settings.onOpening.call($activeContent);\n          if(settings.exclusive) {\n            module.closeOthers.call($activeTitle);\n          }\n          $activeTitle\n            .addClass(className.active)\n          ;\n          $activeContent\n            .stop(true, true)\n            .addClass(className.animating)\n          ;\n          if(settings.animateChildren) {\n            if($.fn.transition !== undefined && $module.transition('is supported')) {\n              $activeContent\n                .children()\n                  .transition({\n                    animation   : 'fade in',\n                    queue       : false,\n                    useFailSafe : true,\n                    debug       : settings.debug,\n                    verbose     : settings.verbose,\n                    duration    : settings.duration\n                  })\n              ;\n            }\n            else {\n              $activeContent\n                .children()\n                  .stop(true, true)\n                  .animate({\n                    opacity: 1\n                  }, settings.duration, module.resetOpacity)\n              ;\n            }\n          }\n          $activeContent\n            .slideDown(settings.duration, settings.easing, function() {\n              $activeContent\n                .removeClass(className.animating)\n                .addClass(className.active)\n              ;\n              module.reset.display.call(this);\n              settings.onOpen.call(this);\n              settings.onChange.call(this);\n            })\n          ;\n        },\n\n        close: function(query) {\n          var\n            $activeTitle = (query !== undefined)\n              ? (typeof query === 'number')\n                ? $title.eq(query)\n                : $(query).closest(selector.title)\n              : $(this).closest(selector.title),\n            $activeContent = $activeTitle.next($content),\n            isAnimating    = $activeContent.hasClass(className.animating),\n            isActive       = $activeContent.hasClass(className.active),\n            isOpening      = (!isActive && isAnimating),\n            isClosing      = (isActive && isAnimating)\n          ;\n          if((isActive || isOpening) && !isClosing) {\n            module.debug('Closing accordion content', $activeContent);\n            settings.onClosing.call($activeContent);\n            $activeTitle\n              .removeClass(className.active)\n            ;\n            $activeContent\n              .stop(true, true)\n              .addClass(className.animating)\n            ;\n            if(settings.animateChildren) {\n              if($.fn.transition !== undefined && $module.transition('is supported')) {\n                $activeContent\n                  .children()\n                    .transition({\n                      animation   : 'fade out',\n                      queue       : false,\n                      useFailSafe : true,\n                      debug       : settings.debug,\n                      verbose     : settings.verbose,\n                      duration    : settings.duration\n                    })\n                ;\n              }\n              else {\n                $activeContent\n                  .children()\n                    .stop(true, true)\n                    .animate({\n                      opacity: 0\n                    }, settings.duration, module.resetOpacity)\n                ;\n              }\n            }\n            $activeContent\n              .slideUp(settings.duration, settings.easing, function() {\n                $activeContent\n                  .removeClass(className.animating)\n                  .removeClass(className.active)\n                ;\n                module.reset.display.call(this);\n                settings.onClose.call(this);\n                settings.onChange.call(this);\n              })\n            ;\n          }\n        },\n\n        closeOthers: function(index) {\n          var\n            $activeTitle = (index !== undefined)\n              ? $title.eq(index)\n              : $(this).closest(selector.title),\n            $parentTitles    = $activeTitle.parents(selector.content).prev(selector.title),\n            $activeAccordion = $activeTitle.closest(selector.accordion),\n            activeSelector   = selector.title + '.' + className.active + ':visible',\n            activeContent    = selector.content + '.' + className.active + ':visible',\n            $openTitles,\n            $nestedTitles,\n            $openContents\n          ;\n          if(settings.closeNested) {\n            $openTitles   = $activeAccordion.find(activeSelector).not($parentTitles);\n            $openContents = $openTitles.next($content);\n          }\n          else {\n            $openTitles   = $activeAccordion.find(activeSelector).not($parentTitles);\n            $nestedTitles = $activeAccordion.find(activeContent).find(activeSelector).not($parentTitles);\n            $openTitles   = $openTitles.not($nestedTitles);\n            $openContents = $openTitles.next($content);\n          }\n          if( ($openTitles.length > 0) ) {\n            module.debug('Exclusive enabled, closing other content', $openTitles);\n            $openTitles\n              .removeClass(className.active)\n            ;\n            $openContents\n              .removeClass(className.animating)\n              .stop(true, true)\n            ;\n            if(settings.animateChildren) {\n              if($.fn.transition !== undefined && $module.transition('is supported')) {\n                $openContents\n                  .children()\n                    .transition({\n                      animation   : 'fade out',\n                      useFailSafe : true,\n                      debug       : settings.debug,\n                      verbose     : settings.verbose,\n                      duration    : settings.duration\n                    })\n                ;\n              }\n              else {\n                $openContents\n                  .children()\n                    .stop(true, true)\n                    .animate({\n                      opacity: 0\n                    }, settings.duration, module.resetOpacity)\n                ;\n              }\n            }\n            $openContents\n              .slideUp(settings.duration , settings.easing, function() {\n                $(this).removeClass(className.active);\n                module.reset.display.call(this);\n              })\n            ;\n          }\n        },\n\n        reset: {\n\n          display: function() {\n            module.verbose('Removing inline display from element', this);\n            $(this).css('display', '');\n            if( $(this).attr('style') === '') {\n              $(this)\n                .attr('style', '')\n                .removeAttr('style')\n              ;\n            }\n          },\n\n          opacity: function() {\n            module.verbose('Removing inline opacity from element', this);\n            $(this).css('opacity', '');\n            if( $(this).attr('style') === '') {\n              $(this)\n                .attr('style', '')\n                .removeAttr('style')\n              ;\n            }\n          },\n\n        },\n\n        setting: function(name, value) {\n          module.debug('Changing setting', name, value);\n          if( $.isPlainObject(name) ) {\n            $.extend(true, settings, name);\n          }\n          else if(value !== undefined) {\n            if($.isPlainObject(settings[name])) {\n              $.extend(true, settings[name], value);\n            }\n            else {\n              settings[name] = value;\n            }\n          }\n          else {\n            return settings[name];\n          }\n        },\n        internal: function(name, value) {\n          module.debug('Changing internal', name, value);\n          if(value !== undefined) {\n            if( $.isPlainObject(name) ) {\n              $.extend(true, module, name);\n            }\n            else {\n              module[name] = value;\n            }\n          }\n          else {\n            return module[name];\n          }\n        },\n        debug: function() {\n          if(!settings.silent && settings.debug) {\n            if(settings.performance) {\n              module.performance.log(arguments);\n            }\n            else {\n              module.debug = Function.prototype.bind.call(console.info, console, settings.name + ':');\n              module.debug.apply(console, arguments);\n            }\n          }\n        },\n        verbose: function() {\n          if(!settings.silent && settings.verbose && settings.debug) {\n            if(settings.performance) {\n              module.performance.log(arguments);\n            }\n            else {\n              module.verbose = Function.prototype.bind.call(console.info, console, settings.name + ':');\n              module.verbose.apply(console, arguments);\n            }\n          }\n        },\n        error: function() {\n          if(!settings.silent) {\n            module.error = Function.prototype.bind.call(console.error, console, settings.name + ':');\n            module.error.apply(console, arguments);\n          }\n        },\n        performance: {\n          log: function(message) {\n            var\n              currentTime,\n              executionTime,\n              previousTime\n            ;\n            if(settings.performance) {\n              currentTime   = new Date().getTime();\n              previousTime  = time || currentTime;\n              executionTime = currentTime - previousTime;\n              time          = currentTime;\n              performance.push({\n                'Name'           : message[0],\n                'Arguments'      : [].slice.call(message, 1) || '',\n                'Element'        : element,\n                'Execution Time' : executionTime\n              });\n            }\n            clearTimeout(module.performance.timer);\n            module.performance.timer = setTimeout(module.performance.display, 500);\n          },\n          display: function() {\n            var\n              title = settings.name + ':',\n              totalTime = 0\n            ;\n            time = false;\n            clearTimeout(module.performance.timer);\n            $.each(performance, function(index, data) {\n              totalTime += data['Execution Time'];\n            });\n            title += ' ' + totalTime + 'ms';\n            if(moduleSelector) {\n              title += ' \\'' + moduleSelector + '\\'';\n            }\n            if( (console.group !== undefined || console.table !== undefined) && performance.length > 0) {\n              console.groupCollapsed(title);\n              if(console.table) {\n                console.table(performance);\n              }\n              else {\n                $.each(performance, function(index, data) {\n                  console.log(data['Name'] + ': ' + data['Execution Time']+'ms');\n                });\n              }\n              console.groupEnd();\n            }\n            performance = [];\n          }\n        },\n        invoke: function(query, passedArguments, context) {\n          var\n            object = instance,\n            maxDepth,\n            found,\n            response\n          ;\n          passedArguments = passedArguments || queryArguments;\n          context         = element         || context;\n          if(typeof query == 'string' && object !== undefined) {\n            query    = query.split(/[\\. ]/);\n            maxDepth = query.length - 1;\n            $.each(query, function(depth, value) {\n              var camelCaseValue = (depth != maxDepth)\n                ? value + query[depth + 1].charAt(0).toUpperCase() + query[depth + 1].slice(1)\n                : query\n              ;\n              if( $.isPlainObject( object[camelCaseValue] ) && (depth != maxDepth) ) {\n                object = object[camelCaseValue];\n              }\n              else if( object[camelCaseValue] !== undefined ) {\n                found = object[camelCaseValue];\n                return false;\n              }\n              else if( $.isPlainObject( object[value] ) && (depth != maxDepth) ) {\n                object = object[value];\n              }\n              else if( object[value] !== undefined ) {\n                found = object[value];\n                return false;\n              }\n              else {\n                module.error(error.method, query);\n                return false;\n              }\n            });\n          }\n          if ( $.isFunction( found ) ) {\n            response = found.apply(context, passedArguments);\n          }\n          else if(found !== undefined) {\n            response = found;\n          }\n          if($.isArray(returnedValue)) {\n            returnedValue.push(response);\n          }\n          else if(returnedValue !== undefined) {\n            returnedValue = [returnedValue, response];\n          }\n          else if(response !== undefined) {\n            returnedValue = response;\n          }\n          return found;\n        }\n      };\n      if(methodInvoked) {\n        if(instance === undefined) {\n          module.initialize();\n        }\n        module.invoke(query);\n      }\n      else {\n        if(instance !== undefined) {\n          instance.invoke('destroy');\n        }\n        module.initialize();\n      }\n    })\n  ;\n  return (returnedValue !== undefined)\n    ? returnedValue\n    : this\n  ;\n};\n\n$.fn.accordion.settings = {\n\n  name            : 'Accordion',\n  namespace       : 'accordion',\n\n  silent          : false,\n  debug           : false,\n  verbose         : false,\n  performance     : true,\n\n  on              : 'click', // event on title that opens accordion\n\n  observeChanges  : true,  // whether accordion should automatically refresh on DOM insertion\n\n  exclusive       : true,  // whether a single accordion content panel should be open at once\n  collapsible     : true,  // whether accordion content can be closed\n  closeNested     : false, // whether nested content should be closed when a panel is closed\n  animateChildren : true,  // whether children opacity should be animated\n\n  duration        : 350, // duration of animation\n  easing          : 'easeOutQuad', // easing equation for animation\n\n\n  onOpening       : function(){}, // callback before open animation\n  onOpen          : function(){}, // callback after open animation\n  onClosing       : function(){}, // callback before closing animation\n  onClose         : function(){}, // callback after closing animation\n  onChange        : function(){}, // callback after closing or opening animation\n\n  error: {\n    method : 'The method you called is not defined'\n  },\n\n  className   : {\n    active    : 'active',\n    animating : 'animating'\n  },\n\n  selector    : {\n    accordion : '.accordion',\n    title     : '.title',\n    trigger   : '.title',\n    content   : '.content'\n  }\n\n};\n\n// Adds easing\n$.extend( $.easing, {\n  easeOutQuad: function (x, t, b, c, d) {\n    return -c *(t/=d)*(t-2) + b;\n  }\n});\n\n})( jQuery, window, document );\n\n"]},"hash":"7b5e57e9065248a6a0eb5890d1962dfbb800ff9c"}
