{"metadata":{"usedHelpers":[],"marked":[],"modules":{"imports":[],"exports":{"exported":[],"specifiers":[]}}},"options":{"filename":"packages/fabienb4:autoform-semantic-ui/templates/semantic-ui/inputTypes/radio/radio.js","filenameRelative":"packages/fabienb4:autoform-semantic-ui/templates/semantic-ui/inputTypes/radio/radio.js","env":{"development":{"plugins":[]}},"retainLines":false,"highlightCode":true,"suppressDeprecationMessages":false,"presets":[],"plugins":[[[],{"generateLetDeclarations":true,"enforceStrictMode":false}],[[],null],[[],{"polyfill":false}],[[],null],[[],null],[[],null],[[],{"allowTopLevelThis":true,"strict":false,"loose":true}],[[],null],[[],null],[[],null],[[],null],[[],null],[[],null],[[],null],[[],null],[[],null],[[],null],[[],null],[[],null],[[],{"loose":true}],[[],{"loose":true}],[[],null],[[],{"loose":true}],[[],null],[[],null],[[],null],[[],null],[[],null],[[],null],[[],{"loose":true}],[[],null],[[],null],[[],null],[[],null],[[],null],[[],null],[[],null]],"ignore":[],"code":true,"metadata":true,"ast":true,"comments":true,"compact":false,"minified":false,"sourceMap":true,"sourceMaps":true,"sourceMapTarget":"packages/fabienb4:autoform-semantic-ui/templates/semantic-ui/inputTypes/radio/radio.js.map","sourceFileName":"packages/fabienb4:autoform-semantic-ui/templates/semantic-ui/inputTypes/radio/radio.js","babelrc":false,"sourceType":"module","moduleIds":false,"passPerPreset":false,"parserOpts":false,"generatorOpts":false,"basename":"radio"},"ignored":false,"code":"Template.afRadio_semanticUI.helpers({\n  atts: function () {\n    var atts = _.clone(this.atts);\n\n    if (this.selected) {\n      atts.checked = \"\";\n    }\n\n    return atts;\n  }\n});\nTemplate.afRadio_semanticUI.onRendered(function () {\n  this.$(this.firstNode).checkbox(this.data.atts.settings);\n});","map":{"version":3,"sources":["packages/fabienb4:autoform-semantic-ui/templates/semantic-ui/inputTypes/radio/radio.js"],"names":["Template","afRadio_semanticUI","helpers","atts","_","clone","selected","checked","onRendered","$","firstNode","checkbox","data","settings"],"mappings":"AAAAA,SAASC,kBAAT,CAA4BC,OAA5B,CAAoC;AAClCC,MADkC,cAC3B;AACL,QAAIA,OAAOC,EAAEC,KAAF,CAAQ,KAAKF,IAAb,CAAX;;AAEA,QAAI,KAAKG,QAAT,EAAmB;AACjBH,WAAKI,OAAL,GAAe,EAAf;AACD;;AAED,WAAOJ,IAAP;AACD;AATiC,CAApC;AAYAH,SAASC,kBAAT,CAA4BO,UAA5B,CAAuC,YAAW;AAChD,OAAKC,CAAL,CAAO,KAAKC,SAAZ,EAAuBC,QAAvB,CAAgC,KAAKC,IAAL,CAAUT,IAAV,CAAeU,QAA/C;AACD,CAFD","file":"packages/fabienb4:autoform-semantic-ui/templates/semantic-ui/inputTypes/radio/radio.js.map","sourcesContent":["Template.afRadio_semanticUI.helpers({\n  atts() {\n    let atts = _.clone(this.atts);\n\n    if (this.selected) {\n      atts.checked = \"\";\n    }\n\n    return atts;\n  }\n});\n\nTemplate.afRadio_semanticUI.onRendered(function() {\n  this.$(this.firstNode).checkbox(this.data.atts.settings);\n});\n"]},"hash":"7d24253d62cd07df77165b5da035b3ac88a618f9"}
