{"metadata":{"usedHelpers":["typeof","interopRequireDefault"],"marked":[],"modules":{"imports":[],"exports":{"exported":[],"specifiers":[]}}},"options":{"filename":"client/lib/semantic-ui/definitions/modules/dimmer.js","filenameRelative":"client/lib/semantic-ui/definitions/modules/dimmer.js","env":{"development":{"plugins":[]}},"retainLines":false,"highlightCode":true,"suppressDeprecationMessages":false,"presets":[],"plugins":[[[],{"generateLetDeclarations":true,"enforceStrictMode":false}],[[],null],[[],{"polyfill":false}],[[],null],[[],null],[[],null],[[],{"allowTopLevelThis":true,"strict":false,"loose":true}],[[],null],[[],null],[[],null],[[],null],[[],null],[[],null],[[],null],[[],null],[[],null],[[],null],[[],null],[[],null],[[],{"loose":true}],[[],{"loose":true}],[[],null],[[],{"loose":true}],[[],null],[[],null],[[],null],[[],null],[[],null],[[],null],[[],{"loose":true}],[[],null],[[],null],[[],null],[[],null],[[],null],[[],null],[[],null]],"ignore":[],"code":true,"metadata":true,"ast":true,"comments":true,"compact":false,"minified":false,"sourceMap":true,"sourceMaps":true,"sourceMapTarget":"client/lib/semantic-ui/definitions/modules/dimmer.js.map","sourceFileName":"client/lib/semantic-ui/definitions/modules/dimmer.js","babelrc":false,"sourceType":"module","moduleIds":false,"passPerPreset":false,"parserOpts":false,"generatorOpts":false,"basename":"dimmer"},"ignored":false,"code":"var _typeof2 = require(\"babel-runtime/helpers/typeof\");\n\nvar _typeof3 = _interopRequireDefault(_typeof2);\n\nfunction _interopRequireDefault(obj) { return obj && obj.__esModule ? obj : { \"default\": obj }; }\n\n/*\n  DO NOT MODIFY - This file has been generated and will be regenerated\n  Semantic UI v2.2.1\n*/ /*!\n    * # Semantic UI - Dimmer\n    * http://github.com/semantic-org/semantic-ui/\n    *\n    *\n    * Released under the MIT license\n    * http://opensource.org/licenses/MIT\n    *\n    */;\n\n(function ($, window, document, undefined) {\n  \"use strict\";\n\n  window = typeof window != 'undefined' && window.Math == Math ? window : typeof self != 'undefined' && self.Math == Math ? self : Function('return this')();\n\n  $.fn.dimmer = function (parameters) {\n    var $allModules = $(this),\n        time = new Date().getTime(),\n        performance = [],\n        query = arguments[0],\n        methodInvoked = typeof query == 'string',\n        queryArguments = [].slice.call(arguments, 1),\n        returnedValue;\n    $allModules.each(function () {\n      var settings = $.isPlainObject(parameters) ? $.extend(true, {}, $.fn.dimmer.settings, parameters) : $.extend({}, $.fn.dimmer.settings),\n          selector = settings.selector,\n          namespace = settings.namespace,\n          className = settings.className,\n          error = settings.error,\n          eventNamespace = '.' + namespace,\n          moduleNamespace = 'module-' + namespace,\n          moduleSelector = $allModules.selector || '',\n          clickEvent = 'ontouchstart' in document.documentElement ? 'touchstart' : 'click',\n          $module = $(this),\n          $dimmer,\n          $dimmable,\n          element = this,\n          instance = $module.data(moduleNamespace),\n          module;\n      module = {\n        preinitialize: function () {\n          if (module.is.dimmer()) {\n            $dimmable = $module.parent();\n            $dimmer = $module;\n          } else {\n            $dimmable = $module;\n\n            if (module.has.dimmer()) {\n              if (settings.dimmerName) {\n                $dimmer = $dimmable.find(selector.dimmer).filter('.' + settings.dimmerName);\n              } else {\n                $dimmer = $dimmable.find(selector.dimmer);\n              }\n            } else {\n              $dimmer = module.create();\n            }\n          }\n        },\n        initialize: function () {\n          module.debug('Initializing dimmer', settings);\n          module.bind.events();\n          module.set.dimmable();\n          module.instantiate();\n        },\n        instantiate: function () {\n          module.verbose('Storing instance of module', module);\n          instance = module;\n          $module.data(moduleNamespace, instance);\n        },\n        destroy: function () {\n          module.verbose('Destroying previous module', $dimmer);\n          module.unbind.events();\n          module.remove.variation();\n          $dimmable.off(eventNamespace);\n        },\n        bind: {\n          events: function () {\n            if (settings.on == 'hover') {\n              $dimmable.on('mouseenter' + eventNamespace, module.show).on('mouseleave' + eventNamespace, module.hide);\n            } else if (settings.on == 'click') {\n              $dimmable.on(clickEvent + eventNamespace, module.toggle);\n            }\n\n            if (module.is.page()) {\n              module.debug('Setting as a page dimmer', $dimmable);\n              module.set.pageDimmer();\n            }\n\n            if (module.is.closable()) {\n              module.verbose('Adding dimmer close event', $dimmer);\n              $dimmable.on(clickEvent + eventNamespace, selector.dimmer, module.event.click);\n            }\n          }\n        },\n        unbind: {\n          events: function () {\n            $module.removeData(moduleNamespace);\n            $dimmable.off(eventNamespace);\n          }\n        },\n        event: {\n          click: function (event) {\n            module.verbose('Determining if event occured on dimmer', event);\n\n            if ($dimmer.find(event.target).length === 0 || $(event.target).is(selector.content)) {\n              module.hide();\n              event.stopImmediatePropagation();\n            }\n          }\n        },\n        addContent: function (element) {\n          var $content = $(element);\n          module.debug('Add content to dimmer', $content);\n\n          if ($content.parent()[0] !== $dimmer[0]) {\n            $content.detach().appendTo($dimmer);\n          }\n        },\n        create: function () {\n          var $element = $(settings.template.dimmer());\n\n          if (settings.variation) {\n            module.debug('Creating dimmer with variation', settings.variation);\n            $element.addClass(settings.variation);\n          }\n\n          if (settings.dimmerName) {\n            module.debug('Creating named dimmer', settings.dimmerName);\n            $element.addClass(settings.dimmerName);\n          }\n\n          $element.appendTo($dimmable);\n          return $element;\n        },\n        show: function (callback) {\n          callback = $.isFunction(callback) ? callback : function () {};\n          module.debug('Showing dimmer', $dimmer, settings);\n\n          if ((!module.is.dimmed() || module.is.animating()) && module.is.enabled()) {\n            module.animate.show(callback);\n            settings.onShow.call(element);\n            settings.onChange.call(element);\n          } else {\n            module.debug('Dimmer is already shown or disabled');\n          }\n        },\n        hide: function (callback) {\n          callback = $.isFunction(callback) ? callback : function () {};\n\n          if (module.is.dimmed() || module.is.animating()) {\n            module.debug('Hiding dimmer', $dimmer);\n            module.animate.hide(callback);\n            settings.onHide.call(element);\n            settings.onChange.call(element);\n          } else {\n            module.debug('Dimmer is not visible');\n          }\n        },\n        toggle: function () {\n          module.verbose('Toggling dimmer visibility', $dimmer);\n\n          if (!module.is.dimmed()) {\n            module.show();\n          } else {\n            module.hide();\n          }\n        },\n        animate: {\n          show: function (callback) {\n            callback = $.isFunction(callback) ? callback : function () {};\n\n            if (settings.useCSS && $.fn.transition !== undefined && $dimmer.transition('is supported')) {\n              if (settings.opacity !== 'auto') {\n                module.set.opacity();\n              }\n\n              $dimmer.transition({\n                animation: settings.transition + ' in',\n                queue: false,\n                duration: module.get.duration(),\n                useFailSafe: true,\n                onStart: function () {\n                  module.set.dimmed();\n                },\n                onComplete: function () {\n                  module.set.active();\n                  callback();\n                }\n              });\n            } else {\n              module.verbose('Showing dimmer animation with javascript');\n              module.set.dimmed();\n\n              if (settings.opacity == 'auto') {\n                settings.opacity = 0.8;\n              }\n\n              $dimmer.stop().css({\n                opacity: 0,\n                width: '100%',\n                height: '100%'\n              }).fadeTo(module.get.duration(), settings.opacity, function () {\n                $dimmer.removeAttr('style');\n                module.set.active();\n                callback();\n              });\n            }\n          },\n          hide: function (callback) {\n            callback = $.isFunction(callback) ? callback : function () {};\n\n            if (settings.useCSS && $.fn.transition !== undefined && $dimmer.transition('is supported')) {\n              module.verbose('Hiding dimmer with css');\n              $dimmer.transition({\n                animation: settings.transition + ' out',\n                queue: false,\n                duration: module.get.duration(),\n                useFailSafe: true,\n                onStart: function () {\n                  module.remove.dimmed();\n                },\n                onComplete: function () {\n                  module.remove.active();\n                  callback();\n                }\n              });\n            } else {\n              module.verbose('Hiding dimmer with javascript');\n              module.remove.dimmed();\n              $dimmer.stop().fadeOut(module.get.duration(), function () {\n                module.remove.active();\n                $dimmer.removeAttr('style');\n                callback();\n              });\n            }\n          }\n        },\n        get: {\n          dimmer: function () {\n            return $dimmer;\n          },\n          duration: function () {\n            if ((0, _typeof3.default)(settings.duration) == 'object') {\n              if (module.is.active()) {\n                return settings.duration.hide;\n              } else {\n                return settings.duration.show;\n              }\n            }\n\n            return settings.duration;\n          }\n        },\n        has: {\n          dimmer: function () {\n            if (settings.dimmerName) {\n              return $module.find(selector.dimmer).filter('.' + settings.dimmerName).length > 0;\n            } else {\n              return $module.find(selector.dimmer).length > 0;\n            }\n          }\n        },\n        is: {\n          active: function () {\n            return $dimmer.hasClass(className.active);\n          },\n          animating: function () {\n            return $dimmer.is(':animated') || $dimmer.hasClass(className.animating);\n          },\n          closable: function () {\n            if (settings.closable == 'auto') {\n              if (settings.on == 'hover') {\n                return false;\n              }\n\n              return true;\n            }\n\n            return settings.closable;\n          },\n          dimmer: function () {\n            return $module.hasClass(className.dimmer);\n          },\n          dimmable: function () {\n            return $module.hasClass(className.dimmable);\n          },\n          dimmed: function () {\n            return $dimmable.hasClass(className.dimmed);\n          },\n          disabled: function () {\n            return $dimmable.hasClass(className.disabled);\n          },\n          enabled: function () {\n            return !module.is.disabled();\n          },\n          page: function () {\n            return $dimmable.is('body');\n          },\n          pageDimmer: function () {\n            return $dimmer.hasClass(className.pageDimmer);\n          }\n        },\n        can: {\n          show: function () {\n            return !$dimmer.hasClass(className.disabled);\n          }\n        },\n        set: {\n          opacity: function (opacity) {\n            var color = $dimmer.css('background-color'),\n                colorArray = color.split(','),\n                isRGB = colorArray && colorArray.length == 3,\n                isRGBA = colorArray && colorArray.length == 4;\n            opacity = settings.opacity === 0 ? 0 : settings.opacity || opacity;\n\n            if (isRGB || isRGBA) {\n              colorArray[3] = opacity + ')';\n              color = colorArray.join(',');\n            } else {\n              color = 'rgba(0, 0, 0, ' + opacity + ')';\n            }\n\n            module.debug('Setting opacity to', opacity);\n            $dimmer.css('background-color', color);\n          },\n          active: function () {\n            $dimmer.addClass(className.active);\n          },\n          dimmable: function () {\n            $dimmable.addClass(className.dimmable);\n          },\n          dimmed: function () {\n            $dimmable.addClass(className.dimmed);\n          },\n          pageDimmer: function () {\n            $dimmer.addClass(className.pageDimmer);\n          },\n          disabled: function () {\n            $dimmer.addClass(className.disabled);\n          },\n          variation: function (variation) {\n            variation = variation || settings.variation;\n\n            if (variation) {\n              $dimmer.addClass(variation);\n            }\n          }\n        },\n        remove: {\n          active: function () {\n            $dimmer.removeClass(className.active);\n          },\n          dimmed: function () {\n            $dimmable.removeClass(className.dimmed);\n          },\n          disabled: function () {\n            $dimmer.removeClass(className.disabled);\n          },\n          variation: function (variation) {\n            variation = variation || settings.variation;\n\n            if (variation) {\n              $dimmer.removeClass(variation);\n            }\n          }\n        },\n        setting: function (name, value) {\n          module.debug('Changing setting', name, value);\n\n          if ($.isPlainObject(name)) {\n            $.extend(true, settings, name);\n          } else if (value !== undefined) {\n            if ($.isPlainObject(settings[name])) {\n              $.extend(true, settings[name], value);\n            } else {\n              settings[name] = value;\n            }\n          } else {\n            return settings[name];\n          }\n        },\n        internal: function (name, value) {\n          if ($.isPlainObject(name)) {\n            $.extend(true, module, name);\n          } else if (value !== undefined) {\n            module[name] = value;\n          } else {\n            return module[name];\n          }\n        },\n        debug: function () {\n          if (!settings.silent && settings.debug) {\n            if (settings.performance) {\n              module.performance.log(arguments);\n            } else {\n              module.debug = Function.prototype.bind.call(console.info, console, settings.name + ':');\n              module.debug.apply(console, arguments);\n            }\n          }\n        },\n        verbose: function () {\n          if (!settings.silent && settings.verbose && settings.debug) {\n            if (settings.performance) {\n              module.performance.log(arguments);\n            } else {\n              module.verbose = Function.prototype.bind.call(console.info, console, settings.name + ':');\n              module.verbose.apply(console, arguments);\n            }\n          }\n        },\n        error: function () {\n          if (!settings.silent) {\n            module.error = Function.prototype.bind.call(console.error, console, settings.name + ':');\n            module.error.apply(console, arguments);\n          }\n        },\n        performance: {\n          log: function (message) {\n            var currentTime, executionTime, previousTime;\n\n            if (settings.performance) {\n              currentTime = new Date().getTime();\n              previousTime = time || currentTime;\n              executionTime = currentTime - previousTime;\n              time = currentTime;\n              performance.push({\n                'Name': message[0],\n                'Arguments': [].slice.call(message, 1) || '',\n                'Element': element,\n                'Execution Time': executionTime\n              });\n            }\n\n            clearTimeout(module.performance.timer);\n            module.performance.timer = setTimeout(module.performance.display, 500);\n          },\n          display: function () {\n            var title = settings.name + ':',\n                totalTime = 0;\n            time = false;\n            clearTimeout(module.performance.timer);\n            $.each(performance, function (index, data) {\n              totalTime += data['Execution Time'];\n            });\n            title += ' ' + totalTime + 'ms';\n\n            if (moduleSelector) {\n              title += ' \\'' + moduleSelector + '\\'';\n            }\n\n            if ($allModules.length > 1) {\n              title += ' ' + '(' + $allModules.length + ')';\n            }\n\n            if ((console.group !== undefined || console.table !== undefined) && performance.length > 0) {\n              console.groupCollapsed(title);\n\n              if (console.table) {\n                console.table(performance);\n              } else {\n                $.each(performance, function (index, data) {\n                  console.log(data['Name'] + ': ' + data['Execution Time'] + 'ms');\n                });\n              }\n\n              console.groupEnd();\n            }\n\n            performance = [];\n          }\n        },\n        invoke: function (query, passedArguments, context) {\n          var object = instance,\n              maxDepth,\n              found,\n              response;\n          passedArguments = passedArguments || queryArguments;\n          context = element || context;\n\n          if (typeof query == 'string' && object !== undefined) {\n            query = query.split(/[\\. ]/);\n            maxDepth = query.length - 1;\n            $.each(query, function (depth, value) {\n              var camelCaseValue = depth != maxDepth ? value + query[depth + 1].charAt(0).toUpperCase() + query[depth + 1].slice(1) : query;\n\n              if ($.isPlainObject(object[camelCaseValue]) && depth != maxDepth) {\n                object = object[camelCaseValue];\n              } else if (object[camelCaseValue] !== undefined) {\n                found = object[camelCaseValue];\n                return false;\n              } else if ($.isPlainObject(object[value]) && depth != maxDepth) {\n                object = object[value];\n              } else if (object[value] !== undefined) {\n                found = object[value];\n                return false;\n              } else {\n                module.error(error.method, query);\n                return false;\n              }\n            });\n          }\n\n          if ($.isFunction(found)) {\n            response = found.apply(context, passedArguments);\n          } else if (found !== undefined) {\n            response = found;\n          }\n\n          if ($.isArray(returnedValue)) {\n            returnedValue.push(response);\n          } else if (returnedValue !== undefined) {\n            returnedValue = [returnedValue, response];\n          } else if (response !== undefined) {\n            returnedValue = response;\n          }\n\n          return found;\n        }\n      };\n      module.preinitialize();\n\n      if (methodInvoked) {\n        if (instance === undefined) {\n          module.initialize();\n        }\n\n        module.invoke(query);\n      } else {\n        if (instance !== undefined) {\n          instance.invoke('destroy');\n        }\n\n        module.initialize();\n      }\n    });\n    return returnedValue !== undefined ? returnedValue : this;\n  };\n\n  $.fn.dimmer.settings = {\n    name: 'Dimmer',\n    namespace: 'dimmer',\n    silent: false,\n    debug: false,\n    verbose: false,\n    performance: true,\n    // name to distinguish between multiple dimmers in context\n    dimmerName: false,\n    // whether to add a variation type\n    variation: false,\n    // whether to bind close events\n    closable: 'auto',\n    // whether to use css animations\n    useCSS: true,\n    // css animation to use\n    transition: 'fade',\n    // event to bind to\n    on: false,\n    // overriding opacity value\n    opacity: 'auto',\n    // transition durations\n    duration: {\n      show: 500,\n      hide: 500\n    },\n    onChange: function () {},\n    onShow: function () {},\n    onHide: function () {},\n    error: {\n      method: 'The method you called is not defined.'\n    },\n    className: {\n      active: 'active',\n      animating: 'animating',\n      dimmable: 'dimmable',\n      dimmed: 'dimmed',\n      dimmer: 'dimmer',\n      disabled: 'disabled',\n      hide: 'hide',\n      pageDimmer: 'page',\n      show: 'show'\n    },\n    selector: {\n      dimmer: '> .ui.dimmer',\n      content: '.ui.dimmer > .content, .ui.dimmer > .content > .center'\n    },\n    template: {\n      dimmer: function () {\n        return $('<div />').attr('class', 'ui dimmer');\n      }\n    }\n  };\n})(jQuery, window, document);","map":{"version":3,"sources":["client/lib/semantic-ui/definitions/modules/dimmer.js"],"names":["$","window","document","undefined","Math","self","Function","fn","dimmer","parameters","$allModules","time","Date","getTime","performance","query","arguments","methodInvoked","queryArguments","slice","call","returnedValue","each","settings","isPlainObject","extend","selector","namespace","className","error","eventNamespace","moduleNamespace","moduleSelector","clickEvent","documentElement","$module","$dimmer","$dimmable","element","instance","data","module","preinitialize","is","parent","has","dimmerName","find","filter","create","initialize","debug","bind","events","set","dimmable","instantiate","verbose","destroy","unbind","remove","variation","off","on","show","hide","toggle","page","pageDimmer","closable","event","click","removeData","target","length","content","stopImmediatePropagation","addContent","$content","detach","appendTo","$element","template","addClass","callback","isFunction","dimmed","animating","enabled","animate","onShow","onChange","onHide","useCSS","transition","opacity","animation","queue","duration","get","useFailSafe","onStart","onComplete","active","stop","css","width","height","fadeTo","removeAttr","fadeOut","hasClass","disabled","can","color","colorArray","split","isRGB","isRGBA","join","removeClass","setting","name","value","internal","silent","log","prototype","console","info","apply","message","currentTime","executionTime","previousTime","push","clearTimeout","timer","setTimeout","display","title","totalTime","index","group","table","groupCollapsed","groupEnd","invoke","passedArguments","context","object","maxDepth","found","response","depth","camelCaseValue","charAt","toUpperCase","method","isArray","attr","jQuery"],"mappings":";;;;;;AAAA;;;GAIA;;;;;;;;MAUA;;AAAC,CAAC,UAAUA,CAAV,EAAaC,MAAb,EAAqBC,QAArB,EAA+BC,SAA/B,EAA0C;AAE5C;;AAEAF,WAAU,OAAOA,MAAP,IAAiB,WAAjB,IAAgCA,OAAOG,IAAP,IAAeA,IAAhD,GACLH,MADK,GAEJ,OAAOI,IAAP,IAAe,WAAf,IAA8BA,KAAKD,IAAL,IAAaA,IAA5C,GACEC,IADF,GAEEC,SAAS,aAAT,GAJN;;AAOAN,IAAEO,EAAF,CAAKC,MAAL,GAAc,UAASC,UAAT,EAAqB;AACjC,QACEC,cAAkBV,EAAE,IAAF,CADpB;AAAA,QAGEW,OAAkB,IAAIC,IAAJ,GAAWC,OAAX,EAHpB;AAAA,QAIEC,cAAkB,EAJpB;AAAA,QAMEC,QAAkBC,UAAU,CAAV,CANpB;AAAA,QAOEC,gBAAmB,OAAOF,KAAP,IAAgB,QAPrC;AAAA,QAQEG,iBAAkB,GAAGC,KAAH,CAASC,IAAT,CAAcJ,SAAd,EAAyB,CAAzB,CARpB;AAAA,QAUEK,aAVF;AAaAX,gBACGY,IADH,CACQ,YAAW;AACf,UACEC,WAAoBvB,EAAEwB,aAAF,CAAgBf,UAAhB,CAAF,GACdT,EAAEyB,MAAF,CAAS,IAAT,EAAe,EAAf,EAAmBzB,EAAEO,EAAF,CAAKC,MAAL,CAAYe,QAA/B,EAAyCd,UAAzC,CADc,GAEdT,EAAEyB,MAAF,CAAS,EAAT,EAAazB,EAAEO,EAAF,CAAKC,MAAL,CAAYe,QAAzB,CAHN;AAAA,UAKEG,WAAkBH,SAASG,QAL7B;AAAA,UAMEC,YAAkBJ,SAASI,SAN7B;AAAA,UAOEC,YAAkBL,SAASK,SAP7B;AAAA,UAQEC,QAAkBN,SAASM,KAR7B;AAAA,UAUEC,iBAAkB,MAAMH,SAV1B;AAAA,UAWEI,kBAAkB,YAAYJ,SAXhC;AAAA,UAYEK,iBAAkBtB,YAAYgB,QAAZ,IAAwB,EAZ5C;AAAA,UAcEO,aAAmB,kBAAkB/B,SAASgC,eAA5B,GACd,YADc,GAEd,OAhBN;AAAA,UAkBEC,UAAUnC,EAAE,IAAF,CAlBZ;AAAA,UAmBEoC,OAnBF;AAAA,UAoBEC,SApBF;AAAA,UAsBEC,UAAY,IAtBd;AAAA,UAuBEC,WAAYJ,QAAQK,IAAR,CAAaT,eAAb,CAvBd;AAAA,UAwBEU,MAxBF;AA2BAA,eAAS;AAEPC,uBAAe,YAAW;AACxB,cAAID,OAAOE,EAAP,CAAUnC,MAAV,EAAJ,EAAyB;AAEvB6B,wBAAYF,QAAQS,MAAR,EAAZ;AACAR,sBAAYD,OAAZ;AACD,WAJD,MAKK;AACHE,wBAAYF,OAAZ;;AACA,gBAAIM,OAAOI,GAAP,CAAWrC,MAAX,EAAJ,EAA0B;AACxB,kBAAGe,SAASuB,UAAZ,EAAwB;AACtBV,0BAAUC,UAAUU,IAAV,CAAerB,SAASlB,MAAxB,EAAgCwC,MAAhC,CAAuC,MAAMzB,SAASuB,UAAtD,CAAV;AACD,eAFD,MAGK;AACHV,0BAAUC,UAAUU,IAAV,CAAerB,SAASlB,MAAxB,CAAV;AACD;AACF,aAPD,MAQK;AACH4B,wBAAUK,OAAOQ,MAAP,EAAV;AACD;AACF;AACF,SAtBM;AAwBPC,oBAAY,YAAW;AACrBT,iBAAOU,KAAP,CAAa,qBAAb,EAAoC5B,QAApC;AAEAkB,iBAAOW,IAAP,CAAYC,MAAZ;AACAZ,iBAAOa,GAAP,CAAWC,QAAX;AACAd,iBAAOe,WAAP;AACD,SA9BM;AAgCPA,qBAAa,YAAW;AACtBf,iBAAOgB,OAAP,CAAe,4BAAf,EAA6ChB,MAA7C;AACAF,qBAAWE,MAAX;AACAN,kBACGK,IADH,CACQT,eADR,EACyBQ,QADzB;AAGD,SAtCM;AAwCPmB,iBAAS,YAAW;AAClBjB,iBAAOgB,OAAP,CAAe,4BAAf,EAA6CrB,OAA7C;AACAK,iBAAOkB,MAAP,CAAcN,MAAd;AACAZ,iBAAOmB,MAAP,CAAcC,SAAd;AACAxB,oBACGyB,GADH,CACOhC,cADP;AAGD,SA/CM;AAiDPsB,cAAM;AACJC,kBAAQ,YAAW;AACjB,gBAAG9B,SAASwC,EAAT,IAAe,OAAlB,EAA2B;AACzB1B,wBACG0B,EADH,CACM,eAAejC,cADrB,EACqCW,OAAOuB,IAD5C,EAEGD,EAFH,CAEM,eAAejC,cAFrB,EAEqCW,OAAOwB,IAF5C;AAID,aALD,MAMK,IAAG1C,SAASwC,EAAT,IAAe,OAAlB,EAA2B;AAC9B1B,wBACG0B,EADH,CACM9B,aAAaH,cADnB,EACmCW,OAAOyB,MAD1C;AAGD;;AACD,gBAAIzB,OAAOE,EAAP,CAAUwB,IAAV,EAAJ,EAAuB;AACrB1B,qBAAOU,KAAP,CAAa,0BAAb,EAAyCd,SAAzC;AACAI,qBAAOa,GAAP,CAAWc,UAAX;AACD;;AAED,gBAAI3B,OAAOE,EAAP,CAAU0B,QAAV,EAAJ,EAA2B;AACzB5B,qBAAOgB,OAAP,CAAe,2BAAf,EAA4CrB,OAA5C;AACAC,wBACG0B,EADH,CACM9B,aAAaH,cADnB,EACmCJ,SAASlB,MAD5C,EACoDiC,OAAO6B,KAAP,CAAaC,KADjE;AAGD;AACF;AAxBG,SAjDC;AA4EPZ,gBAAQ;AACNN,kBAAQ,YAAW;AACjBlB,oBACGqC,UADH,CACczC,eADd;AAGAM,sBACGyB,GADH,CACOhC,cADP;AAGD;AARK,SA5ED;AAuFPwC,eAAO;AACLC,iBAAO,UAASD,KAAT,EAAgB;AACrB7B,mBAAOgB,OAAP,CAAe,wCAAf,EAAyDa,KAAzD;;AACA,gBAAIlC,QAAQW,IAAR,CAAauB,MAAMG,MAAnB,EAA2BC,MAA3B,KAAsC,CAAtC,IAA2C1E,EAAEsE,MAAMG,MAAR,EAAgB9B,EAAhB,CAAmBjB,SAASiD,OAA5B,CAA/C,EAAsF;AACpFlC,qBAAOwB,IAAP;AACAK,oBAAMM,wBAAN;AACD;AACF;AAPI,SAvFA;AAiGPC,oBAAY,UAASvC,OAAT,EAAkB;AAC5B,cACEwC,WAAW9E,EAAEsC,OAAF,CADb;AAGAG,iBAAOU,KAAP,CAAa,uBAAb,EAAsC2B,QAAtC;;AACA,cAAGA,SAASlC,MAAT,GAAkB,CAAlB,MAAyBR,QAAQ,CAAR,CAA5B,EAAwC;AACtC0C,qBAASC,MAAT,GAAkBC,QAAlB,CAA2B5C,OAA3B;AACD;AACF,SAzGM;AA2GPa,gBAAQ,YAAW;AACjB,cACEgC,WAAWjF,EAAGuB,SAAS2D,QAAT,CAAkB1E,MAAlB,EAAH,CADb;;AAGA,cAAGe,SAASsC,SAAZ,EAAuB;AACrBpB,mBAAOU,KAAP,CAAa,gCAAb,EAA+C5B,SAASsC,SAAxD;AACAoB,qBAASE,QAAT,CAAkB5D,SAASsC,SAA3B;AACD;;AACD,cAAGtC,SAASuB,UAAZ,EAAwB;AACtBL,mBAAOU,KAAP,CAAa,uBAAb,EAAsC5B,SAASuB,UAA/C;AACAmC,qBAASE,QAAT,CAAkB5D,SAASuB,UAA3B;AACD;;AACDmC,mBACGD,QADH,CACY3C,SADZ;AAGA,iBAAO4C,QAAP;AACD,SA3HM;AA6HPjB,cAAM,UAASoB,QAAT,EAAmB;AACvBA,qBAAWpF,EAAEqF,UAAF,CAAaD,QAAb,IACPA,QADO,GAEP,YAAU,CAAE,CAFhB;AAIA3C,iBAAOU,KAAP,CAAa,gBAAb,EAA+Bf,OAA/B,EAAwCb,QAAxC;;AACA,cAAI,CAAC,CAACkB,OAAOE,EAAP,CAAU2C,MAAV,EAAD,IAAuB7C,OAAOE,EAAP,CAAU4C,SAAV,EAAxB,KAAkD9C,OAAOE,EAAP,CAAU6C,OAAV,EAAtD,EAA4E;AAC1E/C,mBAAOgD,OAAP,CAAezB,IAAf,CAAoBoB,QAApB;AACA7D,qBAASmE,MAAT,CAAgBtE,IAAhB,CAAqBkB,OAArB;AACAf,qBAASoE,QAAT,CAAkBvE,IAAlB,CAAuBkB,OAAvB;AACD,WAJD,MAKK;AACHG,mBAAOU,KAAP,CAAa,qCAAb;AACD;AACF,SA3IM;AA6IPc,cAAM,UAASmB,QAAT,EAAmB;AACvBA,qBAAWpF,EAAEqF,UAAF,CAAaD,QAAb,IACPA,QADO,GAEP,YAAU,CAAE,CAFhB;;AAIA,cAAI3C,OAAOE,EAAP,CAAU2C,MAAV,MAAsB7C,OAAOE,EAAP,CAAU4C,SAAV,EAA1B,EAAkD;AAChD9C,mBAAOU,KAAP,CAAa,eAAb,EAA8Bf,OAA9B;AACAK,mBAAOgD,OAAP,CAAexB,IAAf,CAAoBmB,QAApB;AACA7D,qBAASqE,MAAT,CAAgBxE,IAAhB,CAAqBkB,OAArB;AACAf,qBAASoE,QAAT,CAAkBvE,IAAlB,CAAuBkB,OAAvB;AACD,WALD,MAMK;AACHG,mBAAOU,KAAP,CAAa,uBAAb;AACD;AACF,SA3JM;AA6JPe,gBAAQ,YAAW;AACjBzB,iBAAOgB,OAAP,CAAe,4BAAf,EAA6CrB,OAA7C;;AACA,cAAI,CAACK,OAAOE,EAAP,CAAU2C,MAAV,EAAL,EAA0B;AACxB7C,mBAAOuB,IAAP;AACD,WAFD,MAGK;AACHvB,mBAAOwB,IAAP;AACD;AACF,SArKM;AAuKPwB,iBAAS;AACPzB,gBAAM,UAASoB,QAAT,EAAmB;AACvBA,uBAAWpF,EAAEqF,UAAF,CAAaD,QAAb,IACPA,QADO,GAEP,YAAU,CAAE,CAFhB;;AAIA,gBAAG7D,SAASsE,MAAT,IAAmB7F,EAAEO,EAAF,CAAKuF,UAAL,KAAoB3F,SAAvC,IAAoDiC,QAAQ0D,UAAR,CAAmB,cAAnB,CAAvD,EAA2F;AACzF,kBAAGvE,SAASwE,OAAT,KAAqB,MAAxB,EAAgC;AAC9BtD,uBAAOa,GAAP,CAAWyC,OAAX;AACD;;AACD3D,sBACG0D,UADH,CACc;AACVE,2BAAczE,SAASuE,UAAT,GAAsB,KAD1B;AAEVG,uBAAc,KAFJ;AAGVC,0BAAczD,OAAO0D,GAAP,CAAWD,QAAX,EAHJ;AAIVE,6BAAc,IAJJ;AAKVC,yBAAc,YAAW;AACvB5D,yBAAOa,GAAP,CAAWgC,MAAX;AACD,iBAPS;AAQVgB,4BAAc,YAAW;AACvB7D,yBAAOa,GAAP,CAAWiD,MAAX;AACAnB;AACD;AAXS,eADd;AAeD,aAnBD,MAoBK;AACH3C,qBAAOgB,OAAP,CAAe,0CAAf;AACAhB,qBAAOa,GAAP,CAAWgC,MAAX;;AACA,kBAAG/D,SAASwE,OAAT,IAAoB,MAAvB,EAA+B;AAC7BxE,yBAASwE,OAAT,GAAmB,GAAnB;AACD;;AACD3D,sBACGoE,IADH,GAEGC,GAFH,CAEO;AACHV,yBAAU,CADP;AAEHW,uBAAU,MAFP;AAGHC,wBAAU;AAHP,eAFP,EAOGC,MAPH,CAOUnE,OAAO0D,GAAP,CAAWD,QAAX,EAPV,EAOiC3E,SAASwE,OAP1C,EAOmD,YAAW;AAC1D3D,wBAAQyE,UAAR,CAAmB,OAAnB;AACApE,uBAAOa,GAAP,CAAWiD,MAAX;AACAnB;AACD,eAXH;AAaD;AACF,WA9CM;AA+CPnB,gBAAM,UAASmB,QAAT,EAAmB;AACvBA,uBAAWpF,EAAEqF,UAAF,CAAaD,QAAb,IACPA,QADO,GAEP,YAAU,CAAE,CAFhB;;AAIA,gBAAG7D,SAASsE,MAAT,IAAmB7F,EAAEO,EAAF,CAAKuF,UAAL,KAAoB3F,SAAvC,IAAoDiC,QAAQ0D,UAAR,CAAmB,cAAnB,CAAvD,EAA2F;AACzFrD,qBAAOgB,OAAP,CAAe,wBAAf;AACArB,sBACG0D,UADH,CACc;AACVE,2BAAczE,SAASuE,UAAT,GAAsB,MAD1B;AAEVG,uBAAc,KAFJ;AAGVC,0BAAczD,OAAO0D,GAAP,CAAWD,QAAX,EAHJ;AAIVE,6BAAc,IAJJ;AAKVC,yBAAc,YAAW;AACvB5D,yBAAOmB,MAAP,CAAc0B,MAAd;AACD,iBAPS;AAQVgB,4BAAc,YAAW;AACvB7D,yBAAOmB,MAAP,CAAc2C,MAAd;AACAnB;AACD;AAXS,eADd;AAeD,aAjBD,MAkBK;AACH3C,qBAAOgB,OAAP,CAAe,+BAAf;AACAhB,qBAAOmB,MAAP,CAAc0B,MAAd;AACAlD,sBACGoE,IADH,GAEGM,OAFH,CAEWrE,OAAO0D,GAAP,CAAWD,QAAX,EAFX,EAEkC,YAAW;AACzCzD,uBAAOmB,MAAP,CAAc2C,MAAd;AACAnE,wBAAQyE,UAAR,CAAmB,OAAnB;AACAzB;AACD,eANH;AAQD;AACF;AAlFM,SAvKF;AA4PPe,aAAK;AACH3F,kBAAQ,YAAW;AACjB,mBAAO4B,OAAP;AACD,WAHE;AAIH8D,oBAAU,YAAW;AACnB,gBAAG,sBAAO3E,SAAS2E,QAAhB,KAA4B,QAA/B,EAAyC;AACvC,kBAAIzD,OAAOE,EAAP,CAAU4D,MAAV,EAAJ,EAAyB;AACvB,uBAAOhF,SAAS2E,QAAT,CAAkBjC,IAAzB;AACD,eAFD,MAGK;AACH,uBAAO1C,SAAS2E,QAAT,CAAkBlC,IAAzB;AACD;AACF;;AACD,mBAAOzC,SAAS2E,QAAhB;AACD;AAdE,SA5PE;AA6QPrD,aAAK;AACHrC,kBAAQ,YAAW;AACjB,gBAAGe,SAASuB,UAAZ,EAAwB;AACtB,qBAAQX,QAAQY,IAAR,CAAarB,SAASlB,MAAtB,EAA8BwC,MAA9B,CAAqC,MAAMzB,SAASuB,UAApD,EAAgE4B,MAAhE,GAAyE,CAAjF;AACD,aAFD,MAGK;AACH,qBAASvC,QAAQY,IAAR,CAAarB,SAASlB,MAAtB,EAA8BkE,MAA9B,GAAuC,CAAhD;AACD;AACF;AARE,SA7QE;AAwRP/B,YAAI;AACF4D,kBAAQ,YAAW;AACjB,mBAAOnE,QAAQ2E,QAAR,CAAiBnF,UAAU2E,MAA3B,CAAP;AACD,WAHC;AAIFhB,qBAAW,YAAW;AACpB,mBAASnD,QAAQO,EAAR,CAAW,WAAX,KAA2BP,QAAQ2E,QAAR,CAAiBnF,UAAU2D,SAA3B,CAApC;AACD,WANC;AAOFlB,oBAAU,YAAW;AACnB,gBAAG9C,SAAS8C,QAAT,IAAqB,MAAxB,EAAgC;AAC9B,kBAAG9C,SAASwC,EAAT,IAAe,OAAlB,EAA2B;AACzB,uBAAO,KAAP;AACD;;AACD,qBAAO,IAAP;AACD;;AACD,mBAAOxC,SAAS8C,QAAhB;AACD,WAfC;AAgBF7D,kBAAQ,YAAW;AACjB,mBAAO2B,QAAQ4E,QAAR,CAAiBnF,UAAUpB,MAA3B,CAAP;AACD,WAlBC;AAmBF+C,oBAAU,YAAW;AACnB,mBAAOpB,QAAQ4E,QAAR,CAAiBnF,UAAU2B,QAA3B,CAAP;AACD,WArBC;AAsBF+B,kBAAQ,YAAW;AACjB,mBAAOjD,UAAU0E,QAAV,CAAmBnF,UAAU0D,MAA7B,CAAP;AACD,WAxBC;AAyBF0B,oBAAU,YAAW;AACnB,mBAAO3E,UAAU0E,QAAV,CAAmBnF,UAAUoF,QAA7B,CAAP;AACD,WA3BC;AA4BFxB,mBAAS,YAAW;AAClB,mBAAO,CAAC/C,OAAOE,EAAP,CAAUqE,QAAV,EAAR;AACD,WA9BC;AA+BF7C,gBAAM,YAAY;AAChB,mBAAO9B,UAAUM,EAAV,CAAa,MAAb,CAAP;AACD,WAjCC;AAkCFyB,sBAAY,YAAW;AACrB,mBAAOhC,QAAQ2E,QAAR,CAAiBnF,UAAUwC,UAA3B,CAAP;AACD;AApCC,SAxRG;AA+TP6C,aAAK;AACHjD,gBAAM,YAAW;AACf,mBAAO,CAAC5B,QAAQ2E,QAAR,CAAiBnF,UAAUoF,QAA3B,CAAR;AACD;AAHE,SA/TE;AAqUP1D,aAAK;AACHyC,mBAAS,UAASA,OAAT,EAAkB;AACzB,gBACEmB,QAAa9E,QAAQqE,GAAR,CAAY,kBAAZ,CADf;AAAA,gBAEEU,aAAaD,MAAME,KAAN,CAAY,GAAZ,CAFf;AAAA,gBAGEC,QAAcF,cAAcA,WAAWzC,MAAX,IAAqB,CAHnD;AAAA,gBAIE4C,SAAcH,cAAcA,WAAWzC,MAAX,IAAqB,CAJnD;AAMAqB,sBAAaxE,SAASwE,OAAT,KAAqB,CAArB,GAAyB,CAAzB,GAA6BxE,SAASwE,OAAT,IAAoBA,OAA9D;;AACA,gBAAGsB,SAASC,MAAZ,EAAoB;AAClBH,yBAAW,CAAX,IAAgBpB,UAAU,GAA1B;AACAmB,sBAAgBC,WAAWI,IAAX,CAAgB,GAAhB,CAAhB;AACD,aAHD,MAIK;AACHL,sBAAQ,mBAAmBnB,OAAnB,GAA6B,GAArC;AACD;;AACDtD,mBAAOU,KAAP,CAAa,oBAAb,EAAmC4C,OAAnC;AACA3D,oBAAQqE,GAAR,CAAY,kBAAZ,EAAgCS,KAAhC;AACD,WAlBE;AAmBHX,kBAAQ,YAAW;AACjBnE,oBAAQ+C,QAAR,CAAiBvD,UAAU2E,MAA3B;AACD,WArBE;AAsBHhD,oBAAU,YAAW;AACnBlB,sBAAU8C,QAAV,CAAmBvD,UAAU2B,QAA7B;AACD,WAxBE;AAyBH+B,kBAAQ,YAAW;AACjBjD,sBAAU8C,QAAV,CAAmBvD,UAAU0D,MAA7B;AACD,WA3BE;AA4BHlB,sBAAY,YAAW;AACrBhC,oBAAQ+C,QAAR,CAAiBvD,UAAUwC,UAA3B;AACD,WA9BE;AA+BH4C,oBAAU,YAAW;AACnB5E,oBAAQ+C,QAAR,CAAiBvD,UAAUoF,QAA3B;AACD,WAjCE;AAkCHnD,qBAAW,UAASA,SAAT,EAAoB;AAC7BA,wBAAYA,aAAatC,SAASsC,SAAlC;;AACA,gBAAGA,SAAH,EAAc;AACZzB,sBAAQ+C,QAAR,CAAiBtB,SAAjB;AACD;AACF;AAvCE,SArUE;AA+WPD,gBAAQ;AACN2C,kBAAQ,YAAW;AACjBnE,oBACGoF,WADH,CACe5F,UAAU2E,MADzB;AAGD,WALK;AAMNjB,kBAAQ,YAAW;AACjBjD,sBAAUmF,WAAV,CAAsB5F,UAAU0D,MAAhC;AACD,WARK;AASN0B,oBAAU,YAAW;AACnB5E,oBAAQoF,WAAR,CAAoB5F,UAAUoF,QAA9B;AACD,WAXK;AAYNnD,qBAAW,UAASA,SAAT,EAAoB;AAC7BA,wBAAYA,aAAatC,SAASsC,SAAlC;;AACA,gBAAGA,SAAH,EAAc;AACZzB,sBAAQoF,WAAR,CAAoB3D,SAApB;AACD;AACF;AAjBK,SA/WD;AAmYP4D,iBAAS,UAASC,IAAT,EAAeC,KAAf,EAAsB;AAC7BlF,iBAAOU,KAAP,CAAa,kBAAb,EAAiCuE,IAAjC,EAAuCC,KAAvC;;AACA,cAAI3H,EAAEwB,aAAF,CAAgBkG,IAAhB,CAAJ,EAA4B;AAC1B1H,cAAEyB,MAAF,CAAS,IAAT,EAAeF,QAAf,EAAyBmG,IAAzB;AACD,WAFD,MAGK,IAAGC,UAAUxH,SAAb,EAAwB;AAC3B,gBAAGH,EAAEwB,aAAF,CAAgBD,SAASmG,IAAT,CAAhB,CAAH,EAAoC;AAClC1H,gBAAEyB,MAAF,CAAS,IAAT,EAAeF,SAASmG,IAAT,CAAf,EAA+BC,KAA/B;AACD,aAFD,MAGK;AACHpG,uBAASmG,IAAT,IAAiBC,KAAjB;AACD;AACF,WAPI,MAQA;AACH,mBAAOpG,SAASmG,IAAT,CAAP;AACD;AACF,SAnZM;AAoZPE,kBAAU,UAASF,IAAT,EAAeC,KAAf,EAAsB;AAC9B,cAAI3H,EAAEwB,aAAF,CAAgBkG,IAAhB,CAAJ,EAA4B;AAC1B1H,cAAEyB,MAAF,CAAS,IAAT,EAAegB,MAAf,EAAuBiF,IAAvB;AACD,WAFD,MAGK,IAAGC,UAAUxH,SAAb,EAAwB;AAC3BsC,mBAAOiF,IAAP,IAAeC,KAAf;AACD,WAFI,MAGA;AACH,mBAAOlF,OAAOiF,IAAP,CAAP;AACD;AACF,SA9ZM;AA+ZPvE,eAAO,YAAW;AAChB,cAAG,CAAC5B,SAASsG,MAAV,IAAoBtG,SAAS4B,KAAhC,EAAuC;AACrC,gBAAG5B,SAAST,WAAZ,EAAyB;AACvB2B,qBAAO3B,WAAP,CAAmBgH,GAAnB,CAAuB9G,SAAvB;AACD,aAFD,MAGK;AACHyB,qBAAOU,KAAP,GAAe7C,SAASyH,SAAT,CAAmB3E,IAAnB,CAAwBhC,IAAxB,CAA6B4G,QAAQC,IAArC,EAA2CD,OAA3C,EAAoDzG,SAASmG,IAAT,GAAgB,GAApE,CAAf;AACAjF,qBAAOU,KAAP,CAAa+E,KAAb,CAAmBF,OAAnB,EAA4BhH,SAA5B;AACD;AACF;AACF,SAzaM;AA0aPyC,iBAAS,YAAW;AAClB,cAAG,CAAClC,SAASsG,MAAV,IAAoBtG,SAASkC,OAA7B,IAAwClC,SAAS4B,KAApD,EAA2D;AACzD,gBAAG5B,SAAST,WAAZ,EAAyB;AACvB2B,qBAAO3B,WAAP,CAAmBgH,GAAnB,CAAuB9G,SAAvB;AACD,aAFD,MAGK;AACHyB,qBAAOgB,OAAP,GAAiBnD,SAASyH,SAAT,CAAmB3E,IAAnB,CAAwBhC,IAAxB,CAA6B4G,QAAQC,IAArC,EAA2CD,OAA3C,EAAoDzG,SAASmG,IAAT,GAAgB,GAApE,CAAjB;AACAjF,qBAAOgB,OAAP,CAAeyE,KAAf,CAAqBF,OAArB,EAA8BhH,SAA9B;AACD;AACF;AACF,SApbM;AAqbPa,eAAO,YAAW;AAChB,cAAG,CAACN,SAASsG,MAAb,EAAqB;AACnBpF,mBAAOZ,KAAP,GAAevB,SAASyH,SAAT,CAAmB3E,IAAnB,CAAwBhC,IAAxB,CAA6B4G,QAAQnG,KAArC,EAA4CmG,OAA5C,EAAqDzG,SAASmG,IAAT,GAAgB,GAArE,CAAf;AACAjF,mBAAOZ,KAAP,CAAaqG,KAAb,CAAmBF,OAAnB,EAA4BhH,SAA5B;AACD;AACF,SA1bM;AA2bPF,qBAAa;AACXgH,eAAK,UAASK,OAAT,EAAkB;AACrB,gBACEC,WADF,EAEEC,aAFF,EAGEC,YAHF;;AAKA,gBAAG/G,SAAST,WAAZ,EAAyB;AACvBsH,4BAAgB,IAAIxH,IAAJ,GAAWC,OAAX,EAAhB;AACAyH,6BAAgB3H,QAAQyH,WAAxB;AACAC,8BAAgBD,cAAcE,YAA9B;AACA3H,qBAAgByH,WAAhB;AACAtH,0BAAYyH,IAAZ,CAAiB;AACf,wBAAmBJ,QAAQ,CAAR,CADJ;AAEf,6BAAmB,GAAGhH,KAAH,CAASC,IAAT,CAAc+G,OAAd,EAAuB,CAAvB,KAA6B,EAFjC;AAGf,2BAAmB7F,OAHJ;AAIf,kCAAmB+F;AAJJ,eAAjB;AAMD;;AACDG,yBAAa/F,OAAO3B,WAAP,CAAmB2H,KAAhC;AACAhG,mBAAO3B,WAAP,CAAmB2H,KAAnB,GAA2BC,WAAWjG,OAAO3B,WAAP,CAAmB6H,OAA9B,EAAuC,GAAvC,CAA3B;AACD,WArBU;AAsBXA,mBAAS,YAAW;AAClB,gBACEC,QAAQrH,SAASmG,IAAT,GAAgB,GAD1B;AAAA,gBAEEmB,YAAY,CAFd;AAIAlI,mBAAO,KAAP;AACA6H,yBAAa/F,OAAO3B,WAAP,CAAmB2H,KAAhC;AACAzI,cAAEsB,IAAF,CAAOR,WAAP,EAAoB,UAASgI,KAAT,EAAgBtG,IAAhB,EAAsB;AACxCqG,2BAAarG,KAAK,gBAAL,CAAb;AACD,aAFD;AAGAoG,qBAAS,MAAMC,SAAN,GAAkB,IAA3B;;AACA,gBAAG7G,cAAH,EAAmB;AACjB4G,uBAAS,QAAQ5G,cAAR,GAAyB,IAAlC;AACD;;AACD,gBAAGtB,YAAYgE,MAAZ,GAAqB,CAAxB,EAA2B;AACzBkE,uBAAS,MAAM,GAAN,GAAYlI,YAAYgE,MAAxB,GAAiC,GAA1C;AACD;;AACD,gBAAI,CAACsD,QAAQe,KAAR,KAAkB5I,SAAlB,IAA+B6H,QAAQgB,KAAR,KAAkB7I,SAAlD,KAAgEW,YAAY4D,MAAZ,GAAqB,CAAzF,EAA4F;AAC1FsD,sBAAQiB,cAAR,CAAuBL,KAAvB;;AACA,kBAAGZ,QAAQgB,KAAX,EAAkB;AAChBhB,wBAAQgB,KAAR,CAAclI,WAAd;AACD,eAFD,MAGK;AACHd,kBAAEsB,IAAF,CAAOR,WAAP,EAAoB,UAASgI,KAAT,EAAgBtG,IAAhB,EAAsB;AACxCwF,0BAAQF,GAAR,CAAYtF,KAAK,MAAL,IAAe,IAAf,GAAsBA,KAAK,gBAAL,CAAtB,GAA6C,IAAzD;AACD,iBAFD;AAGD;;AACDwF,sBAAQkB,QAAR;AACD;;AACDpI,0BAAc,EAAd;AACD;AApDU,SA3bN;AAifPqI,gBAAQ,UAASpI,KAAT,EAAgBqI,eAAhB,EAAiCC,OAAjC,EAA0C;AAChD,cACEC,SAAS/G,QADX;AAAA,cAEEgH,QAFF;AAAA,cAGEC,KAHF;AAAA,cAIEC,QAJF;AAMAL,4BAAkBA,mBAAmBlI,cAArC;AACAmI,oBAAkB/G,WAAmB+G,OAArC;;AACA,cAAG,OAAOtI,KAAP,IAAgB,QAAhB,IAA4BuI,WAAWnJ,SAA1C,EAAqD;AACnDY,oBAAWA,MAAMqG,KAAN,CAAY,OAAZ,CAAX;AACAmC,uBAAWxI,MAAM2D,MAAN,GAAe,CAA1B;AACA1E,cAAEsB,IAAF,CAAOP,KAAP,EAAc,UAAS2I,KAAT,EAAgB/B,KAAhB,EAAuB;AACnC,kBAAIgC,iBAAkBD,SAASH,QAAV,GACjB5B,QAAQ5G,MAAM2I,QAAQ,CAAd,EAAiBE,MAAjB,CAAwB,CAAxB,EAA2BC,WAA3B,EAAR,GAAmD9I,MAAM2I,QAAQ,CAAd,EAAiBvI,KAAjB,CAAuB,CAAvB,CADlC,GAEjBJ,KAFJ;;AAIA,kBAAIf,EAAEwB,aAAF,CAAiB8H,OAAOK,cAAP,CAAjB,KAA8CD,SAASH,QAA3D,EAAuE;AACrED,yBAASA,OAAOK,cAAP,CAAT;AACD,eAFD,MAGK,IAAIL,OAAOK,cAAP,MAA2BxJ,SAA/B,EAA2C;AAC9CqJ,wBAAQF,OAAOK,cAAP,CAAR;AACA,uBAAO,KAAP;AACD,eAHI,MAIA,IAAI3J,EAAEwB,aAAF,CAAiB8H,OAAO3B,KAAP,CAAjB,KAAqC+B,SAASH,QAAlD,EAA8D;AACjED,yBAASA,OAAO3B,KAAP,CAAT;AACD,eAFI,MAGA,IAAI2B,OAAO3B,KAAP,MAAkBxH,SAAtB,EAAkC;AACrCqJ,wBAAQF,OAAO3B,KAAP,CAAR;AACA,uBAAO,KAAP;AACD,eAHI,MAIA;AACHlF,uBAAOZ,KAAP,CAAaA,MAAMiI,MAAnB,EAA2B/I,KAA3B;AACA,uBAAO,KAAP;AACD;AACF,aAvBD;AAwBD;;AACD,cAAKf,EAAEqF,UAAF,CAAcmE,KAAd,CAAL,EAA6B;AAC3BC,uBAAWD,MAAMtB,KAAN,CAAYmB,OAAZ,EAAqBD,eAArB,CAAX;AACD,WAFD,MAGK,IAAGI,UAAUrJ,SAAb,EAAwB;AAC3BsJ,uBAAWD,KAAX;AACD;;AACD,cAAGxJ,EAAE+J,OAAF,CAAU1I,aAAV,CAAH,EAA6B;AAC3BA,0BAAckH,IAAd,CAAmBkB,QAAnB;AACD,WAFD,MAGK,IAAGpI,kBAAkBlB,SAArB,EAAgC;AACnCkB,4BAAgB,CAACA,aAAD,EAAgBoI,QAAhB,CAAhB;AACD,WAFI,MAGA,IAAGA,aAAatJ,SAAhB,EAA2B;AAC9BkB,4BAAgBoI,QAAhB;AACD;;AACD,iBAAOD,KAAP;AACD;AAtiBM,OAAT;AAyiBA/G,aAAOC,aAAP;;AAEA,UAAGzB,aAAH,EAAkB;AAChB,YAAGsB,aAAapC,SAAhB,EAA2B;AACzBsC,iBAAOS,UAAP;AACD;;AACDT,eAAO0G,MAAP,CAAcpI,KAAd;AACD,OALD,MAMK;AACH,YAAGwB,aAAapC,SAAhB,EAA2B;AACzBoC,mBAAS4G,MAAT,CAAgB,SAAhB;AACD;;AACD1G,eAAOS,UAAP;AACD;AACF,KAplBH;AAulBA,WAAQ7B,kBAAkBlB,SAAnB,GACHkB,aADG,GAEH,IAFJ;AAID,GAzmBD;;AA2mBArB,IAAEO,EAAF,CAAKC,MAAL,CAAYe,QAAZ,GAAuB;AAErBmG,UAAc,QAFO;AAGrB/F,eAAc,QAHO;AAKrBkG,YAAc,KALO;AAMrB1E,WAAc,KANO;AAOrBM,aAAc,KAPO;AAQrB3C,iBAAc,IARO;AAUrB;AACAgC,gBAAc,KAXO;AAarB;AACAe,eAAc,KAdO;AAgBrB;AACAQ,cAAc,MAjBO;AAmBrB;AACAwB,YAAc,IApBO;AAsBrB;AACAC,gBAAc,MAvBO;AAyBrB;AACA/B,QAAc,KA1BO;AA4BrB;AACAgC,aAAc,MA7BO;AA+BrB;AACAG,cAAc;AACZlC,YAAO,GADK;AAEZC,YAAO;AAFK,KAhCO;AAqCrB0B,cAAc,YAAU,CAAE,CArCL;AAsCrBD,YAAc,YAAU,CAAE,CAtCL;AAuCrBE,YAAc,YAAU,CAAE,CAvCL;AAyCrB/D,WAAU;AACRiI,cAAW;AADH,KAzCW;AA6CrBlI,eAAY;AACV2E,cAAa,QADH;AAEVhB,iBAAa,WAFH;AAGVhC,gBAAa,UAHH;AAIV+B,cAAa,QAJH;AAKV9E,cAAa,QALH;AAMVwG,gBAAa,UANH;AAOV/C,YAAa,MAPH;AAQVG,kBAAa,MARH;AASVJ,YAAa;AATH,KA7CS;AAyDrBtC,cAAU;AACRlB,cAAW,cADH;AAERmE,eAAW;AAFH,KAzDW;AA8DrBO,cAAU;AACR1E,cAAQ,YAAW;AAClB,eAAOR,EAAE,SAAF,EAAagK,IAAb,CAAkB,OAAlB,EAA2B,WAA3B,CAAP;AACA;AAHO;AA9DW,GAAvB;AAsEC,CA5rBA,EA4rBGC,MA5rBH,EA4rBWhK,MA5rBX,EA4rBmBC,QA5rBnB","file":"client/lib/semantic-ui/definitions/modules/dimmer.js.map","sourcesContent":["/*\n  DO NOT MODIFY - This file has been generated and will be regenerated\n  Semantic UI v2.2.1\n*/\n/*!\n * # Semantic UI - Dimmer\n * http://github.com/semantic-org/semantic-ui/\n *\n *\n * Released under the MIT license\n * http://opensource.org/licenses/MIT\n *\n */\n\n;(function ($, window, document, undefined) {\n\n\"use strict\";\n\nwindow = (typeof window != 'undefined' && window.Math == Math)\n  ? window\n  : (typeof self != 'undefined' && self.Math == Math)\n    ? self\n    : Function('return this')()\n;\n\n$.fn.dimmer = function(parameters) {\n  var\n    $allModules     = $(this),\n\n    time            = new Date().getTime(),\n    performance     = [],\n\n    query           = arguments[0],\n    methodInvoked   = (typeof query == 'string'),\n    queryArguments  = [].slice.call(arguments, 1),\n\n    returnedValue\n  ;\n\n  $allModules\n    .each(function() {\n      var\n        settings        = ( $.isPlainObject(parameters) )\n          ? $.extend(true, {}, $.fn.dimmer.settings, parameters)\n          : $.extend({}, $.fn.dimmer.settings),\n\n        selector        = settings.selector,\n        namespace       = settings.namespace,\n        className       = settings.className,\n        error           = settings.error,\n\n        eventNamespace  = '.' + namespace,\n        moduleNamespace = 'module-' + namespace,\n        moduleSelector  = $allModules.selector || '',\n\n        clickEvent      = ('ontouchstart' in document.documentElement)\n          ? 'touchstart'\n          : 'click',\n\n        $module = $(this),\n        $dimmer,\n        $dimmable,\n\n        element   = this,\n        instance  = $module.data(moduleNamespace),\n        module\n      ;\n\n      module = {\n\n        preinitialize: function() {\n          if( module.is.dimmer() ) {\n\n            $dimmable = $module.parent();\n            $dimmer   = $module;\n          }\n          else {\n            $dimmable = $module;\n            if( module.has.dimmer() ) {\n              if(settings.dimmerName) {\n                $dimmer = $dimmable.find(selector.dimmer).filter('.' + settings.dimmerName);\n              }\n              else {\n                $dimmer = $dimmable.find(selector.dimmer);\n              }\n            }\n            else {\n              $dimmer = module.create();\n            }\n          }\n        },\n\n        initialize: function() {\n          module.debug('Initializing dimmer', settings);\n\n          module.bind.events();\n          module.set.dimmable();\n          module.instantiate();\n        },\n\n        instantiate: function() {\n          module.verbose('Storing instance of module', module);\n          instance = module;\n          $module\n            .data(moduleNamespace, instance)\n          ;\n        },\n\n        destroy: function() {\n          module.verbose('Destroying previous module', $dimmer);\n          module.unbind.events();\n          module.remove.variation();\n          $dimmable\n            .off(eventNamespace)\n          ;\n        },\n\n        bind: {\n          events: function() {\n            if(settings.on == 'hover') {\n              $dimmable\n                .on('mouseenter' + eventNamespace, module.show)\n                .on('mouseleave' + eventNamespace, module.hide)\n              ;\n            }\n            else if(settings.on == 'click') {\n              $dimmable\n                .on(clickEvent + eventNamespace, module.toggle)\n              ;\n            }\n            if( module.is.page() ) {\n              module.debug('Setting as a page dimmer', $dimmable);\n              module.set.pageDimmer();\n            }\n\n            if( module.is.closable() ) {\n              module.verbose('Adding dimmer close event', $dimmer);\n              $dimmable\n                .on(clickEvent + eventNamespace, selector.dimmer, module.event.click)\n              ;\n            }\n          }\n        },\n\n        unbind: {\n          events: function() {\n            $module\n              .removeData(moduleNamespace)\n            ;\n            $dimmable\n              .off(eventNamespace)\n            ;\n          }\n        },\n\n        event: {\n          click: function(event) {\n            module.verbose('Determining if event occured on dimmer', event);\n            if( $dimmer.find(event.target).length === 0 || $(event.target).is(selector.content) ) {\n              module.hide();\n              event.stopImmediatePropagation();\n            }\n          }\n        },\n\n        addContent: function(element) {\n          var\n            $content = $(element)\n          ;\n          module.debug('Add content to dimmer', $content);\n          if($content.parent()[0] !== $dimmer[0]) {\n            $content.detach().appendTo($dimmer);\n          }\n        },\n\n        create: function() {\n          var\n            $element = $( settings.template.dimmer() )\n          ;\n          if(settings.variation) {\n            module.debug('Creating dimmer with variation', settings.variation);\n            $element.addClass(settings.variation);\n          }\n          if(settings.dimmerName) {\n            module.debug('Creating named dimmer', settings.dimmerName);\n            $element.addClass(settings.dimmerName);\n          }\n          $element\n            .appendTo($dimmable)\n          ;\n          return $element;\n        },\n\n        show: function(callback) {\n          callback = $.isFunction(callback)\n            ? callback\n            : function(){}\n          ;\n          module.debug('Showing dimmer', $dimmer, settings);\n          if( (!module.is.dimmed() || module.is.animating()) && module.is.enabled() ) {\n            module.animate.show(callback);\n            settings.onShow.call(element);\n            settings.onChange.call(element);\n          }\n          else {\n            module.debug('Dimmer is already shown or disabled');\n          }\n        },\n\n        hide: function(callback) {\n          callback = $.isFunction(callback)\n            ? callback\n            : function(){}\n          ;\n          if( module.is.dimmed() || module.is.animating() ) {\n            module.debug('Hiding dimmer', $dimmer);\n            module.animate.hide(callback);\n            settings.onHide.call(element);\n            settings.onChange.call(element);\n          }\n          else {\n            module.debug('Dimmer is not visible');\n          }\n        },\n\n        toggle: function() {\n          module.verbose('Toggling dimmer visibility', $dimmer);\n          if( !module.is.dimmed() ) {\n            module.show();\n          }\n          else {\n            module.hide();\n          }\n        },\n\n        animate: {\n          show: function(callback) {\n            callback = $.isFunction(callback)\n              ? callback\n              : function(){}\n            ;\n            if(settings.useCSS && $.fn.transition !== undefined && $dimmer.transition('is supported')) {\n              if(settings.opacity !== 'auto') {\n                module.set.opacity();\n              }\n              $dimmer\n                .transition({\n                  animation   : settings.transition + ' in',\n                  queue       : false,\n                  duration    : module.get.duration(),\n                  useFailSafe : true,\n                  onStart     : function() {\n                    module.set.dimmed();\n                  },\n                  onComplete  : function() {\n                    module.set.active();\n                    callback();\n                  }\n                })\n              ;\n            }\n            else {\n              module.verbose('Showing dimmer animation with javascript');\n              module.set.dimmed();\n              if(settings.opacity == 'auto') {\n                settings.opacity = 0.8;\n              }\n              $dimmer\n                .stop()\n                .css({\n                  opacity : 0,\n                  width   : '100%',\n                  height  : '100%'\n                })\n                .fadeTo(module.get.duration(), settings.opacity, function() {\n                  $dimmer.removeAttr('style');\n                  module.set.active();\n                  callback();\n                })\n              ;\n            }\n          },\n          hide: function(callback) {\n            callback = $.isFunction(callback)\n              ? callback\n              : function(){}\n            ;\n            if(settings.useCSS && $.fn.transition !== undefined && $dimmer.transition('is supported')) {\n              module.verbose('Hiding dimmer with css');\n              $dimmer\n                .transition({\n                  animation   : settings.transition + ' out',\n                  queue       : false,\n                  duration    : module.get.duration(),\n                  useFailSafe : true,\n                  onStart     : function() {\n                    module.remove.dimmed();\n                  },\n                  onComplete  : function() {\n                    module.remove.active();\n                    callback();\n                  }\n                })\n              ;\n            }\n            else {\n              module.verbose('Hiding dimmer with javascript');\n              module.remove.dimmed();\n              $dimmer\n                .stop()\n                .fadeOut(module.get.duration(), function() {\n                  module.remove.active();\n                  $dimmer.removeAttr('style');\n                  callback();\n                })\n              ;\n            }\n          }\n        },\n\n        get: {\n          dimmer: function() {\n            return $dimmer;\n          },\n          duration: function() {\n            if(typeof settings.duration == 'object') {\n              if( module.is.active() ) {\n                return settings.duration.hide;\n              }\n              else {\n                return settings.duration.show;\n              }\n            }\n            return settings.duration;\n          }\n        },\n\n        has: {\n          dimmer: function() {\n            if(settings.dimmerName) {\n              return ($module.find(selector.dimmer).filter('.' + settings.dimmerName).length > 0);\n            }\n            else {\n              return ( $module.find(selector.dimmer).length > 0 );\n            }\n          }\n        },\n\n        is: {\n          active: function() {\n            return $dimmer.hasClass(className.active);\n          },\n          animating: function() {\n            return ( $dimmer.is(':animated') || $dimmer.hasClass(className.animating) );\n          },\n          closable: function() {\n            if(settings.closable == 'auto') {\n              if(settings.on == 'hover') {\n                return false;\n              }\n              return true;\n            }\n            return settings.closable;\n          },\n          dimmer: function() {\n            return $module.hasClass(className.dimmer);\n          },\n          dimmable: function() {\n            return $module.hasClass(className.dimmable);\n          },\n          dimmed: function() {\n            return $dimmable.hasClass(className.dimmed);\n          },\n          disabled: function() {\n            return $dimmable.hasClass(className.disabled);\n          },\n          enabled: function() {\n            return !module.is.disabled();\n          },\n          page: function () {\n            return $dimmable.is('body');\n          },\n          pageDimmer: function() {\n            return $dimmer.hasClass(className.pageDimmer);\n          }\n        },\n\n        can: {\n          show: function() {\n            return !$dimmer.hasClass(className.disabled);\n          }\n        },\n\n        set: {\n          opacity: function(opacity) {\n            var\n              color      = $dimmer.css('background-color'),\n              colorArray = color.split(','),\n              isRGB      = (colorArray && colorArray.length == 3),\n              isRGBA     = (colorArray && colorArray.length == 4)\n            ;\n            opacity    = settings.opacity === 0 ? 0 : settings.opacity || opacity;\n            if(isRGB || isRGBA) {\n              colorArray[3] = opacity + ')';\n              color         = colorArray.join(',');\n            }\n            else {\n              color = 'rgba(0, 0, 0, ' + opacity + ')';\n            }\n            module.debug('Setting opacity to', opacity);\n            $dimmer.css('background-color', color);\n          },\n          active: function() {\n            $dimmer.addClass(className.active);\n          },\n          dimmable: function() {\n            $dimmable.addClass(className.dimmable);\n          },\n          dimmed: function() {\n            $dimmable.addClass(className.dimmed);\n          },\n          pageDimmer: function() {\n            $dimmer.addClass(className.pageDimmer);\n          },\n          disabled: function() {\n            $dimmer.addClass(className.disabled);\n          },\n          variation: function(variation) {\n            variation = variation || settings.variation;\n            if(variation) {\n              $dimmer.addClass(variation);\n            }\n          }\n        },\n\n        remove: {\n          active: function() {\n            $dimmer\n              .removeClass(className.active)\n            ;\n          },\n          dimmed: function() {\n            $dimmable.removeClass(className.dimmed);\n          },\n          disabled: function() {\n            $dimmer.removeClass(className.disabled);\n          },\n          variation: function(variation) {\n            variation = variation || settings.variation;\n            if(variation) {\n              $dimmer.removeClass(variation);\n            }\n          }\n        },\n\n        setting: function(name, value) {\n          module.debug('Changing setting', name, value);\n          if( $.isPlainObject(name) ) {\n            $.extend(true, settings, name);\n          }\n          else if(value !== undefined) {\n            if($.isPlainObject(settings[name])) {\n              $.extend(true, settings[name], value);\n            }\n            else {\n              settings[name] = value;\n            }\n          }\n          else {\n            return settings[name];\n          }\n        },\n        internal: function(name, value) {\n          if( $.isPlainObject(name) ) {\n            $.extend(true, module, name);\n          }\n          else if(value !== undefined) {\n            module[name] = value;\n          }\n          else {\n            return module[name];\n          }\n        },\n        debug: function() {\n          if(!settings.silent && settings.debug) {\n            if(settings.performance) {\n              module.performance.log(arguments);\n            }\n            else {\n              module.debug = Function.prototype.bind.call(console.info, console, settings.name + ':');\n              module.debug.apply(console, arguments);\n            }\n          }\n        },\n        verbose: function() {\n          if(!settings.silent && settings.verbose && settings.debug) {\n            if(settings.performance) {\n              module.performance.log(arguments);\n            }\n            else {\n              module.verbose = Function.prototype.bind.call(console.info, console, settings.name + ':');\n              module.verbose.apply(console, arguments);\n            }\n          }\n        },\n        error: function() {\n          if(!settings.silent) {\n            module.error = Function.prototype.bind.call(console.error, console, settings.name + ':');\n            module.error.apply(console, arguments);\n          }\n        },\n        performance: {\n          log: function(message) {\n            var\n              currentTime,\n              executionTime,\n              previousTime\n            ;\n            if(settings.performance) {\n              currentTime   = new Date().getTime();\n              previousTime  = time || currentTime;\n              executionTime = currentTime - previousTime;\n              time          = currentTime;\n              performance.push({\n                'Name'           : message[0],\n                'Arguments'      : [].slice.call(message, 1) || '',\n                'Element'        : element,\n                'Execution Time' : executionTime\n              });\n            }\n            clearTimeout(module.performance.timer);\n            module.performance.timer = setTimeout(module.performance.display, 500);\n          },\n          display: function() {\n            var\n              title = settings.name + ':',\n              totalTime = 0\n            ;\n            time = false;\n            clearTimeout(module.performance.timer);\n            $.each(performance, function(index, data) {\n              totalTime += data['Execution Time'];\n            });\n            title += ' ' + totalTime + 'ms';\n            if(moduleSelector) {\n              title += ' \\'' + moduleSelector + '\\'';\n            }\n            if($allModules.length > 1) {\n              title += ' ' + '(' + $allModules.length + ')';\n            }\n            if( (console.group !== undefined || console.table !== undefined) && performance.length > 0) {\n              console.groupCollapsed(title);\n              if(console.table) {\n                console.table(performance);\n              }\n              else {\n                $.each(performance, function(index, data) {\n                  console.log(data['Name'] + ': ' + data['Execution Time']+'ms');\n                });\n              }\n              console.groupEnd();\n            }\n            performance = [];\n          }\n        },\n        invoke: function(query, passedArguments, context) {\n          var\n            object = instance,\n            maxDepth,\n            found,\n            response\n          ;\n          passedArguments = passedArguments || queryArguments;\n          context         = element         || context;\n          if(typeof query == 'string' && object !== undefined) {\n            query    = query.split(/[\\. ]/);\n            maxDepth = query.length - 1;\n            $.each(query, function(depth, value) {\n              var camelCaseValue = (depth != maxDepth)\n                ? value + query[depth + 1].charAt(0).toUpperCase() + query[depth + 1].slice(1)\n                : query\n              ;\n              if( $.isPlainObject( object[camelCaseValue] ) && (depth != maxDepth) ) {\n                object = object[camelCaseValue];\n              }\n              else if( object[camelCaseValue] !== undefined ) {\n                found = object[camelCaseValue];\n                return false;\n              }\n              else if( $.isPlainObject( object[value] ) && (depth != maxDepth) ) {\n                object = object[value];\n              }\n              else if( object[value] !== undefined ) {\n                found = object[value];\n                return false;\n              }\n              else {\n                module.error(error.method, query);\n                return false;\n              }\n            });\n          }\n          if ( $.isFunction( found ) ) {\n            response = found.apply(context, passedArguments);\n          }\n          else if(found !== undefined) {\n            response = found;\n          }\n          if($.isArray(returnedValue)) {\n            returnedValue.push(response);\n          }\n          else if(returnedValue !== undefined) {\n            returnedValue = [returnedValue, response];\n          }\n          else if(response !== undefined) {\n            returnedValue = response;\n          }\n          return found;\n        }\n      };\n\n      module.preinitialize();\n\n      if(methodInvoked) {\n        if(instance === undefined) {\n          module.initialize();\n        }\n        module.invoke(query);\n      }\n      else {\n        if(instance !== undefined) {\n          instance.invoke('destroy');\n        }\n        module.initialize();\n      }\n    })\n  ;\n\n  return (returnedValue !== undefined)\n    ? returnedValue\n    : this\n  ;\n};\n\n$.fn.dimmer.settings = {\n\n  name        : 'Dimmer',\n  namespace   : 'dimmer',\n\n  silent      : false,\n  debug       : false,\n  verbose     : false,\n  performance : true,\n\n  // name to distinguish between multiple dimmers in context\n  dimmerName  : false,\n\n  // whether to add a variation type\n  variation   : false,\n\n  // whether to bind close events\n  closable    : 'auto',\n\n  // whether to use css animations\n  useCSS      : true,\n\n  // css animation to use\n  transition  : 'fade',\n\n  // event to bind to\n  on          : false,\n\n  // overriding opacity value\n  opacity     : 'auto',\n\n  // transition durations\n  duration    : {\n    show : 500,\n    hide : 500\n  },\n\n  onChange    : function(){},\n  onShow      : function(){},\n  onHide      : function(){},\n\n  error   : {\n    method   : 'The method you called is not defined.'\n  },\n\n  className : {\n    active     : 'active',\n    animating  : 'animating',\n    dimmable   : 'dimmable',\n    dimmed     : 'dimmed',\n    dimmer     : 'dimmer',\n    disabled   : 'disabled',\n    hide       : 'hide',\n    pageDimmer : 'page',\n    show       : 'show'\n  },\n\n  selector: {\n    dimmer   : '> .ui.dimmer',\n    content  : '.ui.dimmer > .content, .ui.dimmer > .content > .center'\n  },\n\n  template: {\n    dimmer: function() {\n     return $('<div />').attr('class', 'ui dimmer');\n    }\n  }\n\n};\n\n})( jQuery, window, document );\n"]},"hash":"820b00686e2c427ff6fda30fe42ece11da34fad5"}
