{"metadata":{"usedHelpers":[],"marked":[],"modules":{"imports":[{"source":"meteor/meteor","imported":["Meteor"],"specifiers":[{"kind":"named","imported":"Meteor","local":"Meteor"}]},{"source":"meteor/templating","imported":["Template"],"specifiers":[{"kind":"named","imported":"Template","local":"Template"}]},{"source":"../../api/stuff/stuff.js","imported":["Stuff"],"specifiers":[{"kind":"named","imported":"Stuff","local":"Stuff"}]}],"exports":{"exported":[],"specifiers":[]}}},"options":{"filename":"imports/ui/layouts/if-logged-in.js","filenameRelative":"imports/ui/layouts/if-logged-in.js","env":{"development":{"plugins":[]}},"retainLines":false,"highlightCode":true,"suppressDeprecationMessages":false,"presets":[],"plugins":[[[],{"generateLetDeclarations":true,"enforceStrictMode":false}],[[],null],[[],{"polyfill":false}],[[],null],[[],null],[[],null],[[],{"allowTopLevelThis":true,"strict":false,"loose":true}],[[],null],[[],null],[[],null],[[],null],[[],null],[[],null],[[],null],[[],null],[[],null],[[],null],[[],null],[[],null],[[],{"loose":true}],[[],{"loose":true}],[[],null],[[],{"loose":true}],[[],null],[[],null],[[],null],[[],null],[[],null],[[],null],[[],{"loose":true}],[[],null],[[],null],[[],null],[[],null],[[],null],[[],null],[[],null]],"ignore":[],"code":true,"metadata":true,"ast":true,"comments":true,"compact":false,"minified":false,"sourceMap":true,"sourceMaps":true,"sourceMapTarget":"imports/ui/layouts/if-logged-in.js.map","sourceFileName":"imports/ui/layouts/if-logged-in.js","babelrc":false,"sourceType":"module","moduleIds":false,"passPerPreset":false,"parserOpts":false,"generatorOpts":false,"basename":"if-logged-in"},"ignored":false,"code":"var Meteor = void 0;\nmodule.watch(require(\"meteor/meteor\"), {\n  Meteor: function (v) {\n    Meteor = v;\n  }\n}, 0);\nvar Template = void 0;\nmodule.watch(require(\"meteor/templating\"), {\n  Template: function (v) {\n    Template = v;\n  }\n}, 1);\nvar Stuff = void 0;\nmodule.watch(require(\"../../api/stuff/stuff.js\"), {\n  Stuff: function (v) {\n    Stuff = v;\n  }\n}, 2);\n/* eslint-disable object-shorthand */Template.If_Logged_In.helpers({\n  /**\n   * @returns {*} True if Meteor is in the process of logging in.\n   */authInProcess: function () {\n    function authInProcess() {\n      return Meteor.loggingIn();\n    }\n\n    return authInProcess;\n  }(),\n  /**\n   * @returns {boolean} True if there is a logged in user.\n   */canShow: function () {\n    function canShow() {\n      return !!Meteor.user();\n    }\n\n    return canShow;\n  }(),\n  stuffList: function () {\n    return Stuff.find();\n  }\n});","map":{"version":3,"sources":["imports/ui/layouts/if-logged-in.js"],"names":["Meteor","module","watch","require","v","Template","Stuff","If_Logged_In","helpers","authInProcess","loggingIn","canShow","user","stuffList","find"],"mappings":"AAAA,IAAIA,eAAJ;AAAWC,OAAOC,KAAP,CAAaC,QAAQ,eAAR,CAAb,EAAsC;AAACH,QAAD,YAAQI,CAAR,EAAU;AAACJ,aAAOI,CAAP;AAAS;AAApB,CAAtC,EAA4D,CAA5D;AAA+D,IAAIC,iBAAJ;AAAaJ,OAAOC,KAAP,CAAaC,QAAQ,mBAAR,CAAb,EAA0C;AAACE,UAAD,YAAUD,CAAV,EAAY;AAACC,eAASD,CAAT;AAAW;AAAxB,CAA1C,EAAoE,CAApE;AAAuE,IAAIE,cAAJ;AAAUL,OAAOC,KAAP,CAAaC,QAAQ,0BAAR,CAAb,EAAiD;AAACG,OAAD,YAAOF,CAAP,EAAS;AAACE,YAAMF,CAAN;AAAQ;AAAlB,CAAjD,EAAqE,CAArE;AAKxK,qCAEAC,SAASE,YAAT,CAAsBC,OAAtB,CAA8B;AAC5B;;KAGAC;AAAe,aAASA,aAAT,GAAyB;AACtC,aAAOT,OAAOU,SAAP,EAAP;AACD;;AAFD,WAAwBD,aAAxB;AAAA,KAJ4B;AAO5B;;KAGAE;AAAS,aAASA,OAAT,GAAmB;AAC1B,aAAO,CAAC,CAACX,OAAOY,IAAP,EAAT;AACD;;AAFD,WAAkBD,OAAlB;AAAA,KAV4B;AAc5BE,WAd4B,cAchB;AACV,WAAOP,MAAMQ,IAAN,EAAP;AACD;AAhB2B,CAA9B","file":"imports/ui/layouts/if-logged-in.js.map","sourcesContent":["import { Meteor } from 'meteor/meteor';\nimport { Template } from 'meteor/templating';\nimport { Stuff } from '../../api/stuff/stuff.js';\n\n\n/* eslint-disable object-shorthand */\n\nTemplate.If_Logged_In.helpers({\n  /**\n   * @returns {*} True if Meteor is in the process of logging in.\n   */\n  authInProcess: function authInProcess() {\n    return Meteor.loggingIn();\n  },\n  /**\n   * @returns {boolean} True if there is a logged in user.\n   */\n  canShow: function canShow() {\n    return !!Meteor.user();\n  },\n\n  stuffList() {\n    return Stuff.find();\n  },\n});\n"]},"hash":"83543fd019fda9d35bed27359edc1d06acfcf3ee"}
