{"metadata":{"usedHelpers":[],"marked":[],"modules":{"imports":[],"exports":{"exported":[],"specifiers":[]}}},"options":{"filename":"packages/fabienb4:autoform-semantic-ui/templates/semantic-ui/inputTypes/submit/submit.js","filenameRelative":"packages/fabienb4:autoform-semantic-ui/templates/semantic-ui/inputTypes/submit/submit.js","env":{"development":{"plugins":[]}},"retainLines":false,"highlightCode":true,"suppressDeprecationMessages":false,"presets":[],"plugins":[[[],{"generateLetDeclarations":true,"enforceStrictMode":false}],[[],null],[[],{"polyfill":false}],[[],null],[[],null],[[],null],[[],{"allowTopLevelThis":true,"strict":false,"loose":true}],[[],null],[[],null],[[],null],[[],null],[[],null],[[],null],[[],null],[[],null],[[],null],[[],null],[[],null],[[],null],[[],{"loose":true}],[[],{"loose":true}],[[],null],[[],{"loose":true}],[[],null],[[],null],[[],null],[[],null],[[],null],[[],null],[[],{"loose":true}],[[],null],[[],null],[[],null],[[],null],[[],null],[[],null],[[],null]],"ignore":[],"code":true,"metadata":true,"ast":true,"comments":true,"compact":false,"minified":false,"sourceMap":true,"sourceMaps":true,"sourceMapTarget":"packages/fabienb4:autoform-semantic-ui/templates/semantic-ui/inputTypes/submit/submit.js.map","sourceFileName":"packages/fabienb4:autoform-semantic-ui/templates/semantic-ui/inputTypes/submit/submit.js","babelrc":false,"sourceType":"module","moduleIds":false,"passPerPreset":false,"parserOpts":false,"generatorOpts":false,"basename":"submit"},"ignored":false,"code":"Template.afInputSubmit_semanticUI.helpers({\n  atts: function () {\n    var atts = _.clone(this.atts); // Add semantic-ui class\n\n\n    atts = AutoForm.Utility.addClass(atts, \"ui positive button\");\n    return atts;\n  }\n});","map":{"version":3,"sources":["packages/fabienb4:autoform-semantic-ui/templates/semantic-ui/inputTypes/submit/submit.js"],"names":["Template","afInputSubmit_semanticUI","helpers","atts","_","clone","AutoForm","Utility","addClass"],"mappings":"AAAAA,SAASC,wBAAT,CAAkCC,OAAlC,CAA0C;AACxCC,MADwC,cACjC;AACL,QAAIA,OAAOC,EAAEC,KAAF,CAAQ,KAAKF,IAAb,CAAX,CADK,CAGL;;;AACAA,WAAOG,SAASC,OAAT,CAAiBC,QAAjB,CAA0BL,IAA1B,EAAgC,oBAAhC,CAAP;AAEA,WAAOA,IAAP;AACD;AARuC,CAA1C","file":"packages/fabienb4:autoform-semantic-ui/templates/semantic-ui/inputTypes/submit/submit.js.map","sourcesContent":["Template.afInputSubmit_semanticUI.helpers({\n  atts() {\n    let atts = _.clone(this.atts);\n\n    // Add semantic-ui class\n    atts = AutoForm.Utility.addClass(atts, \"ui positive button\");\n\n    return atts;\n  }\n});\n"]},"hash":"92669b619b7465da09cf9f70e98470471f363591"}
