{"metadata":{"usedHelpers":[],"marked":[],"modules":{"imports":[{"source":"/imports/startup/server","imported":[],"specifiers":[]},{"source":"/imports/startup/both","imported":[],"specifiers":[]},{"source":"/imports/api/stuff","imported":[],"specifiers":[]}],"exports":{"exported":[],"specifiers":[]}}},"options":{"filename":"server/main.js","filenameRelative":"server/main.js","env":{"development":{"plugins":[]}},"retainLines":false,"highlightCode":true,"suppressDeprecationMessages":false,"presets":[],"plugins":[[[],{"generateLetDeclarations":true,"enforceStrictMode":false}],[[],null],[[],{"polyfill":false}],[[],null],[[],null],[[],null],[[],{"allowTopLevelThis":true,"strict":false,"loose":true}],[[],null],[[],null],[[],null],[[],null],[[],null],[[],null],[[],null],[[],null],[[],null],[[],null],[[],null],[[],null],[[],{"loose":true}],[[],{"loose":true}],[[],null],[[],{"loose":true}],[[],null],[[],null],[[],null],[[],null],[[],null],[[],null],[[],{"loose":true}],[[],null],[[],null],[[],null],[[],null],[[],null],[[],null],[[],null]],"ignore":[],"code":true,"metadata":true,"ast":true,"comments":true,"compact":false,"minified":false,"sourceMap":true,"sourceMaps":true,"sourceMapTarget":"server/main.js.map","sourceFileName":"server/main.js","babelrc":false,"sourceType":"module","moduleIds":false,"passPerPreset":false,"parserOpts":false,"generatorOpts":false,"basename":"main"},"ignored":false,"code":"module.watch(require(\"/imports/startup/server\"));\nmodule.watch(require(\"/imports/startup/both\"));\nmodule.watch(require(\"/imports/api/stuff\"));","map":{"version":3,"sources":["server/main.js"],"names":["module","watch","require"],"mappings":"AAAAA,OAAOC,KAAP,CAAaC,QAAQ,yBAAR,CAAb;AAAiDF,OAAOC,KAAP,CAAaC,QAAQ,uBAAR,CAAb;AAA+CF,OAAOC,KAAP,CAAaC,QAAQ,oBAAR,CAAb","file":"server/main.js.map","sourcesContent":["import '/imports/startup/server';\nimport '/imports/startup/both';\nimport '/imports/api/stuff';\n"]},"hash":"92cdbbda091b733b6b6123103418fca7d1beaadf"}
