{"metadata":{"usedHelpers":[],"marked":[],"modules":{"imports":[],"exports":{"exported":[],"specifiers":[]}}},"options":{"filename":"packages/dynamic-import/dynamic-versions.js","filenameRelative":"packages/dynamic-import/dynamic-versions.js","env":{"development":{"plugins":[]}},"retainLines":false,"highlightCode":true,"suppressDeprecationMessages":false,"presets":[],"plugins":[[[],{"generateLetDeclarations":true,"enforceStrictMode":false}],[[],null],[[],{"polyfill":false}],[[],null],[[],null],[[],null],[[],{"allowTopLevelThis":true,"strict":false,"loose":true}],[[],null],[[],null],[[],null],[[],null],[[],null],[[],null],[[],null],[[],null],[[],null],[[],null],[[],null],[[],null],[[],{"loose":true}],[[],{"loose":true}],[[],null],[[],{"loose":true}],[[],null],[[],null],[[],null],[[],null],[[],null],[[],null],[[],{"loose":true}],[[],null],[[],null],[[],null],[[],null],[[],null],[[],null],[[],null]],"ignore":[],"code":true,"metadata":true,"ast":true,"comments":true,"compact":false,"minified":false,"sourceMap":true,"sourceMaps":true,"sourceMapTarget":"packages/dynamic-import/dynamic-versions.js.map","sourceFileName":"packages/dynamic-import/dynamic-versions.js","babelrc":false,"sourceType":"module","moduleIds":false,"passPerPreset":false,"parserOpts":false,"generatorOpts":false,"basename":"dynamic-versions"},"ignored":false,"code":"// This magic double-underscored identifier gets replaced in\n// tools/isobuild/bundler.js with a tree of hashes of all dynamic\n// modules, for use in client.js and cache.js.\nvar versions = __DYNAMIC_VERSIONS__;\n\nexports.get = function (id) {\n  var tree = versions;\n  var version = null;\n  id.split(\"/\").some(function (part) {\n    if (part) {\n      // If the tree contains identifiers for Meteor packages with colons\n      // in their names, the colons should not have been replaced by\n      // underscores, but there's a bug that results in that behavior, so\n      // for now it seems safest to be tolerant of underscores here.\n      // https://github.com/meteor/meteor/pull/9103\n      tree = tree[part] || tree[part.replace(\":\", \"_\")];\n    }\n\n    if (!tree) {\n      // Terminate the search without reassigning version.\n      return true;\n    }\n\n    if (typeof tree === \"string\") {\n      version = tree;\n      return true;\n    }\n  });\n  return version;\n};","map":{"version":3,"sources":["packages/dynamic-import/dynamic-versions.js"],"names":["versions","__DYNAMIC_VERSIONS__","exports","get","id","tree","version","split","some","part","replace"],"mappings":"AAAA;AACA;AACA;AACA,IAAIA,WAAWC,oBAAf;;AAEAC,QAAQC,GAAR,GAAc,UAAUC,EAAV,EAAc;AAC1B,MAAIC,OAAOL,QAAX;AACA,MAAIM,UAAU,IAAd;AAEAF,KAAGG,KAAH,CAAS,GAAT,EAAcC,IAAd,CAAmB,UAAUC,IAAV,EAAgB;AACjC,QAAIA,IAAJ,EAAU;AACR;AACA;AACA;AACA;AACA;AACAJ,aAAOA,KAAKI,IAAL,KAAcJ,KAAKI,KAAKC,OAAL,CAAa,GAAb,EAAkB,GAAlB,CAAL,CAArB;AACD;;AAED,QAAI,CAAEL,IAAN,EAAY;AACV;AACA,aAAO,IAAP;AACD;;AAED,QAAI,OAAOA,IAAP,KAAgB,QAApB,EAA8B;AAC5BC,gBAAUD,IAAV;AACA,aAAO,IAAP;AACD;AACF,GAnBD;AAqBA,SAAOC,OAAP;AACD,CA1BD","file":"packages/dynamic-import/dynamic-versions.js.map","sourcesContent":["// This magic double-underscored identifier gets replaced in\n// tools/isobuild/bundler.js with a tree of hashes of all dynamic\n// modules, for use in client.js and cache.js.\nvar versions = __DYNAMIC_VERSIONS__;\n\nexports.get = function (id) {\n  var tree = versions;\n  var version = null;\n\n  id.split(\"/\").some(function (part) {\n    if (part) {\n      // If the tree contains identifiers for Meteor packages with colons\n      // in their names, the colons should not have been replaced by\n      // underscores, but there's a bug that results in that behavior, so\n      // for now it seems safest to be tolerant of underscores here.\n      // https://github.com/meteor/meteor/pull/9103\n      tree = tree[part] || tree[part.replace(\":\", \"_\")];\n    }\n\n    if (! tree) {\n      // Terminate the search without reassigning version.\n      return true;\n    }\n\n    if (typeof tree === \"string\") {\n      version = tree;\n      return true;\n    }\n  });\n\n  return version;\n};\n"]},"hash":"94afdda2096253ead8d4d7a977690e2c9c163074"}
