{"metadata":{"usedHelpers":[],"marked":[],"modules":{"imports":[{"source":"meteor/meteor","imported":["Meteor"],"specifiers":[{"kind":"named","imported":"Meteor","local":"Meteor"}]},{"source":"meteor/templating","imported":["Template"],"specifiers":[{"kind":"named","imported":"Template","local":"Template"}]}],"exports":{"exported":[],"specifiers":[]}}},"options":{"filename":"imports/ui/layouts/if-logged-in.js","filenameRelative":"imports/ui/layouts/if-logged-in.js","env":{"development":{"plugins":[]}},"retainLines":false,"highlightCode":true,"suppressDeprecationMessages":false,"presets":[],"plugins":[[[],{"generateLetDeclarations":true,"enforceStrictMode":false}],[[],null],[[],{"polyfill":false}],[[],null],[[],null],[[],null],[[],{"allowTopLevelThis":true,"strict":false,"loose":true}],[[],null],[[],null],[[],null],[[],null],[[],null],[[],null],[[],null],[[],null],[[],null],[[],null],[[],null],[[],null],[[],{"loose":true}],[[],{"loose":true}],[[],null],[[],{"loose":true}],[[],null],[[],null],[[],null],[[],null],[[],null],[[],null],[[],{"loose":true}],[[],null],[[],null],[[],null],[[],null],[[],null],[[],null],[[],null]],"ignore":[],"code":true,"metadata":true,"ast":true,"comments":true,"compact":false,"minified":false,"sourceMap":true,"sourceMaps":true,"sourceMapTarget":"imports/ui/layouts/if-logged-in.js.map","sourceFileName":"imports/ui/layouts/if-logged-in.js","babelrc":false,"sourceType":"module","moduleIds":false,"passPerPreset":false,"parserOpts":false,"generatorOpts":false,"basename":"if-logged-in"},"ignored":false,"code":"var Meteor = void 0;\nmodule.watch(require(\"meteor/meteor\"), {\n  Meteor: function (v) {\n    Meteor = v;\n  }\n}, 0);\nvar Template = void 0;\nmodule.watch(require(\"meteor/templating\"), {\n  Template: function (v) {\n    Template = v;\n  }\n}, 1);\n/* eslint-disable object-shorthand */Template.If_Logged_In.helpers({\n  /**\n   * @returns {*} True if Meteor is in the process of logging in.\n   */authInProcess: function () {\n    function authInProcess() {\n      return Meteor.loggingIn();\n    }\n\n    return authInProcess;\n  }(),\n  /**\n   * @returns {boolean} True if there is a logged in user.\n   */canShow: function () {\n    function canShow() {\n      return !!Meteor.user();\n    }\n\n    return canShow;\n  }()\n});","map":{"version":3,"sources":["imports/ui/layouts/if-logged-in.js"],"names":["Meteor","module","watch","require","v","Template","If_Logged_In","helpers","authInProcess","loggingIn","canShow","user"],"mappings":"AAAA,IAAIA,eAAJ;AAAWC,OAAOC,KAAP,CAAaC,QAAQ,eAAR,CAAb,EAAsC;AAACH,QAAD,YAAQI,CAAR,EAAU;AAACJ,aAAOI,CAAP;AAAS;AAApB,CAAtC,EAA4D,CAA5D;AAA+D,IAAIC,iBAAJ;AAAaJ,OAAOC,KAAP,CAAaC,QAAQ,mBAAR,CAAb,EAA0C;AAACE,UAAD,YAAUD,CAAV,EAAY;AAACC,eAASD,CAAT;AAAW;AAAxB,CAA1C,EAAoE,CAApE;AAGvF,qCAEAC,SAASC,YAAT,CAAsBC,OAAtB,CAA8B;AAC5B;;KAGAC;AAAe,aAASA,aAAT,GAAyB;AACtC,aAAOR,OAAOS,SAAP,EAAP;AACD;;AAFD,WAAwBD,aAAxB;AAAA,KAJ4B;AAO5B;;KAGAE;AAAS,aAASA,OAAT,GAAmB;AAC1B,aAAO,CAAC,CAACV,OAAOW,IAAP,EAAT;AACD;;AAFD,WAAkBD,OAAlB;AAAA;AAV4B,CAA9B","file":"imports/ui/layouts/if-logged-in.js.map","sourcesContent":["import { Meteor } from 'meteor/meteor';\nimport { Template } from 'meteor/templating';\n\n/* eslint-disable object-shorthand */\n\nTemplate.If_Logged_In.helpers({\n  /**\n   * @returns {*} True if Meteor is in the process of logging in.\n   */\n  authInProcess: function authInProcess() {\n    return Meteor.loggingIn();\n  },\n  /**\n   * @returns {boolean} True if there is a logged in user.\n   */\n  canShow: function canShow() {\n    return !!Meteor.user();\n  },\n});\n"]},"hash":"9692b0faa15581623b8a0dbda2c9cd5a015641f4"}
