{"metadata":{"usedHelpers":[],"marked":[],"modules":{"imports":[{"source":"meteor/mongo","imported":["Mongo"],"specifiers":[{"kind":"named","imported":"Mongo","local":"Mongo"}]},{"source":"meteor/aldeed:simple-schema","imported":["SimpleSchema"],"specifiers":[{"kind":"named","imported":"SimpleSchema","local":"SimpleSchema"}]}],"exports":{"exported":["Stuff","StuffSchema"],"specifiers":[{"kind":"local","local":"Stuff","exported":"Stuff"},{"kind":"local","local":"StuffSchema","exported":"StuffSchema"}]}}},"options":{"filename":"imports/api/stuff/stuff.js","filenameRelative":"imports/api/stuff/stuff.js","env":{"development":{"plugins":[]}},"retainLines":false,"highlightCode":true,"suppressDeprecationMessages":false,"presets":[],"plugins":[[[],{"generateLetDeclarations":true,"enforceStrictMode":false}],[[],null],[[],{"polyfill":false}],[[],null],[[],null],[[],null],[[],{"allowTopLevelThis":true,"strict":false,"loose":true}],[[],null],[[],null],[[],null],[[],null],[[],null],[[],null],[[],null],[[],null],[[],null],[[],null],[[],null],[[],null],[[],{"loose":true}],[[],{"loose":true}],[[],null],[[],{"loose":true}],[[],null],[[],null],[[],null],[[],null],[[],null],[[],null],[[],{"loose":true}],[[],null],[[],null],[[],null],[[],null],[[],null],[[],null],[[],null]],"ignore":[],"code":true,"metadata":true,"ast":true,"comments":true,"compact":false,"minified":false,"sourceMap":true,"sourceMaps":true,"sourceMapTarget":"imports/api/stuff/stuff.js.map","sourceFileName":"imports/api/stuff/stuff.js","babelrc":false,"sourceType":"module","moduleIds":false,"passPerPreset":false,"parserOpts":false,"generatorOpts":false,"basename":"stuff"},"ignored":false,"code":"module.export({\n  Stuff: function () {\n    return Stuff;\n  },\n  StuffSchema: function () {\n    return StuffSchema;\n  }\n});\nvar Mongo = void 0;\nmodule.watch(require(\"meteor/mongo\"), {\n  Mongo: function (v) {\n    Mongo = v;\n  }\n}, 0);\nvar SimpleSchema = void 0;\nmodule.watch(require(\"meteor/aldeed:simple-schema\"), {\n  SimpleSchema: function (v) {\n    SimpleSchema = v;\n  }\n}, 1);\nvar Stuff = new Mongo.Collection('Stuff');\nvar StuffSchema = new SimpleSchema({\n  name: {\n    label: 'Name',\n    type: String,\n    optional: false,\n    max: 20,\n    autoform: {\n      group: 'Stuff',\n      placeholder: 'Bicycle'\n    }\n  },\n  quantity: {\n    label: 'Quantity',\n    type: Number,\n    optional: false,\n    autoform: {\n      group: 'Stuff',\n      placeholder: '3'\n    }\n  }\n});\nStuff.attachSchema(StuffSchema);","map":{"version":3,"sources":["imports/api/stuff/stuff.js"],"names":["module","export","Stuff","StuffSchema","Mongo","watch","require","v","SimpleSchema","Collection","name","label","type","String","optional","max","autoform","group","placeholder","quantity","Number","attachSchema"],"mappings":"AAAAA,OAAOC,MAAP,CAAc;AAACC,SAAM;AAAA,WAAIA,KAAJ;AAAA,GAAP;AAAiBC,eAAY;AAAA,WAAIA,WAAJ;AAAA;AAA7B,CAAd;AAA6D,IAAIC,cAAJ;AAAUJ,OAAOK,KAAP,CAAaC,QAAQ,cAAR,CAAb,EAAqC;AAACF,OAAD,YAAOG,CAAP,EAAS;AAACH,YAAMG,CAAN;AAAQ;AAAlB,CAArC,EAAyD,CAAzD;AAA4D,IAAIC,qBAAJ;AAAiBR,OAAOK,KAAP,CAAaC,QAAQ,6BAAR,CAAb,EAAoD;AAACE,cAAD,YAAcD,CAAd,EAAgB;AAACC,mBAAaD,CAAb;AAAe;AAAhC,CAApD,EAAsF,CAAtF;AAK7I,IAAML,QAAQ,IAAIE,MAAMK,UAAV,CAAqB,OAArB,CAAd;AAKA,IAAMN,cAAc,IAAIK,YAAJ,CAAiB;AAC1CE,QAAM;AACJC,WAAO,MADH;AAEJC,UAAMC,MAFF;AAGJC,cAAU,KAHN;AAIJC,SAAK,EAJD;AAKJC,cAAU;AACRC,aAAO,OADC;AAERC,mBAAa;AAFL;AALN,GADoC;AAW1CC,YAAU;AACRR,WAAO,UADC;AAERC,UAAMQ,MAFE;AAGRN,cAAU,KAHF;AAIRE,cAAU;AACRC,aAAO,OADC;AAERC,mBAAa;AAFL;AAJF;AAXgC,CAAjB,CAApB;AAsBPhB,MAAMmB,YAAN,CAAmBlB,WAAnB","file":"imports/api/stuff/stuff.js.map","sourcesContent":["import { Mongo } from 'meteor/mongo';\nimport { SimpleSchema } from 'meteor/aldeed:simple-schema';\n\n/* eslint-disable object-shorthand */\n\nexport const Stuff = new Mongo.Collection('Stuff');\n\n/**\n * Create the schema for Stuff\n */\nexport const StuffSchema = new SimpleSchema({\n  name: {\n    label: 'Name',\n    type: String,\n    optional: false,\n    max: 20,\n    autoform: {\n      group: 'Stuff',\n      placeholder: 'Bicycle',\n    },\n  },\n  quantity: {\n    label: 'Quantity',\n    type: Number,\n    optional: false,\n    autoform: {\n      group: 'Stuff',\n      placeholder: '3',\n    },\n  },\n});\n\nStuff.attachSchema(StuffSchema);\n"]},"hash":"abb5d7e897a06ab065ff9f91a8b03eea46d98194"}
