{"metadata":{"usedHelpers":[],"marked":[],"modules":{"imports":[],"exports":{"exported":[],"specifiers":[]}}},"options":{"filename":"client/lib/semantic-ui/definitions/behaviors/state.js","filenameRelative":"client/lib/semantic-ui/definitions/behaviors/state.js","env":{"development":{"plugins":[]}},"retainLines":false,"highlightCode":true,"suppressDeprecationMessages":false,"presets":[],"plugins":[[[],{"generateLetDeclarations":true,"enforceStrictMode":false}],[[],null],[[],{"polyfill":false}],[[],null],[[],null],[[],null],[[],{"allowTopLevelThis":true,"strict":false,"loose":true}],[[],null],[[],null],[[],null],[[],null],[[],null],[[],null],[[],null],[[],null],[[],null],[[],null],[[],null],[[],null],[[],{"loose":true}],[[],{"loose":true}],[[],null],[[],{"loose":true}],[[],null],[[],null],[[],null],[[],null],[[],null],[[],null],[[],{"loose":true}],[[],null],[[],null],[[],null],[[],null],[[],null],[[],null],[[],null]],"ignore":[],"code":true,"metadata":true,"ast":true,"comments":true,"compact":false,"minified":false,"sourceMap":true,"sourceMaps":true,"sourceMapTarget":"client/lib/semantic-ui/definitions/behaviors/state.js.map","sourceFileName":"client/lib/semantic-ui/definitions/behaviors/state.js","babelrc":false,"sourceType":"module","moduleIds":false,"passPerPreset":false,"parserOpts":false,"generatorOpts":false,"basename":"state"},"ignored":false,"code":"/*\n  DO NOT MODIFY - This file has been generated and will be regenerated\n  Semantic UI v2.2.1\n*/ /*!\n    * # Semantic UI - State\n    * http://github.com/semantic-org/semantic-ui/\n    *\n    *\n    * Released under the MIT license\n    * http://opensource.org/licenses/MIT\n    *\n    */;\n\n(function ($, window, document, undefined) {\n  \"use strict\";\n\n  window = typeof window != 'undefined' && window.Math == Math ? window : typeof self != 'undefined' && self.Math == Math ? self : Function('return this')();\n\n  $.fn.state = function (parameters) {\n    var $allModules = $(this),\n        moduleSelector = $allModules.selector || '',\n        hasTouch = 'ontouchstart' in document.documentElement,\n        time = new Date().getTime(),\n        performance = [],\n        query = arguments[0],\n        methodInvoked = typeof query == 'string',\n        queryArguments = [].slice.call(arguments, 1),\n        returnedValue;\n    $allModules.each(function () {\n      var settings = $.isPlainObject(parameters) ? $.extend(true, {}, $.fn.state.settings, parameters) : $.extend({}, $.fn.state.settings),\n          error = settings.error,\n          metadata = settings.metadata,\n          className = settings.className,\n          namespace = settings.namespace,\n          states = settings.states,\n          text = settings.text,\n          eventNamespace = '.' + namespace,\n          moduleNamespace = namespace + '-module',\n          $module = $(this),\n          element = this,\n          instance = $module.data(moduleNamespace),\n          module;\n      module = {\n        initialize: function () {\n          module.verbose('Initializing module'); // allow module to guess desired state based on element\n\n          if (settings.automatic) {\n            module.add.defaults();\n          } // bind events with delegated events\n\n\n          if (settings.context && moduleSelector !== '') {\n            $(settings.context).on(moduleSelector, 'mouseenter' + eventNamespace, module.change.text).on(moduleSelector, 'mouseleave' + eventNamespace, module.reset.text).on(moduleSelector, 'click' + eventNamespace, module.toggle.state);\n          } else {\n            $module.on('mouseenter' + eventNamespace, module.change.text).on('mouseleave' + eventNamespace, module.reset.text).on('click' + eventNamespace, module.toggle.state);\n          }\n\n          module.instantiate();\n        },\n        instantiate: function () {\n          module.verbose('Storing instance of module', module);\n          instance = module;\n          $module.data(moduleNamespace, module);\n        },\n        destroy: function () {\n          module.verbose('Destroying previous module', instance);\n          $module.off(eventNamespace).removeData(moduleNamespace);\n        },\n        refresh: function () {\n          module.verbose('Refreshing selector cache');\n          $module = $(element);\n        },\n        add: {\n          defaults: function () {\n            var userStates = parameters && $.isPlainObject(parameters.states) ? parameters.states : {};\n            $.each(settings.defaults, function (type, typeStates) {\n              if (module.is[type] !== undefined && module.is[type]()) {\n                module.verbose('Adding default states', type, element);\n                $.extend(settings.states, typeStates, userStates);\n              }\n            });\n          }\n        },\n        is: {\n          active: function () {\n            return $module.hasClass(className.active);\n          },\n          loading: function () {\n            return $module.hasClass(className.loading);\n          },\n          inactive: function () {\n            return !$module.hasClass(className.active);\n          },\n          state: function (state) {\n            if (className[state] === undefined) {\n              return false;\n            }\n\n            return $module.hasClass(className[state]);\n          },\n          enabled: function () {\n            return !$module.is(settings.filter.active);\n          },\n          disabled: function () {\n            return $module.is(settings.filter.active);\n          },\n          textEnabled: function () {\n            return !$module.is(settings.filter.text);\n          },\n          // definitions for automatic type detection\n          button: function () {\n            return $module.is('.button:not(a, .submit)');\n          },\n          input: function () {\n            return $module.is('input');\n          },\n          progress: function () {\n            return $module.is('.ui.progress');\n          }\n        },\n        allow: function (state) {\n          module.debug('Now allowing state', state);\n          states[state] = true;\n        },\n        disallow: function (state) {\n          module.debug('No longer allowing', state);\n          states[state] = false;\n        },\n        allows: function (state) {\n          return states[state] || false;\n        },\n        enable: function () {\n          $module.removeClass(className.disabled);\n        },\n        disable: function () {\n          $module.addClass(className.disabled);\n        },\n        setState: function (state) {\n          if (module.allows(state)) {\n            $module.addClass(className[state]);\n          }\n        },\n        removeState: function (state) {\n          if (module.allows(state)) {\n            $module.removeClass(className[state]);\n          }\n        },\n        toggle: {\n          state: function () {\n            var apiRequest, requestCancelled;\n\n            if (module.allows('active') && module.is.enabled()) {\n              module.refresh();\n\n              if ($.fn.api !== undefined) {\n                apiRequest = $module.api('get request');\n                requestCancelled = $module.api('was cancelled');\n\n                if (requestCancelled) {\n                  module.debug('API Request cancelled by beforesend');\n\n                  settings.activateTest = function () {\n                    return false;\n                  };\n\n                  settings.deactivateTest = function () {\n                    return false;\n                  };\n                } else if (apiRequest) {\n                  module.listenTo(apiRequest);\n                  return;\n                }\n              }\n\n              module.change.state();\n            }\n          }\n        },\n        listenTo: function (apiRequest) {\n          module.debug('API request detected, waiting for state signal', apiRequest);\n\n          if (apiRequest) {\n            if (text.loading) {\n              module.update.text(text.loading);\n            }\n\n            $.when(apiRequest).then(function () {\n              if (apiRequest.state() == 'resolved') {\n                module.debug('API request succeeded');\n\n                settings.activateTest = function () {\n                  return true;\n                };\n\n                settings.deactivateTest = function () {\n                  return true;\n                };\n              } else {\n                module.debug('API request failed');\n\n                settings.activateTest = function () {\n                  return false;\n                };\n\n                settings.deactivateTest = function () {\n                  return false;\n                };\n              }\n\n              module.change.state();\n            });\n          }\n        },\n        // checks whether active/inactive state can be given\n        change: {\n          state: function () {\n            module.debug('Determining state change direction'); // inactive to active change\n\n            if (module.is.inactive()) {\n              module.activate();\n            } else {\n              module.deactivate();\n            }\n\n            if (settings.sync) {\n              module.sync();\n            }\n\n            settings.onChange.call(element);\n          },\n          text: function () {\n            if (module.is.textEnabled()) {\n              if (module.is.disabled()) {\n                module.verbose('Changing text to disabled text', text.hover);\n                module.update.text(text.disabled);\n              } else if (module.is.active()) {\n                if (text.hover) {\n                  module.verbose('Changing text to hover text', text.hover);\n                  module.update.text(text.hover);\n                } else if (text.deactivate) {\n                  module.verbose('Changing text to deactivating text', text.deactivate);\n                  module.update.text(text.deactivate);\n                }\n              } else {\n                if (text.hover) {\n                  module.verbose('Changing text to hover text', text.hover);\n                  module.update.text(text.hover);\n                } else if (text.activate) {\n                  module.verbose('Changing text to activating text', text.activate);\n                  module.update.text(text.activate);\n                }\n              }\n            }\n          }\n        },\n        activate: function () {\n          if (settings.activateTest.call(element)) {\n            module.debug('Setting state to active');\n            $module.addClass(className.active);\n            module.update.text(text.active);\n            settings.onActivate.call(element);\n          }\n        },\n        deactivate: function () {\n          if (settings.deactivateTest.call(element)) {\n            module.debug('Setting state to inactive');\n            $module.removeClass(className.active);\n            module.update.text(text.inactive);\n            settings.onDeactivate.call(element);\n          }\n        },\n        sync: function () {\n          module.verbose('Syncing other buttons to current state');\n\n          if (module.is.active()) {\n            $allModules.not($module).state('activate');\n          } else {\n            $allModules.not($module).state('deactivate');\n          }\n        },\n        get: {\n          text: function () {\n            return settings.selector.text ? $module.find(settings.selector.text).text() : $module.html();\n          },\n          textFor: function (state) {\n            return text[state] || false;\n          }\n        },\n        flash: {\n          text: function (text, duration, callback) {\n            var previousText = module.get.text();\n            module.debug('Flashing text message', text, duration);\n            text = text || settings.text.flash;\n            duration = duration || settings.flashDuration;\n\n            callback = callback || function () {};\n\n            module.update.text(text);\n            setTimeout(function () {\n              module.update.text(previousText);\n              callback.call(element);\n            }, duration);\n          }\n        },\n        reset: {\n          // on mouseout sets text to previous value\n          text: function () {\n            var activeText = text.active || $module.data(metadata.storedText),\n                inactiveText = text.inactive || $module.data(metadata.storedText);\n\n            if (module.is.textEnabled()) {\n              if (module.is.active() && activeText) {\n                module.verbose('Resetting active text', activeText);\n                module.update.text(activeText);\n              } else if (inactiveText) {\n                module.verbose('Resetting inactive text', activeText);\n                module.update.text(inactiveText);\n              }\n            }\n          }\n        },\n        update: {\n          text: function (text) {\n            var currentText = module.get.text();\n\n            if (text && text !== currentText) {\n              module.debug('Updating text', text);\n\n              if (settings.selector.text) {\n                $module.data(metadata.storedText, text).find(settings.selector.text).text(text);\n              } else {\n                $module.data(metadata.storedText, text).html(text);\n              }\n            } else {\n              module.debug('Text is already set, ignoring update', text);\n            }\n          }\n        },\n        setting: function (name, value) {\n          module.debug('Changing setting', name, value);\n\n          if ($.isPlainObject(name)) {\n            $.extend(true, settings, name);\n          } else if (value !== undefined) {\n            if ($.isPlainObject(settings[name])) {\n              $.extend(true, settings[name], value);\n            } else {\n              settings[name] = value;\n            }\n          } else {\n            return settings[name];\n          }\n        },\n        internal: function (name, value) {\n          if ($.isPlainObject(name)) {\n            $.extend(true, module, name);\n          } else if (value !== undefined) {\n            module[name] = value;\n          } else {\n            return module[name];\n          }\n        },\n        debug: function () {\n          if (!settings.silent && settings.debug) {\n            if (settings.performance) {\n              module.performance.log(arguments);\n            } else {\n              module.debug = Function.prototype.bind.call(console.info, console, settings.name + ':');\n              module.debug.apply(console, arguments);\n            }\n          }\n        },\n        verbose: function () {\n          if (!settings.silent && settings.verbose && settings.debug) {\n            if (settings.performance) {\n              module.performance.log(arguments);\n            } else {\n              module.verbose = Function.prototype.bind.call(console.info, console, settings.name + ':');\n              module.verbose.apply(console, arguments);\n            }\n          }\n        },\n        error: function () {\n          if (!settings.silent) {\n            module.error = Function.prototype.bind.call(console.error, console, settings.name + ':');\n            module.error.apply(console, arguments);\n          }\n        },\n        performance: {\n          log: function (message) {\n            var currentTime, executionTime, previousTime;\n\n            if (settings.performance) {\n              currentTime = new Date().getTime();\n              previousTime = time || currentTime;\n              executionTime = currentTime - previousTime;\n              time = currentTime;\n              performance.push({\n                'Name': message[0],\n                'Arguments': [].slice.call(message, 1) || '',\n                'Element': element,\n                'Execution Time': executionTime\n              });\n            }\n\n            clearTimeout(module.performance.timer);\n            module.performance.timer = setTimeout(module.performance.display, 500);\n          },\n          display: function () {\n            var title = settings.name + ':',\n                totalTime = 0;\n            time = false;\n            clearTimeout(module.performance.timer);\n            $.each(performance, function (index, data) {\n              totalTime += data['Execution Time'];\n            });\n            title += ' ' + totalTime + 'ms';\n\n            if (moduleSelector) {\n              title += ' \\'' + moduleSelector + '\\'';\n            }\n\n            if ((console.group !== undefined || console.table !== undefined) && performance.length > 0) {\n              console.groupCollapsed(title);\n\n              if (console.table) {\n                console.table(performance);\n              } else {\n                $.each(performance, function (index, data) {\n                  console.log(data['Name'] + ': ' + data['Execution Time'] + 'ms');\n                });\n              }\n\n              console.groupEnd();\n            }\n\n            performance = [];\n          }\n        },\n        invoke: function (query, passedArguments, context) {\n          var object = instance,\n              maxDepth,\n              found,\n              response;\n          passedArguments = passedArguments || queryArguments;\n          context = element || context;\n\n          if (typeof query == 'string' && object !== undefined) {\n            query = query.split(/[\\. ]/);\n            maxDepth = query.length - 1;\n            $.each(query, function (depth, value) {\n              var camelCaseValue = depth != maxDepth ? value + query[depth + 1].charAt(0).toUpperCase() + query[depth + 1].slice(1) : query;\n\n              if ($.isPlainObject(object[camelCaseValue]) && depth != maxDepth) {\n                object = object[camelCaseValue];\n              } else if (object[camelCaseValue] !== undefined) {\n                found = object[camelCaseValue];\n                return false;\n              } else if ($.isPlainObject(object[value]) && depth != maxDepth) {\n                object = object[value];\n              } else if (object[value] !== undefined) {\n                found = object[value];\n                return false;\n              } else {\n                module.error(error.method, query);\n                return false;\n              }\n            });\n          }\n\n          if ($.isFunction(found)) {\n            response = found.apply(context, passedArguments);\n          } else if (found !== undefined) {\n            response = found;\n          }\n\n          if ($.isArray(returnedValue)) {\n            returnedValue.push(response);\n          } else if (returnedValue !== undefined) {\n            returnedValue = [returnedValue, response];\n          } else if (response !== undefined) {\n            returnedValue = response;\n          }\n\n          return found;\n        }\n      };\n\n      if (methodInvoked) {\n        if (instance === undefined) {\n          module.initialize();\n        }\n\n        module.invoke(query);\n      } else {\n        if (instance !== undefined) {\n          instance.invoke('destroy');\n        }\n\n        module.initialize();\n      }\n    });\n    return returnedValue !== undefined ? returnedValue : this;\n  };\n\n  $.fn.state.settings = {\n    // module info\n    name: 'State',\n    // debug output\n    debug: false,\n    // verbose debug output\n    verbose: false,\n    // namespace for events\n    namespace: 'state',\n    // debug data includes performance\n    performance: true,\n    // callback occurs on state change\n    onActivate: function () {},\n    onDeactivate: function () {},\n    onChange: function () {},\n    // state test functions\n    activateTest: function () {\n      return true;\n    },\n    deactivateTest: function () {\n      return true;\n    },\n    // whether to automatically map default states\n    automatic: true,\n    // activate / deactivate changes all elements instantiated at same time\n    sync: false,\n    // default flash text duration, used for temporarily changing text of an element\n    flashDuration: 1000,\n    // selector filter\n    filter: {\n      text: '.loading, .disabled',\n      active: '.disabled'\n    },\n    context: false,\n    // error\n    error: {\n      beforeSend: 'The before send function has cancelled state change',\n      method: 'The method you called is not defined.'\n    },\n    // metadata\n    metadata: {\n      promise: 'promise',\n      storedText: 'stored-text'\n    },\n    // change class on state\n    className: {\n      active: 'active',\n      disabled: 'disabled',\n      error: 'error',\n      loading: 'loading',\n      success: 'success',\n      warning: 'warning'\n    },\n    selector: {\n      // selector for text node\n      text: false\n    },\n    defaults: {\n      input: {\n        disabled: true,\n        loading: true,\n        active: true\n      },\n      button: {\n        disabled: true,\n        loading: true,\n        active: true\n      },\n      progress: {\n        active: true,\n        success: true,\n        warning: true,\n        error: true\n      }\n    },\n    states: {\n      active: true,\n      disabled: true,\n      error: true,\n      loading: true,\n      success: true,\n      warning: true\n    },\n    text: {\n      disabled: false,\n      flash: false,\n      hover: false,\n      active: false,\n      inactive: false,\n      activate: false,\n      deactivate: false\n    }\n  };\n})(jQuery, window, document);","map":{"version":3,"sources":["client/lib/semantic-ui/definitions/behaviors/state.js"],"names":["$","window","document","undefined","Math","self","Function","fn","state","parameters","$allModules","moduleSelector","selector","hasTouch","documentElement","time","Date","getTime","performance","query","arguments","methodInvoked","queryArguments","slice","call","returnedValue","each","settings","isPlainObject","extend","error","metadata","className","namespace","states","text","eventNamespace","moduleNamespace","$module","element","instance","data","module","initialize","verbose","automatic","add","defaults","context","on","change","reset","toggle","instantiate","destroy","off","removeData","refresh","userStates","type","typeStates","is","active","hasClass","loading","inactive","enabled","filter","disabled","textEnabled","button","input","progress","allow","debug","disallow","allows","enable","removeClass","disable","addClass","setState","removeState","apiRequest","requestCancelled","api","activateTest","deactivateTest","listenTo","update","when","then","activate","deactivate","sync","onChange","hover","onActivate","onDeactivate","not","get","find","html","textFor","flash","duration","callback","previousText","flashDuration","setTimeout","activeText","storedText","inactiveText","currentText","setting","name","value","internal","silent","log","prototype","bind","console","info","apply","message","currentTime","executionTime","previousTime","push","clearTimeout","timer","display","title","totalTime","index","group","table","length","groupCollapsed","groupEnd","invoke","passedArguments","object","maxDepth","found","response","split","depth","camelCaseValue","charAt","toUpperCase","method","isFunction","isArray","beforeSend","promise","success","warning","jQuery"],"mappings":"AAAA;;;GAIA;;;;;;;;MAUA;;AAAC,CAAC,UAAUA,CAAV,EAAaC,MAAb,EAAqBC,QAArB,EAA+BC,SAA/B,EAA0C;AAE5C;;AAEAF,WAAU,OAAOA,MAAP,IAAiB,WAAjB,IAAgCA,OAAOG,IAAP,IAAeA,IAAhD,GACLH,MADK,GAEJ,OAAOI,IAAP,IAAe,WAAf,IAA8BA,KAAKD,IAAL,IAAaA,IAA5C,GACEC,IADF,GAEEC,SAAS,aAAT,GAJN;;AAOAN,IAAEO,EAAF,CAAKC,KAAL,GAAa,UAASC,UAAT,EAAqB;AAChC,QACEC,cAAkBV,EAAE,IAAF,CADpB;AAAA,QAGEW,iBAAkBD,YAAYE,QAAZ,IAAwB,EAH5C;AAAA,QAKEC,WAAmB,kBAAkBX,SAASY,eALhD;AAAA,QAMEC,OAAkB,IAAIC,IAAJ,GAAWC,OAAX,EANpB;AAAA,QAOEC,cAAkB,EAPpB;AAAA,QASEC,QAAkBC,UAAU,CAAV,CATpB;AAAA,QAUEC,gBAAmB,OAAOF,KAAP,IAAgB,QAVrC;AAAA,QAWEG,iBAAkB,GAAGC,KAAH,CAASC,IAAT,CAAcJ,SAAd,EAAyB,CAAzB,CAXpB;AAAA,QAaEK,aAbF;AAeAf,gBACGgB,IADH,CACQ,YAAW;AACf,UACEC,WAAsB3B,EAAE4B,aAAF,CAAgBnB,UAAhB,CAAF,GAChBT,EAAE6B,MAAF,CAAS,IAAT,EAAe,EAAf,EAAmB7B,EAAEO,EAAF,CAAKC,KAAL,CAAWmB,QAA9B,EAAwClB,UAAxC,CADgB,GAEhBT,EAAE6B,MAAF,CAAS,EAAT,EAAa7B,EAAEO,EAAF,CAAKC,KAAL,CAAWmB,QAAxB,CAHN;AAAA,UAKEG,QAAkBH,SAASG,KAL7B;AAAA,UAMEC,WAAkBJ,SAASI,QAN7B;AAAA,UAOEC,YAAkBL,SAASK,SAP7B;AAAA,UAQEC,YAAkBN,SAASM,SAR7B;AAAA,UASEC,SAAkBP,SAASO,MAT7B;AAAA,UAUEC,OAAkBR,SAASQ,IAV7B;AAAA,UAYEC,iBAAkB,MAAMH,SAZ1B;AAAA,UAaEI,kBAAkBJ,YAAY,SAbhC;AAAA,UAeEK,UAAkBtC,EAAE,IAAF,CAfpB;AAAA,UAiBEuC,UAAkB,IAjBpB;AAAA,UAkBEC,WAAkBF,QAAQG,IAAR,CAAaJ,eAAb,CAlBpB;AAAA,UAoBEK,MApBF;AAsBAA,eAAS;AAEPC,oBAAY,YAAW;AACrBD,iBAAOE,OAAP,CAAe,qBAAf,EADqB,CAGrB;;AACA,cAAGjB,SAASkB,SAAZ,EAAuB;AACrBH,mBAAOI,GAAP,CAAWC,QAAX;AACD,WANoB,CAQrB;;;AACA,cAAGpB,SAASqB,OAAT,IAAoBrC,mBAAmB,EAA1C,EAA8C;AAC5CX,cAAE2B,SAASqB,OAAX,EACGC,EADH,CACMtC,cADN,EACsB,eAAeyB,cADrC,EACqDM,OAAOQ,MAAP,CAAcf,IADnE,EAEGc,EAFH,CAEMtC,cAFN,EAEsB,eAAeyB,cAFrC,EAEqDM,OAAOS,KAAP,CAAahB,IAFlE,EAGGc,EAHH,CAGMtC,cAHN,EAGsB,UAAeyB,cAHrC,EAGqDM,OAAOU,MAAP,CAAc5C,KAHnE;AAKD,WAND,MAOK;AACH8B,oBACGW,EADH,CACM,eAAeb,cADrB,EACqCM,OAAOQ,MAAP,CAAcf,IADnD,EAEGc,EAFH,CAEM,eAAeb,cAFrB,EAEqCM,OAAOS,KAAP,CAAahB,IAFlD,EAGGc,EAHH,CAGM,UAAeb,cAHrB,EAGqCM,OAAOU,MAAP,CAAc5C,KAHnD;AAKD;;AACDkC,iBAAOW,WAAP;AACD,SA1BM;AA4BPA,qBAAa,YAAW;AACtBX,iBAAOE,OAAP,CAAe,4BAAf,EAA6CF,MAA7C;AACAF,qBAAWE,MAAX;AACAJ,kBACGG,IADH,CACQJ,eADR,EACyBK,MADzB;AAGD,SAlCM;AAoCPY,iBAAS,YAAW;AAClBZ,iBAAOE,OAAP,CAAe,4BAAf,EAA6CJ,QAA7C;AACAF,kBACGiB,GADH,CACOnB,cADP,EAEGoB,UAFH,CAEcnB,eAFd;AAID,SA1CM;AA4CPoB,iBAAS,YAAW;AAClBf,iBAAOE,OAAP,CAAe,2BAAf;AACAN,oBAAUtC,EAAEuC,OAAF,CAAV;AACD,SA/CM;AAiDPO,aAAK;AACHC,oBAAU,YAAW;AACnB,gBACEW,aAAajD,cAAcT,EAAE4B,aAAF,CAAgBnB,WAAWyB,MAA3B,CAAd,GACTzB,WAAWyB,MADF,GAET,EAHN;AAKAlC,cAAE0B,IAAF,CAAOC,SAASoB,QAAhB,EAA0B,UAASY,IAAT,EAAeC,UAAf,EAA2B;AACnD,kBAAIlB,OAAOmB,EAAP,CAAUF,IAAV,MAAoBxD,SAApB,IAAiCuC,OAAOmB,EAAP,CAAUF,IAAV,GAArC,EAAyD;AACvDjB,uBAAOE,OAAP,CAAe,uBAAf,EAAwCe,IAAxC,EAA8CpB,OAA9C;AACAvC,kBAAE6B,MAAF,CAASF,SAASO,MAAlB,EAA0B0B,UAA1B,EAAsCF,UAAtC;AACD;AACF,aALD;AAMD;AAbE,SAjDE;AAiEPG,YAAI;AAEFC,kBAAQ,YAAW;AACjB,mBAAOxB,QAAQyB,QAAR,CAAiB/B,UAAU8B,MAA3B,CAAP;AACD,WAJC;AAKFE,mBAAS,YAAW;AAClB,mBAAO1B,QAAQyB,QAAR,CAAiB/B,UAAUgC,OAA3B,CAAP;AACD,WAPC;AAQFC,oBAAU,YAAW;AACnB,mBAAO,CAAG3B,QAAQyB,QAAR,CAAiB/B,UAAU8B,MAA3B,CAAV;AACD,WAVC;AAWFtD,iBAAO,UAASA,KAAT,EAAgB;AACrB,gBAAGwB,UAAUxB,KAAV,MAAqBL,SAAxB,EAAmC;AACjC,qBAAO,KAAP;AACD;;AACD,mBAAOmC,QAAQyB,QAAR,CAAkB/B,UAAUxB,KAAV,CAAlB,CAAP;AACD,WAhBC;AAkBF0D,mBAAS,YAAW;AAClB,mBAAO,CAAG5B,QAAQuB,EAAR,CAAWlC,SAASwC,MAAT,CAAgBL,MAA3B,CAAV;AACD,WApBC;AAqBFM,oBAAU,YAAW;AACnB,mBAAS9B,QAAQuB,EAAR,CAAWlC,SAASwC,MAAT,CAAgBL,MAA3B,CAAT;AACD,WAvBC;AAwBFO,uBAAa,YAAW;AACtB,mBAAO,CAAG/B,QAAQuB,EAAR,CAAWlC,SAASwC,MAAT,CAAgBhC,IAA3B,CAAV;AACD,WA1BC;AA4BF;AACAmC,kBAAQ,YAAW;AACjB,mBAAOhC,QAAQuB,EAAR,CAAW,yBAAX,CAAP;AACD,WA/BC;AAgCFU,iBAAO,YAAW;AAChB,mBAAOjC,QAAQuB,EAAR,CAAW,OAAX,CAAP;AACD,WAlCC;AAmCFW,oBAAU,YAAW;AACnB,mBAAOlC,QAAQuB,EAAR,CAAW,cAAX,CAAP;AACD;AArCC,SAjEG;AAyGPY,eAAO,UAASjE,KAAT,EAAgB;AACrBkC,iBAAOgC,KAAP,CAAa,oBAAb,EAAmClE,KAAnC;AACA0B,iBAAO1B,KAAP,IAAgB,IAAhB;AACD,SA5GM;AA6GPmE,kBAAU,UAASnE,KAAT,EAAgB;AACxBkC,iBAAOgC,KAAP,CAAa,oBAAb,EAAmClE,KAAnC;AACA0B,iBAAO1B,KAAP,IAAgB,KAAhB;AACD,SAhHM;AAkHPoE,gBAAQ,UAASpE,KAAT,EAAgB;AACtB,iBAAO0B,OAAO1B,KAAP,KAAiB,KAAxB;AACD,SApHM;AAsHPqE,gBAAQ,YAAW;AACjBvC,kBAAQwC,WAAR,CAAoB9C,UAAUoC,QAA9B;AACD,SAxHM;AA0HPW,iBAAS,YAAW;AAClBzC,kBAAQ0C,QAAR,CAAiBhD,UAAUoC,QAA3B;AACD,SA5HM;AA8HPa,kBAAU,UAASzE,KAAT,EAAgB;AACxB,cAAGkC,OAAOkC,MAAP,CAAcpE,KAAd,CAAH,EAAyB;AACvB8B,oBAAQ0C,QAAR,CAAkBhD,UAAUxB,KAAV,CAAlB;AACD;AACF,SAlIM;AAoIP0E,qBAAa,UAAS1E,KAAT,EAAgB;AAC3B,cAAGkC,OAAOkC,MAAP,CAAcpE,KAAd,CAAH,EAAyB;AACvB8B,oBAAQwC,WAAR,CAAqB9C,UAAUxB,KAAV,CAArB;AACD;AACF,SAxIM;AA0IP4C,gBAAQ;AACN5C,iBAAO,YAAW;AAChB,gBACE2E,UADF,EAEEC,gBAFF;;AAIA,gBAAI1C,OAAOkC,MAAP,CAAc,QAAd,KAA2BlC,OAAOmB,EAAP,CAAUK,OAAV,EAA/B,EAAqD;AACnDxB,qBAAOe,OAAP;;AACA,kBAAGzD,EAAEO,EAAF,CAAK8E,GAAL,KAAalF,SAAhB,EAA2B;AACzBgF,6BAAmB7C,QAAQ+C,GAAR,CAAY,aAAZ,CAAnB;AACAD,mCAAmB9C,QAAQ+C,GAAR,CAAY,eAAZ,CAAnB;;AACA,oBAAID,gBAAJ,EAAuB;AACrB1C,yBAAOgC,KAAP,CAAa,qCAAb;;AACA/C,2BAAS2D,YAAT,GAA0B,YAAU;AAAE,2BAAO,KAAP;AAAe,mBAArD;;AACA3D,2BAAS4D,cAAT,GAA0B,YAAU;AAAE,2BAAO,KAAP;AAAe,mBAArD;AACD,iBAJD,MAKK,IAAGJ,UAAH,EAAe;AAClBzC,yBAAO8C,QAAP,CAAgBL,UAAhB;AACA;AACD;AACF;;AACDzC,qBAAOQ,MAAP,CAAc1C,KAAd;AACD;AACF;AAvBK,SA1ID;AAoKPgF,kBAAU,UAASL,UAAT,EAAqB;AAC7BzC,iBAAOgC,KAAP,CAAa,gDAAb,EAA+DS,UAA/D;;AACA,cAAGA,UAAH,EAAe;AACb,gBAAGhD,KAAK6B,OAAR,EAAiB;AACftB,qBAAO+C,MAAP,CAActD,IAAd,CAAmBA,KAAK6B,OAAxB;AACD;;AACDhE,cAAE0F,IAAF,CAAOP,UAAP,EACGQ,IADH,CACQ,YAAW;AACf,kBAAGR,WAAW3E,KAAX,MAAsB,UAAzB,EAAqC;AACnCkC,uBAAOgC,KAAP,CAAa,uBAAb;;AACA/C,yBAAS2D,YAAT,GAA0B,YAAU;AAAE,yBAAO,IAAP;AAAc,iBAApD;;AACA3D,yBAAS4D,cAAT,GAA0B,YAAU;AAAE,yBAAO,IAAP;AAAc,iBAApD;AACD,eAJD,MAKK;AACH7C,uBAAOgC,KAAP,CAAa,oBAAb;;AACA/C,yBAAS2D,YAAT,GAA0B,YAAU;AAAE,yBAAO,KAAP;AAAe,iBAArD;;AACA3D,yBAAS4D,cAAT,GAA0B,YAAU;AAAE,yBAAO,KAAP;AAAe,iBAArD;AACD;;AACD7C,qBAAOQ,MAAP,CAAc1C,KAAd;AACD,aAbH;AAeD;AACF,SA1LM;AA4LP;AACA0C,gBAAQ;AAEN1C,iBAAO,YAAW;AAChBkC,mBAAOgC,KAAP,CAAa,oCAAb,EADgB,CAEhB;;AACA,gBAAIhC,OAAOmB,EAAP,CAAUI,QAAV,EAAJ,EAA2B;AACzBvB,qBAAOkD,QAAP;AACD,aAFD,MAGK;AACHlD,qBAAOmD,UAAP;AACD;;AACD,gBAAGlE,SAASmE,IAAZ,EAAkB;AAChBpD,qBAAOoD,IAAP;AACD;;AACDnE,qBAASoE,QAAT,CAAkBvE,IAAlB,CAAuBe,OAAvB;AACD,WAfK;AAiBNJ,gBAAM,YAAW;AACf,gBAAIO,OAAOmB,EAAP,CAAUQ,WAAV,EAAJ,EAA8B;AAC5B,kBAAG3B,OAAOmB,EAAP,CAAUO,QAAV,EAAH,EAA0B;AACxB1B,uBAAOE,OAAP,CAAe,gCAAf,EAAiDT,KAAK6D,KAAtD;AACAtD,uBAAO+C,MAAP,CAActD,IAAd,CAAmBA,KAAKiC,QAAxB;AACD,eAHD,MAIK,IAAI1B,OAAOmB,EAAP,CAAUC,MAAV,EAAJ,EAAyB;AAC5B,oBAAG3B,KAAK6D,KAAR,EAAe;AACbtD,yBAAOE,OAAP,CAAe,6BAAf,EAA8CT,KAAK6D,KAAnD;AACAtD,yBAAO+C,MAAP,CAActD,IAAd,CAAmBA,KAAK6D,KAAxB;AACD,iBAHD,MAIK,IAAG7D,KAAK0D,UAAR,EAAoB;AACvBnD,yBAAOE,OAAP,CAAe,oCAAf,EAAqDT,KAAK0D,UAA1D;AACAnD,yBAAO+C,MAAP,CAActD,IAAd,CAAmBA,KAAK0D,UAAxB;AACD;AACF,eATI,MAUA;AACH,oBAAG1D,KAAK6D,KAAR,EAAe;AACbtD,yBAAOE,OAAP,CAAe,6BAAf,EAA8CT,KAAK6D,KAAnD;AACAtD,yBAAO+C,MAAP,CAActD,IAAd,CAAmBA,KAAK6D,KAAxB;AACD,iBAHD,MAIK,IAAG7D,KAAKyD,QAAR,EAAiB;AACpBlD,yBAAOE,OAAP,CAAe,kCAAf,EAAmDT,KAAKyD,QAAxD;AACAlD,yBAAO+C,MAAP,CAActD,IAAd,CAAmBA,KAAKyD,QAAxB;AACD;AACF;AACF;AACF;AA5CK,SA7LD;AA6OPA,kBAAU,YAAW;AACnB,cAAIjE,SAAS2D,YAAT,CAAsB9D,IAAtB,CAA2Be,OAA3B,CAAJ,EAA0C;AACxCG,mBAAOgC,KAAP,CAAa,yBAAb;AACApC,oBACG0C,QADH,CACYhD,UAAU8B,MADtB;AAGApB,mBAAO+C,MAAP,CAActD,IAAd,CAAmBA,KAAK2B,MAAxB;AACAnC,qBAASsE,UAAT,CAAoBzE,IAApB,CAAyBe,OAAzB;AACD;AACF,SAtPM;AAwPPsD,oBAAY,YAAW;AACrB,cAAIlE,SAAS4D,cAAT,CAAwB/D,IAAxB,CAA6Be,OAA7B,CAAJ,EAA4C;AAC1CG,mBAAOgC,KAAP,CAAa,2BAAb;AACApC,oBACGwC,WADH,CACe9C,UAAU8B,MADzB;AAGApB,mBAAO+C,MAAP,CAActD,IAAd,CAAmBA,KAAK8B,QAAxB;AACAtC,qBAASuE,YAAT,CAAsB1E,IAAtB,CAA2Be,OAA3B;AACD;AACF,SAjQM;AAmQPuD,cAAM,YAAW;AACfpD,iBAAOE,OAAP,CAAe,wCAAf;;AACA,cAAIF,OAAOmB,EAAP,CAAUC,MAAV,EAAJ,EAAyB;AACvBpD,wBACGyF,GADH,CACO7D,OADP,EAEK9B,KAFL,CAEW,UAFX;AAGD,WAJD,MAKK;AACHE,wBACGyF,GADH,CACO7D,OADP,EAEK9B,KAFL,CAEW,YAFX;AAID;AACF,SAhRM;AAkRP4F,aAAK;AACHjE,gBAAM,YAAW;AACf,mBAAQR,SAASf,QAAT,CAAkBuB,IAAnB,GACHG,QAAQ+D,IAAR,CAAa1E,SAASf,QAAT,CAAkBuB,IAA/B,EAAqCA,IAArC,EADG,GAEHG,QAAQgE,IAAR,EAFJ;AAID,WANE;AAOHC,mBAAS,UAAS/F,KAAT,EAAgB;AACvB,mBAAO2B,KAAK3B,KAAL,KAAe,KAAtB;AACD;AATE,SAlRE;AA8RPgG,eAAO;AACLrE,gBAAM,UAASA,IAAT,EAAesE,QAAf,EAAyBC,QAAzB,EAAmC;AACvC,gBACEC,eAAejE,OAAO0D,GAAP,CAAWjE,IAAX,EADjB;AAGAO,mBAAOgC,KAAP,CAAa,uBAAb,EAAsCvC,IAAtC,EAA4CsE,QAA5C;AACAtE,mBAAWA,QAAYR,SAASQ,IAAT,CAAcqE,KAArC;AACAC,uBAAWA,YAAY9E,SAASiF,aAAhC;;AACAF,uBAAWA,YAAY,YAAW,CAAE,CAApC;;AACAhE,mBAAO+C,MAAP,CAActD,IAAd,CAAmBA,IAAnB;AACA0E,uBAAW,YAAU;AACnBnE,qBAAO+C,MAAP,CAActD,IAAd,CAAmBwE,YAAnB;AACAD,uBAASlF,IAAT,CAAce,OAAd;AACD,aAHD,EAGGkE,QAHH;AAID;AAdI,SA9RA;AA+SPtD,eAAO;AACL;AACAhB,gBAAM,YAAW;AACf,gBACE2E,aAAe3E,KAAK2B,MAAL,IAAiBxB,QAAQG,IAAR,CAAaV,SAASgF,UAAtB,CADlC;AAAA,gBAEEC,eAAe7E,KAAK8B,QAAL,IAAiB3B,QAAQG,IAAR,CAAaV,SAASgF,UAAtB,CAFlC;;AAIA,gBAAIrE,OAAOmB,EAAP,CAAUQ,WAAV,EAAJ,EAA8B;AAC5B,kBAAI3B,OAAOmB,EAAP,CAAUC,MAAV,MAAsBgD,UAA1B,EAAsC;AACpCpE,uBAAOE,OAAP,CAAe,uBAAf,EAAwCkE,UAAxC;AACApE,uBAAO+C,MAAP,CAActD,IAAd,CAAmB2E,UAAnB;AACD,eAHD,MAIK,IAAGE,YAAH,EAAiB;AACpBtE,uBAAOE,OAAP,CAAe,yBAAf,EAA0CkE,UAA1C;AACApE,uBAAO+C,MAAP,CAActD,IAAd,CAAmB6E,YAAnB;AACD;AACF;AACF;AAjBI,SA/SA;AAmUPvB,gBAAQ;AACNtD,gBAAM,UAASA,IAAT,EAAe;AACnB,gBACE8E,cAAcvE,OAAO0D,GAAP,CAAWjE,IAAX,EADhB;;AAGA,gBAAGA,QAAQA,SAAS8E,WAApB,EAAiC;AAC/BvE,qBAAOgC,KAAP,CAAa,eAAb,EAA8BvC,IAA9B;;AACA,kBAAGR,SAASf,QAAT,CAAkBuB,IAArB,EAA2B;AACzBG,wBACGG,IADH,CACQV,SAASgF,UADjB,EAC6B5E,IAD7B,EAEGkE,IAFH,CAEQ1E,SAASf,QAAT,CAAkBuB,IAF1B,EAGKA,IAHL,CAGUA,IAHV;AAKD,eAND,MAOK;AACHG,wBACGG,IADH,CACQV,SAASgF,UADjB,EAC6B5E,IAD7B,EAEGmE,IAFH,CAEQnE,IAFR;AAID;AACF,aAfD,MAgBK;AACHO,qBAAOgC,KAAP,CAAa,sCAAb,EAAqDvC,IAArD;AACD;AACF;AAxBK,SAnUD;AA8VP+E,iBAAS,UAASC,IAAT,EAAeC,KAAf,EAAsB;AAC7B1E,iBAAOgC,KAAP,CAAa,kBAAb,EAAiCyC,IAAjC,EAAuCC,KAAvC;;AACA,cAAIpH,EAAE4B,aAAF,CAAgBuF,IAAhB,CAAJ,EAA4B;AAC1BnH,cAAE6B,MAAF,CAAS,IAAT,EAAeF,QAAf,EAAyBwF,IAAzB;AACD,WAFD,MAGK,IAAGC,UAAUjH,SAAb,EAAwB;AAC3B,gBAAGH,EAAE4B,aAAF,CAAgBD,SAASwF,IAAT,CAAhB,CAAH,EAAoC;AAClCnH,gBAAE6B,MAAF,CAAS,IAAT,EAAeF,SAASwF,IAAT,CAAf,EAA+BC,KAA/B;AACD,aAFD,MAGK;AACHzF,uBAASwF,IAAT,IAAiBC,KAAjB;AACD;AACF,WAPI,MAQA;AACH,mBAAOzF,SAASwF,IAAT,CAAP;AACD;AACF,SA9WM;AA+WPE,kBAAU,UAASF,IAAT,EAAeC,KAAf,EAAsB;AAC9B,cAAIpH,EAAE4B,aAAF,CAAgBuF,IAAhB,CAAJ,EAA4B;AAC1BnH,cAAE6B,MAAF,CAAS,IAAT,EAAea,MAAf,EAAuByE,IAAvB;AACD,WAFD,MAGK,IAAGC,UAAUjH,SAAb,EAAwB;AAC3BuC,mBAAOyE,IAAP,IAAeC,KAAf;AACD,WAFI,MAGA;AACH,mBAAO1E,OAAOyE,IAAP,CAAP;AACD;AACF,SAzXM;AA0XPzC,eAAO,YAAW;AAChB,cAAG,CAAC/C,SAAS2F,MAAV,IAAoB3F,SAAS+C,KAAhC,EAAuC;AACrC,gBAAG/C,SAAST,WAAZ,EAAyB;AACvBwB,qBAAOxB,WAAP,CAAmBqG,GAAnB,CAAuBnG,SAAvB;AACD,aAFD,MAGK;AACHsB,qBAAOgC,KAAP,GAAepE,SAASkH,SAAT,CAAmBC,IAAnB,CAAwBjG,IAAxB,CAA6BkG,QAAQC,IAArC,EAA2CD,OAA3C,EAAoD/F,SAASwF,IAAT,GAAgB,GAApE,CAAf;AACAzE,qBAAOgC,KAAP,CAAakD,KAAb,CAAmBF,OAAnB,EAA4BtG,SAA5B;AACD;AACF;AACF,SApYM;AAqYPwB,iBAAS,YAAW;AAClB,cAAG,CAACjB,SAAS2F,MAAV,IAAoB3F,SAASiB,OAA7B,IAAwCjB,SAAS+C,KAApD,EAA2D;AACzD,gBAAG/C,SAAST,WAAZ,EAAyB;AACvBwB,qBAAOxB,WAAP,CAAmBqG,GAAnB,CAAuBnG,SAAvB;AACD,aAFD,MAGK;AACHsB,qBAAOE,OAAP,GAAiBtC,SAASkH,SAAT,CAAmBC,IAAnB,CAAwBjG,IAAxB,CAA6BkG,QAAQC,IAArC,EAA2CD,OAA3C,EAAoD/F,SAASwF,IAAT,GAAgB,GAApE,CAAjB;AACAzE,qBAAOE,OAAP,CAAegF,KAAf,CAAqBF,OAArB,EAA8BtG,SAA9B;AACD;AACF;AACF,SA/YM;AAgZPU,eAAO,YAAW;AAChB,cAAG,CAACH,SAAS2F,MAAb,EAAqB;AACnB5E,mBAAOZ,KAAP,GAAexB,SAASkH,SAAT,CAAmBC,IAAnB,CAAwBjG,IAAxB,CAA6BkG,QAAQ5F,KAArC,EAA4C4F,OAA5C,EAAqD/F,SAASwF,IAAT,GAAgB,GAArE,CAAf;AACAzE,mBAAOZ,KAAP,CAAa8F,KAAb,CAAmBF,OAAnB,EAA4BtG,SAA5B;AACD;AACF,SArZM;AAsZPF,qBAAa;AACXqG,eAAK,UAASM,OAAT,EAAkB;AACrB,gBACEC,WADF,EAEEC,aAFF,EAGEC,YAHF;;AAKA,gBAAGrG,SAAST,WAAZ,EAAyB;AACvB4G,4BAAgB,IAAI9G,IAAJ,GAAWC,OAAX,EAAhB;AACA+G,6BAAgBjH,QAAQ+G,WAAxB;AACAC,8BAAgBD,cAAcE,YAA9B;AACAjH,qBAAgB+G,WAAhB;AACA5G,0BAAY+G,IAAZ,CAAiB;AACf,wBAAmBJ,QAAQ,CAAR,CADJ;AAEf,6BAAmB,GAAGtG,KAAH,CAASC,IAAT,CAAcqG,OAAd,EAAuB,CAAvB,KAA6B,EAFjC;AAGf,2BAAmBtF,OAHJ;AAIf,kCAAmBwF;AAJJ,eAAjB;AAMD;;AACDG,yBAAaxF,OAAOxB,WAAP,CAAmBiH,KAAhC;AACAzF,mBAAOxB,WAAP,CAAmBiH,KAAnB,GAA2BtB,WAAWnE,OAAOxB,WAAP,CAAmBkH,OAA9B,EAAuC,GAAvC,CAA3B;AACD,WArBU;AAsBXA,mBAAS,YAAW;AAClB,gBACEC,QAAQ1G,SAASwF,IAAT,GAAgB,GAD1B;AAAA,gBAEEmB,YAAY,CAFd;AAIAvH,mBAAO,KAAP;AACAmH,yBAAaxF,OAAOxB,WAAP,CAAmBiH,KAAhC;AACAnI,cAAE0B,IAAF,CAAOR,WAAP,EAAoB,UAASqH,KAAT,EAAgB9F,IAAhB,EAAsB;AACxC6F,2BAAa7F,KAAK,gBAAL,CAAb;AACD,aAFD;AAGA4F,qBAAS,MAAMC,SAAN,GAAkB,IAA3B;;AACA,gBAAG3H,cAAH,EAAmB;AACjB0H,uBAAS,QAAQ1H,cAAR,GAAyB,IAAlC;AACD;;AACD,gBAAI,CAAC+G,QAAQc,KAAR,KAAkBrI,SAAlB,IAA+BuH,QAAQe,KAAR,KAAkBtI,SAAlD,KAAgEe,YAAYwH,MAAZ,GAAqB,CAAzF,EAA4F;AAC1FhB,sBAAQiB,cAAR,CAAuBN,KAAvB;;AACA,kBAAGX,QAAQe,KAAX,EAAkB;AAChBf,wBAAQe,KAAR,CAAcvH,WAAd;AACD,eAFD,MAGK;AACHlB,kBAAE0B,IAAF,CAAOR,WAAP,EAAoB,UAASqH,KAAT,EAAgB9F,IAAhB,EAAsB;AACxCiF,0BAAQH,GAAR,CAAY9E,KAAK,MAAL,IAAe,IAAf,GAAsBA,KAAK,gBAAL,CAAtB,GAA6C,IAAzD;AACD,iBAFD;AAGD;;AACDiF,sBAAQkB,QAAR;AACD;;AACD1H,0BAAc,EAAd;AACD;AAjDU,SAtZN;AAycP2H,gBAAQ,UAAS1H,KAAT,EAAgB2H,eAAhB,EAAiC9F,OAAjC,EAA0C;AAChD,cACE+F,SAASvG,QADX;AAAA,cAEEwG,QAFF;AAAA,cAGEC,KAHF;AAAA,cAIEC,QAJF;AAMAJ,4BAAkBA,mBAAmBxH,cAArC;AACA0B,oBAAkBT,WAAmBS,OAArC;;AACA,cAAG,OAAO7B,KAAP,IAAgB,QAAhB,IAA4B4H,WAAW5I,SAA1C,EAAqD;AACnDgB,oBAAWA,MAAMgI,KAAN,CAAY,OAAZ,CAAX;AACAH,uBAAW7H,MAAMuH,MAAN,GAAe,CAA1B;AACA1I,cAAE0B,IAAF,CAAOP,KAAP,EAAc,UAASiI,KAAT,EAAgBhC,KAAhB,EAAuB;AACnC,kBAAIiC,iBAAkBD,SAASJ,QAAV,GACjB5B,QAAQjG,MAAMiI,QAAQ,CAAd,EAAiBE,MAAjB,CAAwB,CAAxB,EAA2BC,WAA3B,EAAR,GAAmDpI,MAAMiI,QAAQ,CAAd,EAAiB7H,KAAjB,CAAuB,CAAvB,CADlC,GAEjBJ,KAFJ;;AAIA,kBAAInB,EAAE4B,aAAF,CAAiBmH,OAAOM,cAAP,CAAjB,KAA8CD,SAASJ,QAA3D,EAAuE;AACrED,yBAASA,OAAOM,cAAP,CAAT;AACD,eAFD,MAGK,IAAIN,OAAOM,cAAP,MAA2BlJ,SAA/B,EAA2C;AAC9C8I,wBAAQF,OAAOM,cAAP,CAAR;AACA,uBAAO,KAAP;AACD,eAHI,MAIA,IAAIrJ,EAAE4B,aAAF,CAAiBmH,OAAO3B,KAAP,CAAjB,KAAqCgC,SAASJ,QAAlD,EAA8D;AACjED,yBAASA,OAAO3B,KAAP,CAAT;AACD,eAFI,MAGA,IAAI2B,OAAO3B,KAAP,MAAkBjH,SAAtB,EAAkC;AACrC8I,wBAAQF,OAAO3B,KAAP,CAAR;AACA,uBAAO,KAAP;AACD,eAHI,MAIA;AACH1E,uBAAOZ,KAAP,CAAaA,MAAM0H,MAAnB,EAA2BrI,KAA3B;AACA,uBAAO,KAAP;AACD;AACF,aAvBD;AAwBD;;AACD,cAAKnB,EAAEyJ,UAAF,CAAcR,KAAd,CAAL,EAA6B;AAC3BC,uBAAWD,MAAMrB,KAAN,CAAY5E,OAAZ,EAAqB8F,eAArB,CAAX;AACD,WAFD,MAGK,IAAGG,UAAU9I,SAAb,EAAwB;AAC3B+I,uBAAWD,KAAX;AACD;;AACD,cAAGjJ,EAAE0J,OAAF,CAAUjI,aAAV,CAAH,EAA6B;AAC3BA,0BAAcwG,IAAd,CAAmBiB,QAAnB;AACD,WAFD,MAGK,IAAGzH,kBAAkBtB,SAArB,EAAgC;AACnCsB,4BAAgB,CAACA,aAAD,EAAgByH,QAAhB,CAAhB;AACD,WAFI,MAGA,IAAGA,aAAa/I,SAAhB,EAA2B;AAC9BsB,4BAAgByH,QAAhB;AACD;;AACD,iBAAOD,KAAP;AACD;AA9fM,OAAT;;AAigBA,UAAG5H,aAAH,EAAkB;AAChB,YAAGmB,aAAarC,SAAhB,EAA2B;AACzBuC,iBAAOC,UAAP;AACD;;AACDD,eAAOmG,MAAP,CAAc1H,KAAd;AACD,OALD,MAMK;AACH,YAAGqB,aAAarC,SAAhB,EAA2B;AACzBqC,mBAASqG,MAAT,CAAgB,SAAhB;AACD;;AACDnG,eAAOC,UAAP;AACD;AACF,KAriBH;AAwiBA,WAAQlB,kBAAkBtB,SAAnB,GACHsB,aADG,GAEH,IAFJ;AAID,GA5jBD;;AA8jBAzB,IAAEO,EAAF,CAAKC,KAAL,CAAWmB,QAAX,GAAsB;AAEpB;AACAwF,UAAiB,OAHG;AAKpB;AACAzC,WAAiB,KANG;AAQpB;AACA9B,aAAiB,KATG;AAWpB;AACAX,eAAiB,OAZG;AAcpB;AACAf,iBAAiB,IAfG;AAiBpB;AACA+E,gBAAiB,YAAW,CAAE,CAlBV;AAmBpBC,kBAAiB,YAAW,CAAE,CAnBV;AAoBpBH,cAAiB,YAAW,CAAE,CApBV;AAsBpB;AACAT,kBAAiB,YAAW;AAAE,aAAO,IAAP;AAAc,KAvBxB;AAwBpBC,oBAAiB,YAAW;AAAE,aAAO,IAAP;AAAc,KAxBxB;AA0BpB;AACA1C,eAAiB,IA3BG;AA6BpB;AACAiD,UAAiB,KA9BG;AAgCpB;AACAc,mBAAiB,IAjCG;AAmCpB;AACAzC,YAAa;AACXhC,YAAS,qBADE;AAEX2B,cAAS;AAFE,KApCO;AAyCpBd,aAAa,KAzCO;AA2CpB;AACAlB,WAAO;AACL6H,kBAAa,qDADR;AAELH,cAAa;AAFR,KA5Ca;AAiDpB;AACAzH,cAAU;AACR6H,eAAa,SADL;AAER7C,kBAAa;AAFL,KAlDU;AAuDpB;AACA/E,eAAW;AACT8B,cAAW,QADF;AAETM,gBAAW,UAFF;AAGTtC,aAAW,OAHF;AAITkC,eAAW,SAJF;AAKT6F,eAAW,SALF;AAMTC,eAAW;AANF,KAxDS;AAiEpBlJ,cAAU;AACR;AACAuB,YAAM;AAFE,KAjEU;AAsEpBY,cAAW;AACTwB,aAAO;AACLH,kBAAW,IADN;AAELJ,iBAAW,IAFN;AAGLF,gBAAW;AAHN,OADE;AAMTQ,cAAQ;AACNF,kBAAW,IADL;AAENJ,iBAAW,IAFL;AAGNF,gBAAW;AAHL,OANC;AAWTU,gBAAU;AACRV,gBAAW,IADH;AAER+F,iBAAW,IAFH;AAGRC,iBAAW,IAHH;AAIRhI,eAAW;AAJH;AAXD,KAtES;AAyFpBI,YAAa;AACX4B,cAAW,IADA;AAEXM,gBAAW,IAFA;AAGXtC,aAAW,IAHA;AAIXkC,eAAW,IAJA;AAKX6F,eAAW,IALA;AAMXC,eAAW;AANA,KAzFO;AAkGpB3H,UAAW;AACTiC,gBAAa,KADJ;AAEToC,aAAa,KAFJ;AAGTR,aAAa,KAHJ;AAITlC,cAAa,KAJJ;AAKTG,gBAAa,KALJ;AAMT2B,gBAAa,KANJ;AAOTC,kBAAa;AAPJ;AAlGS,GAAtB;AAgHC,CAzrBA,EAyrBGkE,MAzrBH,EAyrBW9J,MAzrBX,EAyrBmBC,QAzrBnB","file":"client/lib/semantic-ui/definitions/behaviors/state.js.map","sourcesContent":["/*\n  DO NOT MODIFY - This file has been generated and will be regenerated\n  Semantic UI v2.2.1\n*/\n/*!\n * # Semantic UI - State\n * http://github.com/semantic-org/semantic-ui/\n *\n *\n * Released under the MIT license\n * http://opensource.org/licenses/MIT\n *\n */\n\n;(function ($, window, document, undefined) {\n\n\"use strict\";\n\nwindow = (typeof window != 'undefined' && window.Math == Math)\n  ? window\n  : (typeof self != 'undefined' && self.Math == Math)\n    ? self\n    : Function('return this')()\n;\n\n$.fn.state = function(parameters) {\n  var\n    $allModules     = $(this),\n\n    moduleSelector  = $allModules.selector || '',\n\n    hasTouch        = ('ontouchstart' in document.documentElement),\n    time            = new Date().getTime(),\n    performance     = [],\n\n    query           = arguments[0],\n    methodInvoked   = (typeof query == 'string'),\n    queryArguments  = [].slice.call(arguments, 1),\n\n    returnedValue\n  ;\n  $allModules\n    .each(function() {\n      var\n        settings          = ( $.isPlainObject(parameters) )\n          ? $.extend(true, {}, $.fn.state.settings, parameters)\n          : $.extend({}, $.fn.state.settings),\n\n        error           = settings.error,\n        metadata        = settings.metadata,\n        className       = settings.className,\n        namespace       = settings.namespace,\n        states          = settings.states,\n        text            = settings.text,\n\n        eventNamespace  = '.' + namespace,\n        moduleNamespace = namespace + '-module',\n\n        $module         = $(this),\n\n        element         = this,\n        instance        = $module.data(moduleNamespace),\n\n        module\n      ;\n      module = {\n\n        initialize: function() {\n          module.verbose('Initializing module');\n\n          // allow module to guess desired state based on element\n          if(settings.automatic) {\n            module.add.defaults();\n          }\n\n          // bind events with delegated events\n          if(settings.context && moduleSelector !== '') {\n            $(settings.context)\n              .on(moduleSelector, 'mouseenter' + eventNamespace, module.change.text)\n              .on(moduleSelector, 'mouseleave' + eventNamespace, module.reset.text)\n              .on(moduleSelector, 'click'      + eventNamespace, module.toggle.state)\n            ;\n          }\n          else {\n            $module\n              .on('mouseenter' + eventNamespace, module.change.text)\n              .on('mouseleave' + eventNamespace, module.reset.text)\n              .on('click'      + eventNamespace, module.toggle.state)\n            ;\n          }\n          module.instantiate();\n        },\n\n        instantiate: function() {\n          module.verbose('Storing instance of module', module);\n          instance = module;\n          $module\n            .data(moduleNamespace, module)\n          ;\n        },\n\n        destroy: function() {\n          module.verbose('Destroying previous module', instance);\n          $module\n            .off(eventNamespace)\n            .removeData(moduleNamespace)\n          ;\n        },\n\n        refresh: function() {\n          module.verbose('Refreshing selector cache');\n          $module = $(element);\n        },\n\n        add: {\n          defaults: function() {\n            var\n              userStates = parameters && $.isPlainObject(parameters.states)\n                ? parameters.states\n                : {}\n            ;\n            $.each(settings.defaults, function(type, typeStates) {\n              if( module.is[type] !== undefined && module.is[type]() ) {\n                module.verbose('Adding default states', type, element);\n                $.extend(settings.states, typeStates, userStates);\n              }\n            });\n          }\n        },\n\n        is: {\n\n          active: function() {\n            return $module.hasClass(className.active);\n          },\n          loading: function() {\n            return $module.hasClass(className.loading);\n          },\n          inactive: function() {\n            return !( $module.hasClass(className.active) );\n          },\n          state: function(state) {\n            if(className[state] === undefined) {\n              return false;\n            }\n            return $module.hasClass( className[state] );\n          },\n\n          enabled: function() {\n            return !( $module.is(settings.filter.active) );\n          },\n          disabled: function() {\n            return ( $module.is(settings.filter.active) );\n          },\n          textEnabled: function() {\n            return !( $module.is(settings.filter.text) );\n          },\n\n          // definitions for automatic type detection\n          button: function() {\n            return $module.is('.button:not(a, .submit)');\n          },\n          input: function() {\n            return $module.is('input');\n          },\n          progress: function() {\n            return $module.is('.ui.progress');\n          }\n        },\n\n        allow: function(state) {\n          module.debug('Now allowing state', state);\n          states[state] = true;\n        },\n        disallow: function(state) {\n          module.debug('No longer allowing', state);\n          states[state] = false;\n        },\n\n        allows: function(state) {\n          return states[state] || false;\n        },\n\n        enable: function() {\n          $module.removeClass(className.disabled);\n        },\n\n        disable: function() {\n          $module.addClass(className.disabled);\n        },\n\n        setState: function(state) {\n          if(module.allows(state)) {\n            $module.addClass( className[state] );\n          }\n        },\n\n        removeState: function(state) {\n          if(module.allows(state)) {\n            $module.removeClass( className[state] );\n          }\n        },\n\n        toggle: {\n          state: function() {\n            var\n              apiRequest,\n              requestCancelled\n            ;\n            if( module.allows('active') && module.is.enabled() ) {\n              module.refresh();\n              if($.fn.api !== undefined) {\n                apiRequest       = $module.api('get request');\n                requestCancelled = $module.api('was cancelled');\n                if( requestCancelled ) {\n                  module.debug('API Request cancelled by beforesend');\n                  settings.activateTest   = function(){ return false; };\n                  settings.deactivateTest = function(){ return false; };\n                }\n                else if(apiRequest) {\n                  module.listenTo(apiRequest);\n                  return;\n                }\n              }\n              module.change.state();\n            }\n          }\n        },\n\n        listenTo: function(apiRequest) {\n          module.debug('API request detected, waiting for state signal', apiRequest);\n          if(apiRequest) {\n            if(text.loading) {\n              module.update.text(text.loading);\n            }\n            $.when(apiRequest)\n              .then(function() {\n                if(apiRequest.state() == 'resolved') {\n                  module.debug('API request succeeded');\n                  settings.activateTest   = function(){ return true; };\n                  settings.deactivateTest = function(){ return true; };\n                }\n                else {\n                  module.debug('API request failed');\n                  settings.activateTest   = function(){ return false; };\n                  settings.deactivateTest = function(){ return false; };\n                }\n                module.change.state();\n              })\n            ;\n          }\n        },\n\n        // checks whether active/inactive state can be given\n        change: {\n\n          state: function() {\n            module.debug('Determining state change direction');\n            // inactive to active change\n            if( module.is.inactive() ) {\n              module.activate();\n            }\n            else {\n              module.deactivate();\n            }\n            if(settings.sync) {\n              module.sync();\n            }\n            settings.onChange.call(element);\n          },\n\n          text: function() {\n            if( module.is.textEnabled() ) {\n              if(module.is.disabled() ) {\n                module.verbose('Changing text to disabled text', text.hover);\n                module.update.text(text.disabled);\n              }\n              else if( module.is.active() ) {\n                if(text.hover) {\n                  module.verbose('Changing text to hover text', text.hover);\n                  module.update.text(text.hover);\n                }\n                else if(text.deactivate) {\n                  module.verbose('Changing text to deactivating text', text.deactivate);\n                  module.update.text(text.deactivate);\n                }\n              }\n              else {\n                if(text.hover) {\n                  module.verbose('Changing text to hover text', text.hover);\n                  module.update.text(text.hover);\n                }\n                else if(text.activate){\n                  module.verbose('Changing text to activating text', text.activate);\n                  module.update.text(text.activate);\n                }\n              }\n            }\n          }\n\n        },\n\n        activate: function() {\n          if( settings.activateTest.call(element) ) {\n            module.debug('Setting state to active');\n            $module\n              .addClass(className.active)\n            ;\n            module.update.text(text.active);\n            settings.onActivate.call(element);\n          }\n        },\n\n        deactivate: function() {\n          if( settings.deactivateTest.call(element) ) {\n            module.debug('Setting state to inactive');\n            $module\n              .removeClass(className.active)\n            ;\n            module.update.text(text.inactive);\n            settings.onDeactivate.call(element);\n          }\n        },\n\n        sync: function() {\n          module.verbose('Syncing other buttons to current state');\n          if( module.is.active() ) {\n            $allModules\n              .not($module)\n                .state('activate');\n          }\n          else {\n            $allModules\n              .not($module)\n                .state('deactivate')\n            ;\n          }\n        },\n\n        get: {\n          text: function() {\n            return (settings.selector.text)\n              ? $module.find(settings.selector.text).text()\n              : $module.html()\n            ;\n          },\n          textFor: function(state) {\n            return text[state] || false;\n          }\n        },\n\n        flash: {\n          text: function(text, duration, callback) {\n            var\n              previousText = module.get.text()\n            ;\n            module.debug('Flashing text message', text, duration);\n            text     = text     || settings.text.flash;\n            duration = duration || settings.flashDuration;\n            callback = callback || function() {};\n            module.update.text(text);\n            setTimeout(function(){\n              module.update.text(previousText);\n              callback.call(element);\n            }, duration);\n          }\n        },\n\n        reset: {\n          // on mouseout sets text to previous value\n          text: function() {\n            var\n              activeText   = text.active   || $module.data(metadata.storedText),\n              inactiveText = text.inactive || $module.data(metadata.storedText)\n            ;\n            if( module.is.textEnabled() ) {\n              if( module.is.active() && activeText) {\n                module.verbose('Resetting active text', activeText);\n                module.update.text(activeText);\n              }\n              else if(inactiveText) {\n                module.verbose('Resetting inactive text', activeText);\n                module.update.text(inactiveText);\n              }\n            }\n          }\n        },\n\n        update: {\n          text: function(text) {\n            var\n              currentText = module.get.text()\n            ;\n            if(text && text !== currentText) {\n              module.debug('Updating text', text);\n              if(settings.selector.text) {\n                $module\n                  .data(metadata.storedText, text)\n                  .find(settings.selector.text)\n                    .text(text)\n                ;\n              }\n              else {\n                $module\n                  .data(metadata.storedText, text)\n                  .html(text)\n                ;\n              }\n            }\n            else {\n              module.debug('Text is already set, ignoring update', text);\n            }\n          }\n        },\n\n        setting: function(name, value) {\n          module.debug('Changing setting', name, value);\n          if( $.isPlainObject(name) ) {\n            $.extend(true, settings, name);\n          }\n          else if(value !== undefined) {\n            if($.isPlainObject(settings[name])) {\n              $.extend(true, settings[name], value);\n            }\n            else {\n              settings[name] = value;\n            }\n          }\n          else {\n            return settings[name];\n          }\n        },\n        internal: function(name, value) {\n          if( $.isPlainObject(name) ) {\n            $.extend(true, module, name);\n          }\n          else if(value !== undefined) {\n            module[name] = value;\n          }\n          else {\n            return module[name];\n          }\n        },\n        debug: function() {\n          if(!settings.silent && settings.debug) {\n            if(settings.performance) {\n              module.performance.log(arguments);\n            }\n            else {\n              module.debug = Function.prototype.bind.call(console.info, console, settings.name + ':');\n              module.debug.apply(console, arguments);\n            }\n          }\n        },\n        verbose: function() {\n          if(!settings.silent && settings.verbose && settings.debug) {\n            if(settings.performance) {\n              module.performance.log(arguments);\n            }\n            else {\n              module.verbose = Function.prototype.bind.call(console.info, console, settings.name + ':');\n              module.verbose.apply(console, arguments);\n            }\n          }\n        },\n        error: function() {\n          if(!settings.silent) {\n            module.error = Function.prototype.bind.call(console.error, console, settings.name + ':');\n            module.error.apply(console, arguments);\n          }\n        },\n        performance: {\n          log: function(message) {\n            var\n              currentTime,\n              executionTime,\n              previousTime\n            ;\n            if(settings.performance) {\n              currentTime   = new Date().getTime();\n              previousTime  = time || currentTime;\n              executionTime = currentTime - previousTime;\n              time          = currentTime;\n              performance.push({\n                'Name'           : message[0],\n                'Arguments'      : [].slice.call(message, 1) || '',\n                'Element'        : element,\n                'Execution Time' : executionTime\n              });\n            }\n            clearTimeout(module.performance.timer);\n            module.performance.timer = setTimeout(module.performance.display, 500);\n          },\n          display: function() {\n            var\n              title = settings.name + ':',\n              totalTime = 0\n            ;\n            time = false;\n            clearTimeout(module.performance.timer);\n            $.each(performance, function(index, data) {\n              totalTime += data['Execution Time'];\n            });\n            title += ' ' + totalTime + 'ms';\n            if(moduleSelector) {\n              title += ' \\'' + moduleSelector + '\\'';\n            }\n            if( (console.group !== undefined || console.table !== undefined) && performance.length > 0) {\n              console.groupCollapsed(title);\n              if(console.table) {\n                console.table(performance);\n              }\n              else {\n                $.each(performance, function(index, data) {\n                  console.log(data['Name'] + ': ' + data['Execution Time']+'ms');\n                });\n              }\n              console.groupEnd();\n            }\n            performance = [];\n          }\n        },\n        invoke: function(query, passedArguments, context) {\n          var\n            object = instance,\n            maxDepth,\n            found,\n            response\n          ;\n          passedArguments = passedArguments || queryArguments;\n          context         = element         || context;\n          if(typeof query == 'string' && object !== undefined) {\n            query    = query.split(/[\\. ]/);\n            maxDepth = query.length - 1;\n            $.each(query, function(depth, value) {\n              var camelCaseValue = (depth != maxDepth)\n                ? value + query[depth + 1].charAt(0).toUpperCase() + query[depth + 1].slice(1)\n                : query\n              ;\n              if( $.isPlainObject( object[camelCaseValue] ) && (depth != maxDepth) ) {\n                object = object[camelCaseValue];\n              }\n              else if( object[camelCaseValue] !== undefined ) {\n                found = object[camelCaseValue];\n                return false;\n              }\n              else if( $.isPlainObject( object[value] ) && (depth != maxDepth) ) {\n                object = object[value];\n              }\n              else if( object[value] !== undefined ) {\n                found = object[value];\n                return false;\n              }\n              else {\n                module.error(error.method, query);\n                return false;\n              }\n            });\n          }\n          if ( $.isFunction( found ) ) {\n            response = found.apply(context, passedArguments);\n          }\n          else if(found !== undefined) {\n            response = found;\n          }\n          if($.isArray(returnedValue)) {\n            returnedValue.push(response);\n          }\n          else if(returnedValue !== undefined) {\n            returnedValue = [returnedValue, response];\n          }\n          else if(response !== undefined) {\n            returnedValue = response;\n          }\n          return found;\n        }\n      };\n\n      if(methodInvoked) {\n        if(instance === undefined) {\n          module.initialize();\n        }\n        module.invoke(query);\n      }\n      else {\n        if(instance !== undefined) {\n          instance.invoke('destroy');\n        }\n        module.initialize();\n      }\n    })\n  ;\n\n  return (returnedValue !== undefined)\n    ? returnedValue\n    : this\n  ;\n};\n\n$.fn.state.settings = {\n\n  // module info\n  name           : 'State',\n\n  // debug output\n  debug          : false,\n\n  // verbose debug output\n  verbose        : false,\n\n  // namespace for events\n  namespace      : 'state',\n\n  // debug data includes performance\n  performance    : true,\n\n  // callback occurs on state change\n  onActivate     : function() {},\n  onDeactivate   : function() {},\n  onChange       : function() {},\n\n  // state test functions\n  activateTest   : function() { return true; },\n  deactivateTest : function() { return true; },\n\n  // whether to automatically map default states\n  automatic      : true,\n\n  // activate / deactivate changes all elements instantiated at same time\n  sync           : false,\n\n  // default flash text duration, used for temporarily changing text of an element\n  flashDuration  : 1000,\n\n  // selector filter\n  filter     : {\n    text   : '.loading, .disabled',\n    active : '.disabled'\n  },\n\n  context    : false,\n\n  // error\n  error: {\n    beforeSend : 'The before send function has cancelled state change',\n    method     : 'The method you called is not defined.'\n  },\n\n  // metadata\n  metadata: {\n    promise    : 'promise',\n    storedText : 'stored-text'\n  },\n\n  // change class on state\n  className: {\n    active   : 'active',\n    disabled : 'disabled',\n    error    : 'error',\n    loading  : 'loading',\n    success  : 'success',\n    warning  : 'warning'\n  },\n\n  selector: {\n    // selector for text node\n    text: false\n  },\n\n  defaults : {\n    input: {\n      disabled : true,\n      loading  : true,\n      active   : true\n    },\n    button: {\n      disabled : true,\n      loading  : true,\n      active   : true,\n    },\n    progress: {\n      active   : true,\n      success  : true,\n      warning  : true,\n      error    : true\n    }\n  },\n\n  states     : {\n    active   : true,\n    disabled : true,\n    error    : true,\n    loading  : true,\n    success  : true,\n    warning  : true\n  },\n\n  text     : {\n    disabled   : false,\n    flash      : false,\n    hover      : false,\n    active     : false,\n    inactive   : false,\n    activate   : false,\n    deactivate : false\n  }\n\n};\n\n\n\n})( jQuery, window, document );\n"]},"hash":"bbd474669718307fb3541f84f5c1518f62b478d0"}
