{"metadata":{"usedHelpers":[],"marked":[],"modules":{"imports":[],"exports":{"exported":[],"specifiers":[]}}},"options":{"filename":"client/lib/semantic-ui/definitions/modules/sidebar.js","filenameRelative":"client/lib/semantic-ui/definitions/modules/sidebar.js","env":{"development":{"plugins":[]}},"retainLines":false,"highlightCode":true,"suppressDeprecationMessages":false,"presets":[],"plugins":[[[],{"generateLetDeclarations":true,"enforceStrictMode":false}],[[],null],[[],{"polyfill":false}],[[],null],[[],null],[[],null],[[],{"allowTopLevelThis":true,"strict":false,"loose":true}],[[],null],[[],null],[[],null],[[],null],[[],null],[[],null],[[],null],[[],null],[[],null],[[],null],[[],null],[[],null],[[],{"loose":true}],[[],{"loose":true}],[[],null],[[],{"loose":true}],[[],null],[[],null],[[],null],[[],null],[[],null],[[],null],[[],{"loose":true}],[[],null],[[],null],[[],null],[[],null],[[],null],[[],null],[[],null]],"ignore":[],"code":true,"metadata":true,"ast":true,"comments":true,"compact":false,"minified":false,"sourceMap":true,"sourceMaps":true,"sourceMapTarget":"client/lib/semantic-ui/definitions/modules/sidebar.js.map","sourceFileName":"client/lib/semantic-ui/definitions/modules/sidebar.js","babelrc":false,"sourceType":"module","moduleIds":false,"passPerPreset":false,"parserOpts":false,"generatorOpts":false,"basename":"sidebar"},"ignored":false,"code":"/*\n  DO NOT MODIFY - This file has been generated and will be regenerated\n  Semantic UI v2.2.1\n*/ /*!\n    * # Semantic UI - Sidebar\n    * http://github.com/semantic-org/semantic-ui/\n    *\n    *\n    * Released under the MIT license\n    * http://opensource.org/licenses/MIT\n    *\n    */;\n\n(function ($, window, document, undefined) {\n  \"use strict\";\n\n  window = typeof window != 'undefined' && window.Math == Math ? window : typeof self != 'undefined' && self.Math == Math ? self : Function('return this')();\n\n  $.fn.sidebar = function (parameters) {\n    var $allModules = $(this),\n        $window = $(window),\n        $document = $(document),\n        $html = $('html'),\n        $head = $('head'),\n        moduleSelector = $allModules.selector || '',\n        time = new Date().getTime(),\n        performance = [],\n        query = arguments[0],\n        methodInvoked = typeof query == 'string',\n        queryArguments = [].slice.call(arguments, 1),\n        requestAnimationFrame = window.requestAnimationFrame || window.mozRequestAnimationFrame || window.webkitRequestAnimationFrame || window.msRequestAnimationFrame || function (callback) {\n      setTimeout(callback, 0);\n    },\n        returnedValue;\n\n    $allModules.each(function () {\n      var settings = $.isPlainObject(parameters) ? $.extend(true, {}, $.fn.sidebar.settings, parameters) : $.extend({}, $.fn.sidebar.settings),\n          selector = settings.selector,\n          className = settings.className,\n          namespace = settings.namespace,\n          regExp = settings.regExp,\n          error = settings.error,\n          eventNamespace = '.' + namespace,\n          moduleNamespace = 'module-' + namespace,\n          $module = $(this),\n          $context = $(settings.context),\n          $sidebars = $module.children(selector.sidebar),\n          $fixed = $context.children(selector.fixed),\n          $pusher = $context.children(selector.pusher),\n          $style,\n          element = this,\n          instance = $module.data(moduleNamespace),\n          elementNamespace,\n          id,\n          currentScroll,\n          transitionEvent,\n          module;\n      module = {\n        initialize: function () {\n          module.debug('Initializing sidebar', parameters);\n          module.create.id();\n          transitionEvent = module.get.transitionEvent();\n\n          if (module.is.ios()) {\n            module.set.ios();\n          } // avoids locking rendering if initialized in onReady\n\n\n          if (settings.delaySetup) {\n            requestAnimationFrame(module.setup.layout);\n          } else {\n            module.setup.layout();\n          }\n\n          requestAnimationFrame(function () {\n            module.setup.cache();\n          });\n          module.instantiate();\n        },\n        instantiate: function () {\n          module.verbose('Storing instance of module', module);\n          instance = module;\n          $module.data(moduleNamespace, module);\n        },\n        create: {\n          id: function () {\n            id = (Math.random().toString(16) + '000000000').substr(2, 8);\n            elementNamespace = '.' + id;\n            module.verbose('Creating unique id for element', id);\n          }\n        },\n        destroy: function () {\n          module.verbose('Destroying previous module for', $module);\n          $module.off(eventNamespace).removeData(moduleNamespace);\n\n          if (module.is.ios()) {\n            module.remove.ios();\n          } // bound by uuid\n\n\n          $context.off(elementNamespace);\n          $window.off(elementNamespace);\n          $document.off(elementNamespace);\n        },\n        event: {\n          clickaway: function (event) {\n            var clickedInPusher = $pusher.find(event.target).length > 0 || $pusher.is(event.target),\n                clickedContext = $context.is(event.target);\n\n            if (clickedInPusher) {\n              module.verbose('User clicked on dimmed page');\n              module.hide();\n            }\n\n            if (clickedContext) {\n              module.verbose('User clicked on dimmable context (scaled out page)');\n              module.hide();\n            }\n          },\n          touch: function (event) {//event.stopPropagation();\n          },\n          containScroll: function (event) {\n            if (element.scrollTop <= 0) {\n              element.scrollTop = 1;\n            }\n\n            if (element.scrollTop + element.offsetHeight >= element.scrollHeight) {\n              element.scrollTop = element.scrollHeight - element.offsetHeight - 1;\n            }\n          },\n          scroll: function (event) {\n            if ($(event.target).closest(selector.sidebar).length === 0) {\n              event.preventDefault();\n            }\n          }\n        },\n        bind: {\n          clickaway: function () {\n            module.verbose('Adding clickaway events to context', $context);\n\n            if (settings.closable) {\n              $context.on('click' + elementNamespace, module.event.clickaway).on('touchend' + elementNamespace, module.event.clickaway);\n            }\n          },\n          scrollLock: function () {\n            if (settings.scrollLock) {\n              module.debug('Disabling page scroll');\n              $window.on('DOMMouseScroll' + elementNamespace, module.event.scroll);\n            }\n\n            module.verbose('Adding events to contain sidebar scroll');\n            $document.on('touchmove' + elementNamespace, module.event.touch);\n            $module.on('scroll' + eventNamespace, module.event.containScroll);\n          }\n        },\n        unbind: {\n          clickaway: function () {\n            module.verbose('Removing clickaway events from context', $context);\n            $context.off(elementNamespace);\n          },\n          scrollLock: function () {\n            module.verbose('Removing scroll lock from page');\n            $document.off(elementNamespace);\n            $window.off(elementNamespace);\n            $module.off('scroll' + eventNamespace);\n          }\n        },\n        add: {\n          inlineCSS: function () {\n            var width = module.cache.width || $module.outerWidth(),\n                height = module.cache.height || $module.outerHeight(),\n                isRTL = module.is.rtl(),\n                direction = module.get.direction(),\n                distance = {\n              left: width,\n              right: -width,\n              top: height,\n              bottom: -height\n            },\n                style;\n\n            if (isRTL) {\n              module.verbose('RTL detected, flipping widths');\n              distance.left = -width;\n              distance.right = width;\n            }\n\n            style = '<style>';\n\n            if (direction === 'left' || direction === 'right') {\n              module.debug('Adding CSS rules for animation distance', width);\n              style += '' + ' .ui.visible.' + direction + '.sidebar ~ .fixed,' + ' .ui.visible.' + direction + '.sidebar ~ .pusher {' + '   -webkit-transform: translate3d(' + distance[direction] + 'px, 0, 0);' + '           transform: translate3d(' + distance[direction] + 'px, 0, 0);' + ' }';\n            } else if (direction === 'top' || direction == 'bottom') {\n              style += '' + ' .ui.visible.' + direction + '.sidebar ~ .fixed,' + ' .ui.visible.' + direction + '.sidebar ~ .pusher {' + '   -webkit-transform: translate3d(0, ' + distance[direction] + 'px, 0);' + '           transform: translate3d(0, ' + distance[direction] + 'px, 0);' + ' }';\n            } /* IE is only browser not to create context with transforms */ /* https://www.w3.org/Bugs/Public/show_bug.cgi?id=16328 */\n\n            if (module.is.ie()) {\n              if (direction === 'left' || direction === 'right') {\n                module.debug('Adding CSS rules for animation distance', width);\n                style += '' + ' body.pushable > .ui.visible.' + direction + '.sidebar ~ .pusher:after {' + '   -webkit-transform: translate3d(' + distance[direction] + 'px, 0, 0);' + '           transform: translate3d(' + distance[direction] + 'px, 0, 0);' + ' }';\n              } else if (direction === 'top' || direction == 'bottom') {\n                style += '' + ' body.pushable > .ui.visible.' + direction + '.sidebar ~ .pusher:after {' + '   -webkit-transform: translate3d(0, ' + distance[direction] + 'px, 0);' + '           transform: translate3d(0, ' + distance[direction] + 'px, 0);' + ' }';\n              } /* opposite sides visible forces content overlay */\n\n              style += '' + ' body.pushable > .ui.visible.left.sidebar ~ .ui.visible.right.sidebar ~ .pusher:after,' + ' body.pushable > .ui.visible.right.sidebar ~ .ui.visible.left.sidebar ~ .pusher:after {' + '   -webkit-transform: translate3d(0px, 0, 0);' + '           transform: translate3d(0px, 0, 0);' + ' }';\n            }\n\n            style += '</style>';\n            $style = $(style).appendTo($head);\n            module.debug('Adding sizing css to head', $style);\n          }\n        },\n        refresh: function () {\n          module.verbose('Refreshing selector cache');\n          $context = $(settings.context);\n          $sidebars = $context.children(selector.sidebar);\n          $pusher = $context.children(selector.pusher);\n          $fixed = $context.children(selector.fixed);\n          module.clear.cache();\n        },\n        refreshSidebars: function () {\n          module.verbose('Refreshing other sidebars');\n          $sidebars = $context.children(selector.sidebar);\n        },\n        repaint: function () {\n          module.verbose('Forcing repaint event');\n          element.style.display = 'none';\n          var ignored = element.offsetHeight;\n          element.scrollTop = element.scrollTop;\n          element.style.display = '';\n        },\n        setup: {\n          cache: function () {\n            module.cache = {\n              width: $module.outerWidth(),\n              height: $module.outerHeight(),\n              rtl: $module.css('direction') == 'rtl'\n            };\n          },\n          layout: function () {\n            if ($context.children(selector.pusher).length === 0) {\n              module.debug('Adding wrapper element for sidebar');\n              module.error(error.pusher);\n              $pusher = $('<div class=\"pusher\" />');\n              $context.children().not(selector.omitted).not($sidebars).wrapAll($pusher);\n              module.refresh();\n            }\n\n            if ($module.nextAll(selector.pusher).length === 0 || $module.nextAll(selector.pusher)[0] !== $pusher[0]) {\n              module.debug('Moved sidebar to correct parent element');\n              module.error(error.movedSidebar, element);\n              $module.detach().prependTo($context);\n              module.refresh();\n            }\n\n            module.clear.cache();\n            module.set.pushable();\n            module.set.direction();\n          }\n        },\n        attachEvents: function (selector, event) {\n          var $toggle = $(selector);\n          event = $.isFunction(module[event]) ? module[event] : module.toggle;\n\n          if ($toggle.length > 0) {\n            module.debug('Attaching sidebar events to element', selector, event);\n            $toggle.on('click' + eventNamespace, event);\n          } else {\n            module.error(error.notFound, selector);\n          }\n        },\n        show: function (callback) {\n          callback = $.isFunction(callback) ? callback : function () {};\n\n          if (module.is.hidden()) {\n            module.refreshSidebars();\n\n            if (settings.overlay) {\n              module.error(error.overlay);\n              settings.transition = 'overlay';\n            }\n\n            module.refresh();\n\n            if (module.othersActive()) {\n              module.debug('Other sidebars currently visible');\n\n              if (settings.exclusive) {\n                // if not overlay queue animation after hide\n                if (settings.transition != 'overlay') {\n                  module.hideOthers(module.show);\n                  return;\n                } else {\n                  module.hideOthers();\n                }\n              } else {\n                settings.transition = 'overlay';\n              }\n            }\n\n            module.pushPage(function () {\n              callback.call(element);\n              settings.onShow.call(element);\n            });\n            settings.onChange.call(element);\n            settings.onVisible.call(element);\n          } else {\n            module.debug('Sidebar is already visible');\n          }\n        },\n        hide: function (callback) {\n          callback = $.isFunction(callback) ? callback : function () {};\n\n          if (module.is.visible() || module.is.animating()) {\n            module.debug('Hiding sidebar', callback);\n            module.refreshSidebars();\n            module.pullPage(function () {\n              callback.call(element);\n              settings.onHidden.call(element);\n            });\n            settings.onChange.call(element);\n            settings.onHide.call(element);\n          }\n        },\n        othersAnimating: function () {\n          return $sidebars.not($module).filter('.' + className.animating).length > 0;\n        },\n        othersVisible: function () {\n          return $sidebars.not($module).filter('.' + className.visible).length > 0;\n        },\n        othersActive: function () {\n          return module.othersVisible() || module.othersAnimating();\n        },\n        hideOthers: function (callback) {\n          var $otherSidebars = $sidebars.not($module).filter('.' + className.visible),\n              sidebarCount = $otherSidebars.length,\n              callbackCount = 0;\n\n          callback = callback || function () {};\n\n          $otherSidebars.sidebar('hide', function () {\n            callbackCount++;\n\n            if (callbackCount == sidebarCount) {\n              callback();\n            }\n          });\n        },\n        toggle: function () {\n          module.verbose('Determining toggled direction');\n\n          if (module.is.hidden()) {\n            module.show();\n          } else {\n            module.hide();\n          }\n        },\n        pushPage: function (callback) {\n          var transition = module.get.transition(),\n              $transition = transition === 'overlay' || module.othersActive() ? $module : $pusher,\n              animate,\n              dim,\n              transitionEnd;\n          callback = $.isFunction(callback) ? callback : function () {};\n\n          if (settings.transition == 'scale down') {\n            module.scrollToTop();\n          }\n\n          module.set.transition(transition);\n          module.repaint();\n\n          animate = function () {\n            module.bind.clickaway();\n            module.add.inlineCSS();\n            module.set.animating();\n            module.set.visible();\n          };\n\n          dim = function () {\n            module.set.dimmed();\n          };\n\n          transitionEnd = function (event) {\n            if (event.target == $transition[0]) {\n              $transition.off(transitionEvent + elementNamespace, transitionEnd);\n              module.remove.animating();\n              module.bind.scrollLock();\n              callback.call(element);\n            }\n          };\n\n          $transition.off(transitionEvent + elementNamespace);\n          $transition.on(transitionEvent + elementNamespace, transitionEnd);\n          requestAnimationFrame(animate);\n\n          if (settings.dimPage && !module.othersVisible()) {\n            requestAnimationFrame(dim);\n          }\n        },\n        pullPage: function (callback) {\n          var transition = module.get.transition(),\n              $transition = transition == 'overlay' || module.othersActive() ? $module : $pusher,\n              animate,\n              transitionEnd;\n          callback = $.isFunction(callback) ? callback : function () {};\n          module.verbose('Removing context push state', module.get.direction());\n          module.unbind.clickaway();\n          module.unbind.scrollLock();\n\n          animate = function () {\n            module.set.transition(transition);\n            module.set.animating();\n            module.remove.visible();\n\n            if (settings.dimPage && !module.othersVisible()) {\n              $pusher.removeClass(className.dimmed);\n            }\n          };\n\n          transitionEnd = function (event) {\n            if (event.target == $transition[0]) {\n              $transition.off(transitionEvent + elementNamespace, transitionEnd);\n              module.remove.animating();\n              module.remove.transition();\n              module.remove.inlineCSS();\n\n              if (transition == 'scale down' || settings.returnScroll && module.is.mobile()) {\n                module.scrollBack();\n              }\n\n              callback.call(element);\n            }\n          };\n\n          $transition.off(transitionEvent + elementNamespace);\n          $transition.on(transitionEvent + elementNamespace, transitionEnd);\n          requestAnimationFrame(animate);\n        },\n        scrollToTop: function () {\n          module.verbose('Scrolling to top of page to avoid animation issues');\n          currentScroll = $(window).scrollTop();\n          $module.scrollTop(0);\n          window.scrollTo(0, 0);\n        },\n        scrollBack: function () {\n          module.verbose('Scrolling back to original page position');\n          window.scrollTo(0, currentScroll);\n        },\n        clear: {\n          cache: function () {\n            module.verbose('Clearing cached dimensions');\n            module.cache = {};\n          }\n        },\n        set: {\n          // ios only (scroll on html not document). This prevent auto-resize canvas/scroll in ios\n          ios: function () {\n            $html.addClass(className.ios);\n          },\n          // container\n          pushed: function () {\n            $context.addClass(className.pushed);\n          },\n          pushable: function () {\n            $context.addClass(className.pushable);\n          },\n          // pusher\n          dimmed: function () {\n            $pusher.addClass(className.dimmed);\n          },\n          // sidebar\n          active: function () {\n            $module.addClass(className.active);\n          },\n          animating: function () {\n            $module.addClass(className.animating);\n          },\n          transition: function (transition) {\n            transition = transition || module.get.transition();\n            $module.addClass(transition);\n          },\n          direction: function (direction) {\n            direction = direction || module.get.direction();\n            $module.addClass(className[direction]);\n          },\n          visible: function () {\n            $module.addClass(className.visible);\n          },\n          overlay: function () {\n            $module.addClass(className.overlay);\n          }\n        },\n        remove: {\n          inlineCSS: function () {\n            module.debug('Removing inline css styles', $style);\n\n            if ($style && $style.length > 0) {\n              $style.remove();\n            }\n          },\n          // ios scroll on html not document\n          ios: function () {\n            $html.removeClass(className.ios);\n          },\n          // context\n          pushed: function () {\n            $context.removeClass(className.pushed);\n          },\n          pushable: function () {\n            $context.removeClass(className.pushable);\n          },\n          // sidebar\n          active: function () {\n            $module.removeClass(className.active);\n          },\n          animating: function () {\n            $module.removeClass(className.animating);\n          },\n          transition: function (transition) {\n            transition = transition || module.get.transition();\n            $module.removeClass(transition);\n          },\n          direction: function (direction) {\n            direction = direction || module.get.direction();\n            $module.removeClass(className[direction]);\n          },\n          visible: function () {\n            $module.removeClass(className.visible);\n          },\n          overlay: function () {\n            $module.removeClass(className.overlay);\n          }\n        },\n        get: {\n          direction: function () {\n            if ($module.hasClass(className.top)) {\n              return className.top;\n            } else if ($module.hasClass(className.right)) {\n              return className.right;\n            } else if ($module.hasClass(className.bottom)) {\n              return className.bottom;\n            }\n\n            return className.left;\n          },\n          transition: function () {\n            var direction = module.get.direction(),\n                transition;\n            transition = module.is.mobile() ? settings.mobileTransition == 'auto' ? settings.defaultTransition.mobile[direction] : settings.mobileTransition : settings.transition == 'auto' ? settings.defaultTransition.computer[direction] : settings.transition;\n            module.verbose('Determined transition', transition);\n            return transition;\n          },\n          transitionEvent: function () {\n            var element = document.createElement('element'),\n                transitions = {\n              'transition': 'transitionend',\n              'OTransition': 'oTransitionEnd',\n              'MozTransition': 'transitionend',\n              'WebkitTransition': 'webkitTransitionEnd'\n            },\n                transition;\n\n            for (transition in meteorBabelHelpers.sanitizeForInObject(transitions)) {\n              if (element.style[transition] !== undefined) {\n                return transitions[transition];\n              }\n            }\n          }\n        },\n        is: {\n          ie: function () {\n            var isIE11 = !window.ActiveXObject && 'ActiveXObject' in window,\n                isIE = 'ActiveXObject' in window;\n            return isIE11 || isIE;\n          },\n          ios: function () {\n            var userAgent = navigator.userAgent,\n                isIOS = userAgent.match(regExp.ios),\n                isMobileChrome = userAgent.match(regExp.mobileChrome);\n\n            if (isIOS && !isMobileChrome) {\n              module.verbose('Browser was found to be iOS', userAgent);\n              return true;\n            } else {\n              return false;\n            }\n          },\n          mobile: function () {\n            var userAgent = navigator.userAgent,\n                isMobile = userAgent.match(regExp.mobile);\n\n            if (isMobile) {\n              module.verbose('Browser was found to be mobile', userAgent);\n              return true;\n            } else {\n              module.verbose('Browser is not mobile, using regular transition', userAgent);\n              return false;\n            }\n          },\n          hidden: function () {\n            return !module.is.visible();\n          },\n          visible: function () {\n            return $module.hasClass(className.visible);\n          },\n          // alias\n          open: function () {\n            return module.is.visible();\n          },\n          closed: function () {\n            return module.is.hidden();\n          },\n          vertical: function () {\n            return $module.hasClass(className.top);\n          },\n          animating: function () {\n            return $context.hasClass(className.animating);\n          },\n          rtl: function () {\n            if (module.cache.rtl === undefined) {\n              module.cache.rtl = $module.css('direction') == 'rtl';\n            }\n\n            return module.cache.rtl;\n          }\n        },\n        setting: function (name, value) {\n          module.debug('Changing setting', name, value);\n\n          if ($.isPlainObject(name)) {\n            $.extend(true, settings, name);\n          } else if (value !== undefined) {\n            if ($.isPlainObject(settings[name])) {\n              $.extend(true, settings[name], value);\n            } else {\n              settings[name] = value;\n            }\n          } else {\n            return settings[name];\n          }\n        },\n        internal: function (name, value) {\n          if ($.isPlainObject(name)) {\n            $.extend(true, module, name);\n          } else if (value !== undefined) {\n            module[name] = value;\n          } else {\n            return module[name];\n          }\n        },\n        debug: function () {\n          if (!settings.silent && settings.debug) {\n            if (settings.performance) {\n              module.performance.log(arguments);\n            } else {\n              module.debug = Function.prototype.bind.call(console.info, console, settings.name + ':');\n              module.debug.apply(console, arguments);\n            }\n          }\n        },\n        verbose: function () {\n          if (!settings.silent && settings.verbose && settings.debug) {\n            if (settings.performance) {\n              module.performance.log(arguments);\n            } else {\n              module.verbose = Function.prototype.bind.call(console.info, console, settings.name + ':');\n              module.verbose.apply(console, arguments);\n            }\n          }\n        },\n        error: function () {\n          if (!settings.silent) {\n            module.error = Function.prototype.bind.call(console.error, console, settings.name + ':');\n            module.error.apply(console, arguments);\n          }\n        },\n        performance: {\n          log: function (message) {\n            var currentTime, executionTime, previousTime;\n\n            if (settings.performance) {\n              currentTime = new Date().getTime();\n              previousTime = time || currentTime;\n              executionTime = currentTime - previousTime;\n              time = currentTime;\n              performance.push({\n                'Name': message[0],\n                'Arguments': [].slice.call(message, 1) || '',\n                'Element': element,\n                'Execution Time': executionTime\n              });\n            }\n\n            clearTimeout(module.performance.timer);\n            module.performance.timer = setTimeout(module.performance.display, 500);\n          },\n          display: function () {\n            var title = settings.name + ':',\n                totalTime = 0;\n            time = false;\n            clearTimeout(module.performance.timer);\n            $.each(performance, function (index, data) {\n              totalTime += data['Execution Time'];\n            });\n            title += ' ' + totalTime + 'ms';\n\n            if (moduleSelector) {\n              title += ' \\'' + moduleSelector + '\\'';\n            }\n\n            if ((console.group !== undefined || console.table !== undefined) && performance.length > 0) {\n              console.groupCollapsed(title);\n\n              if (console.table) {\n                console.table(performance);\n              } else {\n                $.each(performance, function (index, data) {\n                  console.log(data['Name'] + ': ' + data['Execution Time'] + 'ms');\n                });\n              }\n\n              console.groupEnd();\n            }\n\n            performance = [];\n          }\n        },\n        invoke: function (query, passedArguments, context) {\n          var object = instance,\n              maxDepth,\n              found,\n              response;\n          passedArguments = passedArguments || queryArguments;\n          context = element || context;\n\n          if (typeof query == 'string' && object !== undefined) {\n            query = query.split(/[\\. ]/);\n            maxDepth = query.length - 1;\n            $.each(query, function (depth, value) {\n              var camelCaseValue = depth != maxDepth ? value + query[depth + 1].charAt(0).toUpperCase() + query[depth + 1].slice(1) : query;\n\n              if ($.isPlainObject(object[camelCaseValue]) && depth != maxDepth) {\n                object = object[camelCaseValue];\n              } else if (object[camelCaseValue] !== undefined) {\n                found = object[camelCaseValue];\n                return false;\n              } else if ($.isPlainObject(object[value]) && depth != maxDepth) {\n                object = object[value];\n              } else if (object[value] !== undefined) {\n                found = object[value];\n                return false;\n              } else {\n                module.error(error.method, query);\n                return false;\n              }\n            });\n          }\n\n          if ($.isFunction(found)) {\n            response = found.apply(context, passedArguments);\n          } else if (found !== undefined) {\n            response = found;\n          }\n\n          if ($.isArray(returnedValue)) {\n            returnedValue.push(response);\n          } else if (returnedValue !== undefined) {\n            returnedValue = [returnedValue, response];\n          } else if (response !== undefined) {\n            returnedValue = response;\n          }\n\n          return found;\n        }\n      };\n\n      if (methodInvoked) {\n        if (instance === undefined) {\n          module.initialize();\n        }\n\n        module.invoke(query);\n      } else {\n        if (instance !== undefined) {\n          module.invoke('destroy');\n        }\n\n        module.initialize();\n      }\n    });\n    return returnedValue !== undefined ? returnedValue : this;\n  };\n\n  $.fn.sidebar.settings = {\n    name: 'Sidebar',\n    namespace: 'sidebar',\n    silent: false,\n    debug: false,\n    verbose: false,\n    performance: true,\n    transition: 'auto',\n    mobileTransition: 'auto',\n    defaultTransition: {\n      computer: {\n        left: 'uncover',\n        right: 'uncover',\n        top: 'overlay',\n        bottom: 'overlay'\n      },\n      mobile: {\n        left: 'uncover',\n        right: 'uncover',\n        top: 'overlay',\n        bottom: 'overlay'\n      }\n    },\n    context: 'body',\n    exclusive: false,\n    closable: true,\n    dimPage: true,\n    scrollLock: false,\n    returnScroll: false,\n    delaySetup: false,\n    duration: 500,\n    onChange: function () {},\n    onShow: function () {},\n    onHide: function () {},\n    onHidden: function () {},\n    onVisible: function () {},\n    className: {\n      active: 'active',\n      animating: 'animating',\n      dimmed: 'dimmed',\n      ios: 'ios',\n      pushable: 'pushable',\n      pushed: 'pushed',\n      right: 'right',\n      top: 'top',\n      left: 'left',\n      bottom: 'bottom',\n      visible: 'visible'\n    },\n    selector: {\n      fixed: '.fixed',\n      omitted: 'script, link, style, .ui.modal, .ui.dimmer, .ui.nag, .ui.fixed',\n      pusher: '.pusher',\n      sidebar: '.ui.sidebar'\n    },\n    regExp: {\n      ios: /(iPad|iPhone|iPod)/g,\n      mobileChrome: /(CriOS)/g,\n      mobile: /Mobile|iP(hone|od|ad)|Android|BlackBerry|IEMobile|Kindle|NetFront|Silk-Accelerated|(hpw|web)OS|Fennec|Minimo|Opera M(obi|ini)|Blazer|Dolfin|Dolphin|Skyfire|Zune/g\n    },\n    error: {\n      method: 'The method you called is not defined.',\n      pusher: 'Had to add pusher element. For optimal performance make sure body content is inside a pusher element',\n      movedSidebar: 'Had to move sidebar. For optimal performance make sure sidebar and pusher are direct children of your body tag',\n      overlay: 'The overlay setting is no longer supported, use animation: overlay',\n      notFound: 'There were no elements that matched the specified selector'\n    }\n  };\n})(jQuery, window, document);","map":{"version":3,"sources":["client/lib/semantic-ui/definitions/modules/sidebar.js"],"names":["$","window","document","undefined","Math","self","Function","fn","sidebar","parameters","$allModules","$window","$document","$html","$head","moduleSelector","selector","time","Date","getTime","performance","query","arguments","methodInvoked","queryArguments","slice","call","requestAnimationFrame","mozRequestAnimationFrame","webkitRequestAnimationFrame","msRequestAnimationFrame","callback","setTimeout","returnedValue","each","settings","isPlainObject","extend","className","namespace","regExp","error","eventNamespace","moduleNamespace","$module","$context","context","$sidebars","children","$fixed","fixed","$pusher","pusher","$style","element","instance","data","elementNamespace","id","currentScroll","transitionEvent","module","initialize","debug","create","get","is","ios","set","delaySetup","setup","layout","cache","instantiate","verbose","random","toString","substr","destroy","off","removeData","remove","event","clickaway","clickedInPusher","find","target","length","clickedContext","hide","touch","containScroll","scrollTop","offsetHeight","scrollHeight","scroll","closest","preventDefault","bind","closable","on","scrollLock","unbind","add","inlineCSS","width","outerWidth","height","outerHeight","isRTL","rtl","direction","distance","left","right","top","bottom","style","ie","appendTo","refresh","clear","refreshSidebars","repaint","display","ignored","css","not","omitted","wrapAll","nextAll","movedSidebar","detach","prependTo","pushable","attachEvents","$toggle","isFunction","toggle","notFound","show","hidden","overlay","transition","othersActive","exclusive","hideOthers","pushPage","onShow","onChange","onVisible","visible","animating","pullPage","onHidden","onHide","othersAnimating","filter","othersVisible","$otherSidebars","sidebarCount","callbackCount","$transition","animate","dim","transitionEnd","scrollToTop","dimmed","dimPage","removeClass","returnScroll","mobile","scrollBack","scrollTo","addClass","pushed","active","hasClass","mobileTransition","defaultTransition","computer","createElement","transitions","isIE11","ActiveXObject","isIE","userAgent","navigator","isIOS","match","isMobileChrome","mobileChrome","isMobile","open","closed","vertical","setting","name","value","internal","silent","log","prototype","console","info","apply","message","currentTime","executionTime","previousTime","push","clearTimeout","timer","title","totalTime","index","group","table","groupCollapsed","groupEnd","invoke","passedArguments","object","maxDepth","found","response","split","depth","camelCaseValue","charAt","toUpperCase","method","isArray","duration","jQuery"],"mappings":"AAAA;;;GAIA;;;;;;;;MAUA;;AAAC,CAAC,UAAUA,CAAV,EAAaC,MAAb,EAAqBC,QAArB,EAA+BC,SAA/B,EAA0C;AAE5C;;AAEAF,WAAU,OAAOA,MAAP,IAAiB,WAAjB,IAAgCA,OAAOG,IAAP,IAAeA,IAAhD,GACLH,MADK,GAEJ,OAAOI,IAAP,IAAe,WAAf,IAA8BA,KAAKD,IAAL,IAAaA,IAA5C,GACEC,IADF,GAEEC,SAAS,aAAT,GAJN;;AAOAN,IAAEO,EAAF,CAAKC,OAAL,GAAe,UAASC,UAAT,EAAqB;AAClC,QACEC,cAAkBV,EAAE,IAAF,CADpB;AAAA,QAEEW,UAAkBX,EAAEC,MAAF,CAFpB;AAAA,QAGEW,YAAkBZ,EAAEE,QAAF,CAHpB;AAAA,QAIEW,QAAkBb,EAAE,MAAF,CAJpB;AAAA,QAKEc,QAAkBd,EAAE,MAAF,CALpB;AAAA,QAOEe,iBAAkBL,YAAYM,QAAZ,IAAwB,EAP5C;AAAA,QASEC,OAAkB,IAAIC,IAAJ,GAAWC,OAAX,EATpB;AAAA,QAUEC,cAAkB,EAVpB;AAAA,QAYEC,QAAkBC,UAAU,CAAV,CAZpB;AAAA,QAaEC,gBAAmB,OAAOF,KAAP,IAAgB,QAbrC;AAAA,QAcEG,iBAAkB,GAAGC,KAAH,CAASC,IAAT,CAAcJ,SAAd,EAAyB,CAAzB,CAdpB;AAAA,QAgBEK,wBAAwB1B,OAAO0B,qBAAP,IACnB1B,OAAO2B,wBADY,IAEnB3B,OAAO4B,2BAFY,IAGnB5B,OAAO6B,uBAHY,IAInB,UAASC,QAAT,EAAmB;AAAEC,iBAAWD,QAAX,EAAqB,CAArB;AAA0B,KApBtD;AAAA,QAsBEE,aAtBF;;AAyBAvB,gBACGwB,IADH,CACQ,YAAW;AACf,UACEC,WAAoBnC,EAAEoC,aAAF,CAAgB3B,UAAhB,CAAF,GACdT,EAAEqC,MAAF,CAAS,IAAT,EAAe,EAAf,EAAmBrC,EAAEO,EAAF,CAAKC,OAAL,CAAa2B,QAAhC,EAA0C1B,UAA1C,CADc,GAEdT,EAAEqC,MAAF,CAAS,EAAT,EAAarC,EAAEO,EAAF,CAAKC,OAAL,CAAa2B,QAA1B,CAHN;AAAA,UAKEnB,WAAkBmB,SAASnB,QAL7B;AAAA,UAMEsB,YAAkBH,SAASG,SAN7B;AAAA,UAOEC,YAAkBJ,SAASI,SAP7B;AAAA,UAQEC,SAAkBL,SAASK,MAR7B;AAAA,UASEC,QAAkBN,SAASM,KAT7B;AAAA,UAWEC,iBAAkB,MAAMH,SAX1B;AAAA,UAYEI,kBAAkB,YAAYJ,SAZhC;AAAA,UAcEK,UAAkB5C,EAAE,IAAF,CAdpB;AAAA,UAeE6C,WAAkB7C,EAAEmC,SAASW,OAAX,CAfpB;AAAA,UAiBEC,YAAkBH,QAAQI,QAAR,CAAiBhC,SAASR,OAA1B,CAjBpB;AAAA,UAkBEyC,SAAkBJ,SAASG,QAAT,CAAkBhC,SAASkC,KAA3B,CAlBpB;AAAA,UAmBEC,UAAkBN,SAASG,QAAT,CAAkBhC,SAASoC,MAA3B,CAnBpB;AAAA,UAoBEC,MApBF;AAAA,UAsBEC,UAAkB,IAtBpB;AAAA,UAuBEC,WAAkBX,QAAQY,IAAR,CAAab,eAAb,CAvBpB;AAAA,UAyBEc,gBAzBF;AAAA,UA0BEC,EA1BF;AAAA,UA2BEC,aA3BF;AAAA,UA4BEC,eA5BF;AAAA,UA8BEC,MA9BF;AAiCAA,eAAc;AAEZC,oBAAY,YAAW;AACrBD,iBAAOE,KAAP,CAAa,sBAAb,EAAqCtD,UAArC;AAEAoD,iBAAOG,MAAP,CAAcN,EAAd;AAEAE,4BAAkBC,OAAOI,GAAP,CAAWL,eAAX,EAAlB;;AAEA,cAAGC,OAAOK,EAAP,CAAUC,GAAV,EAAH,EAAoB;AAClBN,mBAAOO,GAAP,CAAWD,GAAX;AACD,WAToB,CAWrB;;;AACA,cAAGhC,SAASkC,UAAZ,EAAwB;AACtB1C,kCAAsBkC,OAAOS,KAAP,CAAaC,MAAnC;AACD,WAFD,MAGK;AACHV,mBAAOS,KAAP,CAAaC,MAAb;AACD;;AAED5C,gCAAsB,YAAW;AAC/BkC,mBAAOS,KAAP,CAAaE,KAAb;AACD,WAFD;AAIAX,iBAAOY,WAAP;AACD,SA1BW;AA4BZA,qBAAa,YAAW;AACtBZ,iBAAOa,OAAP,CAAe,4BAAf,EAA6Cb,MAA7C;AACAN,qBAAWM,MAAX;AACAjB,kBACGY,IADH,CACQb,eADR,EACyBkB,MADzB;AAGD,SAlCW;AAoCZG,gBAAQ;AACNN,cAAI,YAAW;AACbA,iBAAK,CAACtD,KAAKuE,MAAL,GAAcC,QAAd,CAAuB,EAAvB,IAA6B,WAA9B,EAA2CC,MAA3C,CAAkD,CAAlD,EAAoD,CAApD,CAAL;AACApB,+BAAmB,MAAMC,EAAzB;AACAG,mBAAOa,OAAP,CAAe,gCAAf,EAAiDhB,EAAjD;AACD;AALK,SApCI;AA4CZoB,iBAAS,YAAW;AAClBjB,iBAAOa,OAAP,CAAe,gCAAf,EAAiD9B,OAAjD;AACAA,kBACGmC,GADH,CACOrC,cADP,EAEGsC,UAFH,CAEcrC,eAFd;;AAIA,cAAGkB,OAAOK,EAAP,CAAUC,GAAV,EAAH,EAAoB;AAClBN,mBAAOoB,MAAP,CAAcd,GAAd;AACD,WARiB,CASlB;;;AACAtB,mBAASkC,GAAT,CAAatB,gBAAb;AACA9C,kBAAQoE,GAAR,CAAYtB,gBAAZ;AACA7C,oBAAUmE,GAAV,CAActB,gBAAd;AACD,SAzDW;AA2DZyB,eAAO;AACLC,qBAAW,UAASD,KAAT,EAAgB;AACzB,gBACEE,kBAAmBjC,QAAQkC,IAAR,CAAaH,MAAMI,MAAnB,EAA2BC,MAA3B,GAAoC,CAApC,IAAyCpC,QAAQe,EAAR,CAAWgB,MAAMI,MAAjB,CAD9D;AAAA,gBAEEE,iBAAmB3C,SAASqB,EAAT,CAAYgB,MAAMI,MAAlB,CAFrB;;AAIA,gBAAGF,eAAH,EAAoB;AAClBvB,qBAAOa,OAAP,CAAe,6BAAf;AACAb,qBAAO4B,IAAP;AACD;;AACD,gBAAGD,cAAH,EAAmB;AACjB3B,qBAAOa,OAAP,CAAe,oDAAf;AACAb,qBAAO4B,IAAP;AACD;AACF,WAdI;AAeLC,iBAAO,UAASR,KAAT,EAAgB,CACrB;AACD,WAjBI;AAkBLS,yBAAe,UAAST,KAAT,EAAgB;AAC7B,gBAAG5B,QAAQsC,SAAR,IAAqB,CAAxB,EAA4B;AAC1BtC,sBAAQsC,SAAR,GAAoB,CAApB;AACD;;AACD,gBAAItC,QAAQsC,SAAR,GAAoBtC,QAAQuC,YAA7B,IAA8CvC,QAAQwC,YAAzD,EAAuE;AACrExC,sBAAQsC,SAAR,GAAoBtC,QAAQwC,YAAR,GAAuBxC,QAAQuC,YAA/B,GAA8C,CAAlE;AACD;AACF,WAzBI;AA0BLE,kBAAQ,UAASb,KAAT,EAAgB;AACtB,gBAAIlF,EAAEkF,MAAMI,MAAR,EAAgBU,OAAhB,CAAwBhF,SAASR,OAAjC,EAA0C+E,MAA1C,KAAqD,CAAzD,EAA6D;AAC3DL,oBAAMe,cAAN;AACD;AACF;AA9BI,SA3DK;AA4FZC,cAAM;AACJf,qBAAW,YAAW;AACpBtB,mBAAOa,OAAP,CAAe,oCAAf,EAAqD7B,QAArD;;AACA,gBAAGV,SAASgE,QAAZ,EAAsB;AACpBtD,uBACGuD,EADH,CACM,UAAa3C,gBADnB,EACqCI,OAAOqB,KAAP,CAAaC,SADlD,EAEGiB,EAFH,CAEM,aAAa3C,gBAFnB,EAEqCI,OAAOqB,KAAP,CAAaC,SAFlD;AAID;AACF,WATG;AAUJkB,sBAAY,YAAW;AACrB,gBAAGlE,SAASkE,UAAZ,EAAwB;AACtBxC,qBAAOE,KAAP,CAAa,uBAAb;AACApD,sBACGyF,EADH,CACM,mBAAmB3C,gBADzB,EAC2CI,OAAOqB,KAAP,CAAaa,MADxD;AAGD;;AACDlC,mBAAOa,OAAP,CAAe,yCAAf;AACA9D,sBACGwF,EADH,CACM,cAAc3C,gBADpB,EACsCI,OAAOqB,KAAP,CAAaQ,KADnD;AAGA9C,oBACGwD,EADH,CACM,WAAW1D,cADjB,EACiCmB,OAAOqB,KAAP,CAAaS,aAD9C;AAGD;AAxBG,SA5FM;AAsHZW,gBAAQ;AACNnB,qBAAW,YAAW;AACpBtB,mBAAOa,OAAP,CAAe,wCAAf,EAAyD7B,QAAzD;AACAA,qBAASkC,GAAT,CAAatB,gBAAb;AACD,WAJK;AAKN4C,sBAAY,YAAW;AACrBxC,mBAAOa,OAAP,CAAe,gCAAf;AACA9D,sBAAUmE,GAAV,CAActB,gBAAd;AACA9C,oBAAQoE,GAAR,CAAYtB,gBAAZ;AACAb,oBAAQmC,GAAR,CAAY,WAAWrC,cAAvB;AACD;AAVK,SAtHI;AAmIZ6D,aAAK;AACHC,qBAAW,YAAW;AACpB,gBACEC,QAAY5C,OAAOW,KAAP,CAAaiC,KAAb,IAAuB7D,QAAQ8D,UAAR,EADrC;AAAA,gBAEEC,SAAY9C,OAAOW,KAAP,CAAamC,MAAb,IAAuB/D,QAAQgE,WAAR,EAFrC;AAAA,gBAGEC,QAAYhD,OAAOK,EAAP,CAAU4C,GAAV,EAHd;AAAA,gBAIEC,YAAYlD,OAAOI,GAAP,CAAW8C,SAAX,EAJd;AAAA,gBAKEC,WAAY;AACVC,oBAASR,KADC;AAEVS,qBAAS,CAACT,KAFA;AAGVU,mBAASR,MAHC;AAIVS,sBAAS,CAACT;AAJA,aALd;AAAA,gBAWEU,KAXF;;AAcA,gBAAGR,KAAH,EAAS;AACPhD,qBAAOa,OAAP,CAAe,+BAAf;AACAsC,uBAASC,IAAT,GAAgB,CAACR,KAAjB;AACAO,uBAASE,KAAT,GAAiBT,KAAjB;AACD;;AAEDY,oBAAS,SAAT;;AAEA,gBAAGN,cAAc,MAAd,IAAwBA,cAAc,OAAzC,EAAkD;AAChDlD,qBAAOE,KAAP,CAAa,yCAAb,EAAwD0C,KAAxD;AACAY,uBAAU,KACN,eADM,GACYN,SADZ,GACwB,oBADxB,GAEN,eAFM,GAEYA,SAFZ,GAEwB,sBAFxB,GAGN,oCAHM,GAGgCC,SAASD,SAAT,CAHhC,GAGsD,YAHtD,GAIN,oCAJM,GAIgCC,SAASD,SAAT,CAJhC,GAIsD,YAJtD,GAKN,IALJ;AAOD,aATD,MAUK,IAAGA,cAAc,KAAd,IAAuBA,aAAa,QAAvC,EAAiD;AACpDM,uBAAU,KACN,eADM,GACYN,SADZ,GACwB,oBADxB,GAEN,eAFM,GAEYA,SAFZ,GAEwB,sBAFxB,GAGN,uCAHM,GAGoCC,SAASD,SAAT,CAHpC,GAG0D,SAH1D,GAIN,uCAJM,GAIoCC,SAASD,SAAT,CAJpC,GAI0D,SAJ1D,GAKN,IALJ;AAOD,aAzCmB,CA2CpB,8DA3CoB,CA4CpB;;AACA,gBAAIlD,OAAOK,EAAP,CAAUoD,EAAV,EAAJ,EAAqB;AACnB,kBAAGP,cAAc,MAAd,IAAwBA,cAAc,OAAzC,EAAkD;AAChDlD,uBAAOE,KAAP,CAAa,yCAAb,EAAwD0C,KAAxD;AACAY,yBAAU,KACN,+BADM,GAC4BN,SAD5B,GACwC,4BADxC,GAEN,oCAFM,GAEgCC,SAASD,SAAT,CAFhC,GAEsD,YAFtD,GAGN,oCAHM,GAGgCC,SAASD,SAAT,CAHhC,GAGsD,YAHtD,GAIN,IAJJ;AAMD,eARD,MASK,IAAGA,cAAc,KAAd,IAAuBA,aAAa,QAAvC,EAAiD;AACpDM,yBAAU,KACN,+BADM,GAC4BN,SAD5B,GACwC,4BADxC,GAEN,uCAFM,GAEoCC,SAASD,SAAT,CAFpC,GAE0D,SAF1D,GAGN,uCAHM,GAGoCC,SAASD,SAAT,CAHpC,GAG0D,SAH1D,GAIN,IAJJ;AAMD,eAjBkB,CAkBnB;;AACAM,uBAAS,KACL,wFADK,GAEL,yFAFK,GAGL,+CAHK,GAIL,+CAJK,GAKL,IALJ;AAOD;;AACDA,qBAAS,UAAT;AACAhE,qBAASrD,EAAEqH,KAAF,EACNE,QADM,CACGzG,KADH,CAAT;AAGA+C,mBAAOE,KAAP,CAAa,2BAAb,EAA0CV,MAA1C;AACD;AA9EE,SAnIO;AAoNZmE,iBAAS,YAAW;AAClB3D,iBAAOa,OAAP,CAAe,2BAAf;AACA7B,qBAAY7C,EAAEmC,SAASW,OAAX,CAAZ;AACAC,sBAAYF,SAASG,QAAT,CAAkBhC,SAASR,OAA3B,CAAZ;AACA2C,oBAAYN,SAASG,QAAT,CAAkBhC,SAASoC,MAA3B,CAAZ;AACAH,mBAAYJ,SAASG,QAAT,CAAkBhC,SAASkC,KAA3B,CAAZ;AACAW,iBAAO4D,KAAP,CAAajD,KAAb;AACD,SA3NW;AA6NZkD,yBAAiB,YAAW;AAC1B7D,iBAAOa,OAAP,CAAe,2BAAf;AACA3B,sBAAYF,SAASG,QAAT,CAAkBhC,SAASR,OAA3B,CAAZ;AACD,SAhOW;AAkOZmH,iBAAS,YAAW;AAClB9D,iBAAOa,OAAP,CAAe,uBAAf;AACApB,kBAAQ+D,KAAR,CAAcO,OAAd,GAAwB,MAAxB;AACA,cAAIC,UAAUvE,QAAQuC,YAAtB;AACAvC,kBAAQsC,SAAR,GAAoBtC,QAAQsC,SAA5B;AACAtC,kBAAQ+D,KAAR,CAAcO,OAAd,GAAwB,EAAxB;AACD,SAxOW;AA0OZtD,eAAO;AACLE,iBAAO,YAAW;AAChBX,mBAAOW,KAAP,GAAe;AACbiC,qBAAS7D,QAAQ8D,UAAR,EADI;AAEbC,sBAAS/D,QAAQgE,WAAR,EAFI;AAGbE,mBAAUlE,QAAQkF,GAAR,CAAY,WAAZ,KAA4B;AAHzB,aAAf;AAKD,WAPI;AAQLvD,kBAAQ,YAAW;AACjB,gBAAI1B,SAASG,QAAT,CAAkBhC,SAASoC,MAA3B,EAAmCmC,MAAnC,KAA8C,CAAlD,EAAsD;AACpD1B,qBAAOE,KAAP,CAAa,oCAAb;AACAF,qBAAOpB,KAAP,CAAaA,MAAMW,MAAnB;AACAD,wBAAUnD,EAAE,wBAAF,CAAV;AACA6C,uBACGG,QADH,GAEK+E,GAFL,CAES/G,SAASgH,OAFlB,EAGKD,GAHL,CAGShF,SAHT,EAIKkF,OAJL,CAIa9E,OAJb;AAMAU,qBAAO2D,OAAP;AACD;;AACD,gBAAG5E,QAAQsF,OAAR,CAAgBlH,SAASoC,MAAzB,EAAiCmC,MAAjC,KAA4C,CAA5C,IAAiD3C,QAAQsF,OAAR,CAAgBlH,SAASoC,MAAzB,EAAiC,CAAjC,MAAwCD,QAAQ,CAAR,CAA5F,EAAwG;AACtGU,qBAAOE,KAAP,CAAa,yCAAb;AACAF,qBAAOpB,KAAP,CAAaA,MAAM0F,YAAnB,EAAiC7E,OAAjC;AACAV,sBAAQwF,MAAR,GAAiBC,SAAjB,CAA2BxF,QAA3B;AACAgB,qBAAO2D,OAAP;AACD;;AACD3D,mBAAO4D,KAAP,CAAajD,KAAb;AACAX,mBAAOO,GAAP,CAAWkE,QAAX;AACAzE,mBAAOO,GAAP,CAAW2C,SAAX;AACD;AA9BI,SA1OK;AA2QZwB,sBAAc,UAASvH,QAAT,EAAmBkE,KAAnB,EAA0B;AACtC,cACEsD,UAAUxI,EAAEgB,QAAF,CADZ;AAGAkE,kBAAQlF,EAAEyI,UAAF,CAAa5E,OAAOqB,KAAP,CAAb,IACJrB,OAAOqB,KAAP,CADI,GAEJrB,OAAO6E,MAFX;;AAIA,cAAGF,QAAQjD,MAAR,GAAiB,CAApB,EAAuB;AACrB1B,mBAAOE,KAAP,CAAa,qCAAb,EAAoD/C,QAApD,EAA8DkE,KAA9D;AACAsD,oBACGpC,EADH,CACM,UAAU1D,cADhB,EACgCwC,KADhC;AAGD,WALD,MAMK;AACHrB,mBAAOpB,KAAP,CAAaA,MAAMkG,QAAnB,EAA6B3H,QAA7B;AACD;AACF,SA5RW;AA8RZ4H,cAAM,UAAS7G,QAAT,EAAmB;AACvBA,qBAAW/B,EAAEyI,UAAF,CAAa1G,QAAb,IACPA,QADO,GAEP,YAAU,CAAE,CAFhB;;AAIA,cAAG8B,OAAOK,EAAP,CAAU2E,MAAV,EAAH,EAAuB;AACrBhF,mBAAO6D,eAAP;;AACA,gBAAGvF,SAAS2G,OAAZ,EAAsB;AACpBjF,qBAAOpB,KAAP,CAAaA,MAAMqG,OAAnB;AACA3G,uBAAS4G,UAAT,GAAsB,SAAtB;AACD;;AACDlF,mBAAO2D,OAAP;;AACA,gBAAG3D,OAAOmF,YAAP,EAAH,EAA0B;AACxBnF,qBAAOE,KAAP,CAAa,kCAAb;;AACA,kBAAG5B,SAAS8G,SAAZ,EAAuB;AACrB;AACA,oBAAG9G,SAAS4G,UAAT,IAAuB,SAA1B,EAAqC;AACnClF,yBAAOqF,UAAP,CAAkBrF,OAAO+E,IAAzB;AACA;AACD,iBAHD,MAIK;AACH/E,yBAAOqF,UAAP;AACD;AACF,eATD,MAUK;AACH/G,yBAAS4G,UAAT,GAAsB,SAAtB;AACD;AACF;;AACDlF,mBAAOsF,QAAP,CAAgB,YAAW;AACzBpH,uBAASL,IAAT,CAAc4B,OAAd;AACAnB,uBAASiH,MAAT,CAAgB1H,IAAhB,CAAqB4B,OAArB;AACD,aAHD;AAIAnB,qBAASkH,QAAT,CAAkB3H,IAAlB,CAAuB4B,OAAvB;AACAnB,qBAASmH,SAAT,CAAmB5H,IAAnB,CAAwB4B,OAAxB;AACD,WA7BD,MA8BK;AACHO,mBAAOE,KAAP,CAAa,4BAAb;AACD;AACF,SApUW;AAsUZ0B,cAAM,UAAS1D,QAAT,EAAmB;AACvBA,qBAAW/B,EAAEyI,UAAF,CAAa1G,QAAb,IACPA,QADO,GAEP,YAAU,CAAE,CAFhB;;AAIA,cAAG8B,OAAOK,EAAP,CAAUqF,OAAV,MAAuB1F,OAAOK,EAAP,CAAUsF,SAAV,EAA1B,EAAiD;AAC/C3F,mBAAOE,KAAP,CAAa,gBAAb,EAA+BhC,QAA/B;AACA8B,mBAAO6D,eAAP;AACA7D,mBAAO4F,QAAP,CAAgB,YAAW;AACzB1H,uBAASL,IAAT,CAAc4B,OAAd;AACAnB,uBAASuH,QAAT,CAAkBhI,IAAlB,CAAuB4B,OAAvB;AACD,aAHD;AAIAnB,qBAASkH,QAAT,CAAkB3H,IAAlB,CAAuB4B,OAAvB;AACAnB,qBAASwH,MAAT,CAAgBjI,IAAhB,CAAqB4B,OAArB;AACD;AACF,SArVW;AAuVZsG,yBAAiB,YAAW;AAC1B,iBAAQ7G,UAAUgF,GAAV,CAAcnF,OAAd,EAAuBiH,MAAvB,CAA8B,MAAMvH,UAAUkH,SAA9C,EAAyDjE,MAAzD,GAAkE,CAA1E;AACD,SAzVW;AA0VZuE,uBAAe,YAAW;AACxB,iBAAQ/G,UAAUgF,GAAV,CAAcnF,OAAd,EAAuBiH,MAAvB,CAA8B,MAAMvH,UAAUiH,OAA9C,EAAuDhE,MAAvD,GAAgE,CAAxE;AACD,SA5VW;AA6VZyD,sBAAc,YAAW;AACvB,iBAAOnF,OAAOiG,aAAP,MAA0BjG,OAAO+F,eAAP,EAAjC;AACD,SA/VW;AAiWZV,oBAAY,UAASnH,QAAT,EAAmB;AAC7B,cACEgI,iBAAiBhH,UAAUgF,GAAV,CAAcnF,OAAd,EAAuBiH,MAAvB,CAA8B,MAAMvH,UAAUiH,OAA9C,CADnB;AAAA,cAEES,eAAiBD,eAAexE,MAFlC;AAAA,cAGE0E,gBAAiB,CAHnB;;AAKAlI,qBAAWA,YAAY,YAAU,CAAE,CAAnC;;AACAgI,yBACGvJ,OADH,CACW,MADX,EACmB,YAAW;AAC1ByJ;;AACA,gBAAGA,iBAAiBD,YAApB,EAAkC;AAChCjI;AACD;AACF,WANH;AAQD,SAhXW;AAkXZ2G,gBAAQ,YAAW;AACjB7E,iBAAOa,OAAP,CAAe,+BAAf;;AACA,cAAGb,OAAOK,EAAP,CAAU2E,MAAV,EAAH,EAAuB;AACrBhF,mBAAO+E,IAAP;AACD,WAFD,MAGK;AACH/E,mBAAO4B,IAAP;AACD;AACF,SA1XW;AA4XZ0D,kBAAU,UAASpH,QAAT,EAAmB;AAC3B,cACEgH,aAAalF,OAAOI,GAAP,CAAW8E,UAAX,EADf;AAAA,cAEEmB,cAAenB,eAAe,SAAf,IAA4BlF,OAAOmF,YAAP,EAA7B,GACVpG,OADU,GAEVO,OAJN;AAAA,cAKEgH,OALF;AAAA,cAMEC,GANF;AAAA,cAOEC,aAPF;AASAtI,qBAAW/B,EAAEyI,UAAF,CAAa1G,QAAb,IACPA,QADO,GAEP,YAAU,CAAE,CAFhB;;AAIA,cAAGI,SAAS4G,UAAT,IAAuB,YAA1B,EAAwC;AACtClF,mBAAOyG,WAAP;AACD;;AACDzG,iBAAOO,GAAP,CAAW2E,UAAX,CAAsBA,UAAtB;AACAlF,iBAAO8D,OAAP;;AACAwC,oBAAU,YAAW;AACnBtG,mBAAOqC,IAAP,CAAYf,SAAZ;AACAtB,mBAAO0C,GAAP,CAAWC,SAAX;AACA3C,mBAAOO,GAAP,CAAWoF,SAAX;AACA3F,mBAAOO,GAAP,CAAWmF,OAAX;AACD,WALD;;AAMAa,gBAAM,YAAW;AACfvG,mBAAOO,GAAP,CAAWmG,MAAX;AACD,WAFD;;AAGAF,0BAAgB,UAASnF,KAAT,EAAgB;AAC9B,gBAAIA,MAAMI,MAAN,IAAgB4E,YAAY,CAAZ,CAApB,EAAqC;AACnCA,0BAAYnF,GAAZ,CAAgBnB,kBAAkBH,gBAAlC,EAAoD4G,aAApD;AACAxG,qBAAOoB,MAAP,CAAcuE,SAAd;AACA3F,qBAAOqC,IAAP,CAAYG,UAAZ;AACAtE,uBAASL,IAAT,CAAc4B,OAAd;AACD;AACF,WAPD;;AAQA4G,sBAAYnF,GAAZ,CAAgBnB,kBAAkBH,gBAAlC;AACAyG,sBAAY9D,EAAZ,CAAexC,kBAAkBH,gBAAjC,EAAmD4G,aAAnD;AACA1I,gCAAsBwI,OAAtB;;AACA,cAAGhI,SAASqI,OAAT,IAAoB,CAAC3G,OAAOiG,aAAP,EAAxB,EAAgD;AAC9CnI,kCAAsByI,GAAtB;AACD;AACF,SAtaW;AAwaZX,kBAAU,UAAS1H,QAAT,EAAmB;AAC3B,cACEgH,aAAalF,OAAOI,GAAP,CAAW8E,UAAX,EADf;AAAA,cAEEmB,cAAenB,cAAc,SAAd,IAA2BlF,OAAOmF,YAAP,EAA5B,GACVpG,OADU,GAEVO,OAJN;AAAA,cAKEgH,OALF;AAAA,cAMEE,aANF;AAQAtI,qBAAW/B,EAAEyI,UAAF,CAAa1G,QAAb,IACPA,QADO,GAEP,YAAU,CAAE,CAFhB;AAIA8B,iBAAOa,OAAP,CAAe,6BAAf,EAA8Cb,OAAOI,GAAP,CAAW8C,SAAX,EAA9C;AAEAlD,iBAAOyC,MAAP,CAAcnB,SAAd;AACAtB,iBAAOyC,MAAP,CAAcD,UAAd;;AAEA8D,oBAAU,YAAW;AACnBtG,mBAAOO,GAAP,CAAW2E,UAAX,CAAsBA,UAAtB;AACAlF,mBAAOO,GAAP,CAAWoF,SAAX;AACA3F,mBAAOoB,MAAP,CAAcsE,OAAd;;AACA,gBAAGpH,SAASqI,OAAT,IAAoB,CAAC3G,OAAOiG,aAAP,EAAxB,EAAgD;AAC9C3G,sBAAQsH,WAAR,CAAoBnI,UAAUiI,MAA9B;AACD;AACF,WAPD;;AAQAF,0BAAgB,UAASnF,KAAT,EAAgB;AAC9B,gBAAIA,MAAMI,MAAN,IAAgB4E,YAAY,CAAZ,CAApB,EAAqC;AACnCA,0BAAYnF,GAAZ,CAAgBnB,kBAAkBH,gBAAlC,EAAoD4G,aAApD;AACAxG,qBAAOoB,MAAP,CAAcuE,SAAd;AACA3F,qBAAOoB,MAAP,CAAc8D,UAAd;AACAlF,qBAAOoB,MAAP,CAAcuB,SAAd;;AACA,kBAAGuC,cAAc,YAAd,IAA+B5G,SAASuI,YAAT,IAAyB7G,OAAOK,EAAP,CAAUyG,MAAV,EAA3D,EAAiF;AAC/E9G,uBAAO+G,UAAP;AACD;;AACD7I,uBAASL,IAAT,CAAc4B,OAAd;AACD;AACF,WAXD;;AAYA4G,sBAAYnF,GAAZ,CAAgBnB,kBAAkBH,gBAAlC;AACAyG,sBAAY9D,EAAZ,CAAexC,kBAAkBH,gBAAjC,EAAmD4G,aAAnD;AACA1I,gCAAsBwI,OAAtB;AACD,SAjdW;AAmdZG,qBAAa,YAAW;AACtBzG,iBAAOa,OAAP,CAAe,oDAAf;AACAf,0BAAgB3D,EAAEC,MAAF,EAAU2F,SAAV,EAAhB;AACAhD,kBAAQgD,SAAR,CAAkB,CAAlB;AACA3F,iBAAO4K,QAAP,CAAgB,CAAhB,EAAmB,CAAnB;AACD,SAxdW;AA0dZD,oBAAY,YAAW;AACrB/G,iBAAOa,OAAP,CAAe,0CAAf;AACAzE,iBAAO4K,QAAP,CAAgB,CAAhB,EAAmBlH,aAAnB;AACD,SA7dW;AA+dZ8D,eAAO;AACLjD,iBAAO,YAAW;AAChBX,mBAAOa,OAAP,CAAe,4BAAf;AACAb,mBAAOW,KAAP,GAAe,EAAf;AACD;AAJI,SA/dK;AAseZJ,aAAK;AAEH;AACAD,eAAK,YAAW;AACdtD,kBAAMiK,QAAN,CAAexI,UAAU6B,GAAzB;AACD,WALE;AAOH;AACA4G,kBAAQ,YAAW;AACjBlI,qBAASiI,QAAT,CAAkBxI,UAAUyI,MAA5B;AACD,WAVE;AAWHzC,oBAAU,YAAW;AACnBzF,qBAASiI,QAAT,CAAkBxI,UAAUgG,QAA5B;AACD,WAbE;AAeH;AACAiC,kBAAQ,YAAW;AACjBpH,oBAAQ2H,QAAR,CAAiBxI,UAAUiI,MAA3B;AACD,WAlBE;AAoBH;AACAS,kBAAQ,YAAW;AACjBpI,oBAAQkI,QAAR,CAAiBxI,UAAU0I,MAA3B;AACD,WAvBE;AAwBHxB,qBAAW,YAAW;AACpB5G,oBAAQkI,QAAR,CAAiBxI,UAAUkH,SAA3B;AACD,WA1BE;AA2BHT,sBAAY,UAASA,UAAT,EAAqB;AAC/BA,yBAAaA,cAAclF,OAAOI,GAAP,CAAW8E,UAAX,EAA3B;AACAnG,oBAAQkI,QAAR,CAAiB/B,UAAjB;AACD,WA9BE;AA+BHhC,qBAAW,UAASA,SAAT,EAAoB;AAC7BA,wBAAYA,aAAalD,OAAOI,GAAP,CAAW8C,SAAX,EAAzB;AACAnE,oBAAQkI,QAAR,CAAiBxI,UAAUyE,SAAV,CAAjB;AACD,WAlCE;AAmCHwC,mBAAS,YAAW;AAClB3G,oBAAQkI,QAAR,CAAiBxI,UAAUiH,OAA3B;AACD,WArCE;AAsCHT,mBAAS,YAAW;AAClBlG,oBAAQkI,QAAR,CAAiBxI,UAAUwG,OAA3B;AACD;AAxCE,SAteO;AAghBZ7D,gBAAQ;AAENuB,qBAAW,YAAW;AACpB3C,mBAAOE,KAAP,CAAa,4BAAb,EAA2CV,MAA3C;;AACA,gBAAGA,UAAUA,OAAOkC,MAAP,GAAgB,CAA7B,EAAgC;AAC9BlC,qBAAO4B,MAAP;AACD;AACF,WAPK;AASN;AACAd,eAAK,YAAW;AACdtD,kBAAM4J,WAAN,CAAkBnI,UAAU6B,GAA5B;AACD,WAZK;AAcN;AACA4G,kBAAQ,YAAW;AACjBlI,qBAAS4H,WAAT,CAAqBnI,UAAUyI,MAA/B;AACD,WAjBK;AAkBNzC,oBAAU,YAAW;AACnBzF,qBAAS4H,WAAT,CAAqBnI,UAAUgG,QAA/B;AACD,WApBK;AAsBN;AACA0C,kBAAQ,YAAW;AACjBpI,oBAAQ6H,WAAR,CAAoBnI,UAAU0I,MAA9B;AACD,WAzBK;AA0BNxB,qBAAW,YAAW;AACpB5G,oBAAQ6H,WAAR,CAAoBnI,UAAUkH,SAA9B;AACD,WA5BK;AA6BNT,sBAAY,UAASA,UAAT,EAAqB;AAC/BA,yBAAaA,cAAclF,OAAOI,GAAP,CAAW8E,UAAX,EAA3B;AACAnG,oBAAQ6H,WAAR,CAAoB1B,UAApB;AACD,WAhCK;AAiCNhC,qBAAW,UAASA,SAAT,EAAoB;AAC7BA,wBAAYA,aAAalD,OAAOI,GAAP,CAAW8C,SAAX,EAAzB;AACAnE,oBAAQ6H,WAAR,CAAoBnI,UAAUyE,SAAV,CAApB;AACD,WApCK;AAqCNwC,mBAAS,YAAW;AAClB3G,oBAAQ6H,WAAR,CAAoBnI,UAAUiH,OAA9B;AACD,WAvCK;AAwCNT,mBAAS,YAAW;AAClBlG,oBAAQ6H,WAAR,CAAoBnI,UAAUwG,OAA9B;AACD;AA1CK,SAhhBI;AA6jBZ7E,aAAK;AACH8C,qBAAW,YAAW;AACpB,gBAAGnE,QAAQqI,QAAR,CAAiB3I,UAAU6E,GAA3B,CAAH,EAAoC;AAClC,qBAAO7E,UAAU6E,GAAjB;AACD,aAFD,MAGK,IAAGvE,QAAQqI,QAAR,CAAiB3I,UAAU4E,KAA3B,CAAH,EAAsC;AACzC,qBAAO5E,UAAU4E,KAAjB;AACD,aAFI,MAGA,IAAGtE,QAAQqI,QAAR,CAAiB3I,UAAU8E,MAA3B,CAAH,EAAuC;AAC1C,qBAAO9E,UAAU8E,MAAjB;AACD;;AACD,mBAAO9E,UAAU2E,IAAjB;AACD,WAZE;AAaH8B,sBAAY,YAAW;AACrB,gBACEhC,YAAYlD,OAAOI,GAAP,CAAW8C,SAAX,EADd;AAAA,gBAEEgC,UAFF;AAIAA,yBAAelF,OAAOK,EAAP,CAAUyG,MAAV,EAAF,GACRxI,SAAS+I,gBAAT,IAA6B,MAA9B,GACE/I,SAASgJ,iBAAT,CAA2BR,MAA3B,CAAkC5D,SAAlC,CADF,GAEE5E,SAAS+I,gBAHF,GAIR/I,SAAS4G,UAAT,IAAuB,MAAxB,GACE5G,SAASgJ,iBAAT,CAA2BC,QAA3B,CAAoCrE,SAApC,CADF,GAEE5E,SAAS4G,UANf;AAQAlF,mBAAOa,OAAP,CAAe,uBAAf,EAAwCqE,UAAxC;AACA,mBAAOA,UAAP;AACD,WA5BE;AA6BHnF,2BAAiB,YAAW;AAC1B,gBACEN,UAAcpD,SAASmL,aAAT,CAAuB,SAAvB,CADhB;AAAA,gBAEEC,cAAc;AACZ,4BAAoB,eADR;AAEZ,6BAAoB,gBAFR;AAGZ,+BAAoB,eAHR;AAIZ,kCAAoB;AAJR,aAFhB;AAAA,gBAQEvC,UARF;;AAUA,iBAAIA,UAAJ,2CAAkBuC,WAAlB,GAA8B;AAC5B,kBAAIhI,QAAQ+D,KAAR,CAAc0B,UAAd,MAA8B5I,SAAlC,EAA6C;AAC3C,uBAAOmL,YAAYvC,UAAZ,CAAP;AACD;AACF;AACF;AA7CE,SA7jBO;AA6mBZ7E,YAAI;AAEFoD,cAAI,YAAW;AACb,gBACEiE,SAAU,CAAEtL,OAAOuL,aAAT,IAA2B,mBAAmBvL,MAD1D;AAAA,gBAEEwL,OAAU,mBAAmBxL,MAF/B;AAIA,mBAAQsL,UAAUE,IAAlB;AACD,WARC;AAUFtH,eAAK,YAAW;AACd,gBACEuH,YAAiBC,UAAUD,SAD7B;AAAA,gBAEEE,QAAiBF,UAAUG,KAAV,CAAgBrJ,OAAO2B,GAAvB,CAFnB;AAAA,gBAGE2H,iBAAiBJ,UAAUG,KAAV,CAAgBrJ,OAAOuJ,YAAvB,CAHnB;;AAKA,gBAAGH,SAAS,CAACE,cAAb,EAA6B;AAC3BjI,qBAAOa,OAAP,CAAe,6BAAf,EAA8CgH,SAA9C;AACA,qBAAO,IAAP;AACD,aAHD,MAIK;AACH,qBAAO,KAAP;AACD;AACF,WAvBC;AAwBFf,kBAAQ,YAAW;AACjB,gBACEe,YAAeC,UAAUD,SAD3B;AAAA,gBAEEM,WAAeN,UAAUG,KAAV,CAAgBrJ,OAAOmI,MAAvB,CAFjB;;AAIA,gBAAGqB,QAAH,EAAa;AACXnI,qBAAOa,OAAP,CAAe,gCAAf,EAAiDgH,SAAjD;AACA,qBAAO,IAAP;AACD,aAHD,MAIK;AACH7H,qBAAOa,OAAP,CAAe,iDAAf,EAAkEgH,SAAlE;AACA,qBAAO,KAAP;AACD;AACF,WArCC;AAsCF7C,kBAAQ,YAAW;AACjB,mBAAO,CAAChF,OAAOK,EAAP,CAAUqF,OAAV,EAAR;AACD,WAxCC;AAyCFA,mBAAS,YAAW;AAClB,mBAAO3G,QAAQqI,QAAR,CAAiB3I,UAAUiH,OAA3B,CAAP;AACD,WA3CC;AA4CF;AACA0C,gBAAM,YAAW;AACf,mBAAOpI,OAAOK,EAAP,CAAUqF,OAAV,EAAP;AACD,WA/CC;AAgDF2C,kBAAQ,YAAW;AACjB,mBAAOrI,OAAOK,EAAP,CAAU2E,MAAV,EAAP;AACD,WAlDC;AAmDFsD,oBAAU,YAAW;AACnB,mBAAOvJ,QAAQqI,QAAR,CAAiB3I,UAAU6E,GAA3B,CAAP;AACD,WArDC;AAsDFqC,qBAAW,YAAW;AACpB,mBAAO3G,SAASoI,QAAT,CAAkB3I,UAAUkH,SAA5B,CAAP;AACD,WAxDC;AAyDF1C,eAAK,YAAY;AACf,gBAAGjD,OAAOW,KAAP,CAAasC,GAAb,KAAqB3G,SAAxB,EAAmC;AACjC0D,qBAAOW,KAAP,CAAasC,GAAb,GAAoBlE,QAAQkF,GAAR,CAAY,WAAZ,KAA4B,KAAhD;AACD;;AACD,mBAAOjE,OAAOW,KAAP,CAAasC,GAApB;AACD;AA9DC,SA7mBQ;AA8qBZsF,iBAAS,UAASC,IAAT,EAAeC,KAAf,EAAsB;AAC7BzI,iBAAOE,KAAP,CAAa,kBAAb,EAAiCsI,IAAjC,EAAuCC,KAAvC;;AACA,cAAItM,EAAEoC,aAAF,CAAgBiK,IAAhB,CAAJ,EAA4B;AAC1BrM,cAAEqC,MAAF,CAAS,IAAT,EAAeF,QAAf,EAAyBkK,IAAzB;AACD,WAFD,MAGK,IAAGC,UAAUnM,SAAb,EAAwB;AAC3B,gBAAGH,EAAEoC,aAAF,CAAgBD,SAASkK,IAAT,CAAhB,CAAH,EAAoC;AAClCrM,gBAAEqC,MAAF,CAAS,IAAT,EAAeF,SAASkK,IAAT,CAAf,EAA+BC,KAA/B;AACD,aAFD,MAGK;AACHnK,uBAASkK,IAAT,IAAiBC,KAAjB;AACD;AACF,WAPI,MAQA;AACH,mBAAOnK,SAASkK,IAAT,CAAP;AACD;AACF,SA9rBW;AA+rBZE,kBAAU,UAASF,IAAT,EAAeC,KAAf,EAAsB;AAC9B,cAAItM,EAAEoC,aAAF,CAAgBiK,IAAhB,CAAJ,EAA4B;AAC1BrM,cAAEqC,MAAF,CAAS,IAAT,EAAewB,MAAf,EAAuBwI,IAAvB;AACD,WAFD,MAGK,IAAGC,UAAUnM,SAAb,EAAwB;AAC3B0D,mBAAOwI,IAAP,IAAeC,KAAf;AACD,WAFI,MAGA;AACH,mBAAOzI,OAAOwI,IAAP,CAAP;AACD;AACF,SAzsBW;AA0sBZtI,eAAO,YAAW;AAChB,cAAG,CAAC5B,SAASqK,MAAV,IAAoBrK,SAAS4B,KAAhC,EAAuC;AACrC,gBAAG5B,SAASf,WAAZ,EAAyB;AACvByC,qBAAOzC,WAAP,CAAmBqL,GAAnB,CAAuBnL,SAAvB;AACD,aAFD,MAGK;AACHuC,qBAAOE,KAAP,GAAezD,SAASoM,SAAT,CAAmBxG,IAAnB,CAAwBxE,IAAxB,CAA6BiL,QAAQC,IAArC,EAA2CD,OAA3C,EAAoDxK,SAASkK,IAAT,GAAgB,GAApE,CAAf;AACAxI,qBAAOE,KAAP,CAAa8I,KAAb,CAAmBF,OAAnB,EAA4BrL,SAA5B;AACD;AACF;AACF,SAptBW;AAqtBZoD,iBAAS,YAAW;AAClB,cAAG,CAACvC,SAASqK,MAAV,IAAoBrK,SAASuC,OAA7B,IAAwCvC,SAAS4B,KAApD,EAA2D;AACzD,gBAAG5B,SAASf,WAAZ,EAAyB;AACvByC,qBAAOzC,WAAP,CAAmBqL,GAAnB,CAAuBnL,SAAvB;AACD,aAFD,MAGK;AACHuC,qBAAOa,OAAP,GAAiBpE,SAASoM,SAAT,CAAmBxG,IAAnB,CAAwBxE,IAAxB,CAA6BiL,QAAQC,IAArC,EAA2CD,OAA3C,EAAoDxK,SAASkK,IAAT,GAAgB,GAApE,CAAjB;AACAxI,qBAAOa,OAAP,CAAemI,KAAf,CAAqBF,OAArB,EAA8BrL,SAA9B;AACD;AACF;AACF,SA/tBW;AAguBZmB,eAAO,YAAW;AAChB,cAAG,CAACN,SAASqK,MAAb,EAAqB;AACnB3I,mBAAOpB,KAAP,GAAenC,SAASoM,SAAT,CAAmBxG,IAAnB,CAAwBxE,IAAxB,CAA6BiL,QAAQlK,KAArC,EAA4CkK,OAA5C,EAAqDxK,SAASkK,IAAT,GAAgB,GAArE,CAAf;AACAxI,mBAAOpB,KAAP,CAAaoK,KAAb,CAAmBF,OAAnB,EAA4BrL,SAA5B;AACD;AACF,SAruBW;AAsuBZF,qBAAa;AACXqL,eAAK,UAASK,OAAT,EAAkB;AACrB,gBACEC,WADF,EAEEC,aAFF,EAGEC,YAHF;;AAKA,gBAAG9K,SAASf,WAAZ,EAAyB;AACvB2L,4BAAgB,IAAI7L,IAAJ,GAAWC,OAAX,EAAhB;AACA8L,6BAAgBhM,QAAQ8L,WAAxB;AACAC,8BAAgBD,cAAcE,YAA9B;AACAhM,qBAAgB8L,WAAhB;AACA3L,0BAAY8L,IAAZ,CAAiB;AACf,wBAAmBJ,QAAQ,CAAR,CADJ;AAEf,6BAAmB,GAAGrL,KAAH,CAASC,IAAT,CAAcoL,OAAd,EAAuB,CAAvB,KAA6B,EAFjC;AAGf,2BAAmBxJ,OAHJ;AAIf,kCAAmB0J;AAJJ,eAAjB;AAMD;;AACDG,yBAAatJ,OAAOzC,WAAP,CAAmBgM,KAAhC;AACAvJ,mBAAOzC,WAAP,CAAmBgM,KAAnB,GAA2BpL,WAAW6B,OAAOzC,WAAP,CAAmBwG,OAA9B,EAAuC,GAAvC,CAA3B;AACD,WArBU;AAsBXA,mBAAS,YAAW;AAClB,gBACEyF,QAAQlL,SAASkK,IAAT,GAAgB,GAD1B;AAAA,gBAEEiB,YAAY,CAFd;AAIArM,mBAAO,KAAP;AACAkM,yBAAatJ,OAAOzC,WAAP,CAAmBgM,KAAhC;AACApN,cAAEkC,IAAF,CAAOd,WAAP,EAAoB,UAASmM,KAAT,EAAgB/J,IAAhB,EAAsB;AACxC8J,2BAAa9J,KAAK,gBAAL,CAAb;AACD,aAFD;AAGA6J,qBAAS,MAAMC,SAAN,GAAkB,IAA3B;;AACA,gBAAGvM,cAAH,EAAmB;AACjBsM,uBAAS,QAAQtM,cAAR,GAAyB,IAAlC;AACD;;AACD,gBAAI,CAAC4L,QAAQa,KAAR,KAAkBrN,SAAlB,IAA+BwM,QAAQc,KAAR,KAAkBtN,SAAlD,KAAgEiB,YAAYmE,MAAZ,GAAqB,CAAzF,EAA4F;AAC1FoH,sBAAQe,cAAR,CAAuBL,KAAvB;;AACA,kBAAGV,QAAQc,KAAX,EAAkB;AAChBd,wBAAQc,KAAR,CAAcrM,WAAd;AACD,eAFD,MAGK;AACHpB,kBAAEkC,IAAF,CAAOd,WAAP,EAAoB,UAASmM,KAAT,EAAgB/J,IAAhB,EAAsB;AACxCmJ,0BAAQF,GAAR,CAAYjJ,KAAK,MAAL,IAAe,IAAf,GAAsBA,KAAK,gBAAL,CAAtB,GAA6C,IAAzD;AACD,iBAFD;AAGD;;AACDmJ,sBAAQgB,QAAR;AACD;;AACDvM,0BAAc,EAAd;AACD;AAjDU,SAtuBD;AAyxBZwM,gBAAQ,UAASvM,KAAT,EAAgBwM,eAAhB,EAAiC/K,OAAjC,EAA0C;AAChD,cACEgL,SAASvK,QADX;AAAA,cAEEwK,QAFF;AAAA,cAGEC,KAHF;AAAA,cAIEC,QAJF;AAMAJ,4BAAkBA,mBAAmBrM,cAArC;AACAsB,oBAAkBQ,WAAmBR,OAArC;;AACA,cAAG,OAAOzB,KAAP,IAAgB,QAAhB,IAA4ByM,WAAW3N,SAA1C,EAAqD;AACnDkB,oBAAWA,MAAM6M,KAAN,CAAY,OAAZ,CAAX;AACAH,uBAAW1M,MAAMkE,MAAN,GAAe,CAA1B;AACAvF,cAAEkC,IAAF,CAAOb,KAAP,EAAc,UAAS8M,KAAT,EAAgB7B,KAAhB,EAAuB;AACnC,kBAAI8B,iBAAkBD,SAASJ,QAAV,GACjBzB,QAAQjL,MAAM8M,QAAQ,CAAd,EAAiBE,MAAjB,CAAwB,CAAxB,EAA2BC,WAA3B,EAAR,GAAmDjN,MAAM8M,QAAQ,CAAd,EAAiB1M,KAAjB,CAAuB,CAAvB,CADlC,GAEjBJ,KAFJ;;AAIA,kBAAIrB,EAAEoC,aAAF,CAAiB0L,OAAOM,cAAP,CAAjB,KAA8CD,SAASJ,QAA3D,EAAuE;AACrED,yBAASA,OAAOM,cAAP,CAAT;AACD,eAFD,MAGK,IAAIN,OAAOM,cAAP,MAA2BjO,SAA/B,EAA2C;AAC9C6N,wBAAQF,OAAOM,cAAP,CAAR;AACA,uBAAO,KAAP;AACD,eAHI,MAIA,IAAIpO,EAAEoC,aAAF,CAAiB0L,OAAOxB,KAAP,CAAjB,KAAqC6B,SAASJ,QAAlD,EAA8D;AACjED,yBAASA,OAAOxB,KAAP,CAAT;AACD,eAFI,MAGA,IAAIwB,OAAOxB,KAAP,MAAkBnM,SAAtB,EAAkC;AACrC6N,wBAAQF,OAAOxB,KAAP,CAAR;AACA,uBAAO,KAAP;AACD,eAHI,MAIA;AACHzI,uBAAOpB,KAAP,CAAaA,MAAM8L,MAAnB,EAA2BlN,KAA3B;AACA,uBAAO,KAAP;AACD;AACF,aAvBD;AAwBD;;AACD,cAAKrB,EAAEyI,UAAF,CAAcuF,KAAd,CAAL,EAA6B;AAC3BC,uBAAWD,MAAMnB,KAAN,CAAY/J,OAAZ,EAAqB+K,eAArB,CAAX;AACD,WAFD,MAGK,IAAGG,UAAU7N,SAAb,EAAwB;AAC3B8N,uBAAWD,KAAX;AACD;;AACD,cAAGhO,EAAEwO,OAAF,CAAUvM,aAAV,CAAH,EAA6B;AAC3BA,0BAAciL,IAAd,CAAmBe,QAAnB;AACD,WAFD,MAGK,IAAGhM,kBAAkB9B,SAArB,EAAgC;AACnC8B,4BAAgB,CAACA,aAAD,EAAgBgM,QAAhB,CAAhB;AACD,WAFI,MAGA,IAAGA,aAAa9N,SAAhB,EAA2B;AAC9B8B,4BAAgBgM,QAAhB;AACD;;AACD,iBAAOD,KAAP;AACD;AA90BW,OAAd;;AAk1BF,UAAGzM,aAAH,EAAkB;AAChB,YAAGgC,aAAapD,SAAhB,EAA2B;AACzB0D,iBAAOC,UAAP;AACD;;AACDD,eAAO+J,MAAP,CAAcvM,KAAd;AACD,OALD,MAMK;AACH,YAAGkC,aAAapD,SAAhB,EAA2B;AACzB0D,iBAAO+J,MAAP,CAAc,SAAd;AACD;;AACD/J,eAAOC,UAAP;AACD;AACF,KAj4BD;AAm4BA,WAAQ7B,kBAAkB9B,SAAnB,GACH8B,aADG,GAEH,IAFJ;AAID,GAj6BD;;AAm6BAjC,IAAEO,EAAF,CAAKC,OAAL,CAAa2B,QAAb,GAAwB;AAEtBkK,UAAoB,SAFE;AAGtB9J,eAAoB,SAHE;AAKtBiK,YAAoB,KALE;AAMtBzI,WAAoB,KANE;AAOtBW,aAAoB,KAPE;AAQtBtD,iBAAoB,IARE;AAUtB2H,gBAAoB,MAVE;AAWtBmC,sBAAoB,MAXE;AAatBC,uBAAoB;AAClBC,gBAAU;AACRnE,cAAS,SADD;AAERC,eAAS,SAFD;AAGRC,aAAS,SAHD;AAIRC,gBAAS;AAJD,OADQ;AAOlBuD,cAAQ;AACN1D,cAAS,SADH;AAENC,eAAS,SAFH;AAGNC,aAAS,SAHH;AAINC,gBAAS;AAJH;AAPU,KAbE;AA4BtBtE,aAAoB,MA5BE;AA6BtBmG,eAAoB,KA7BE;AA8BtB9C,cAAoB,IA9BE;AA+BtBqE,aAAoB,IA/BE;AAgCtBnE,gBAAoB,KAhCE;AAiCtBqE,kBAAoB,KAjCE;AAkCtBrG,gBAAoB,KAlCE;AAoCtBoK,cAAoB,GApCE;AAsCtBpF,cAAoB,YAAU,CAAE,CAtCV;AAuCtBD,YAAoB,YAAU,CAAE,CAvCV;AAwCtBO,YAAoB,YAAU,CAAE,CAxCV;AA0CtBD,cAAoB,YAAU,CAAE,CA1CV;AA2CtBJ,eAAoB,YAAU,CAAE,CA3CV;AA6CtBhH,eAAoB;AAClB0I,cAAY,QADM;AAElBxB,iBAAY,WAFM;AAGlBe,cAAY,QAHM;AAIlBpG,WAAY,KAJM;AAKlBmE,gBAAY,UALM;AAMlByC,cAAY,QANM;AAOlB7D,aAAY,OAPM;AAQlBC,WAAY,KARM;AASlBF,YAAY,MATM;AAUlBG,cAAY,QAVM;AAWlBmC,eAAY;AAXM,KA7CE;AA2DtBvI,cAAU;AACRkC,aAAU,QADF;AAER8E,eAAU,gEAFF;AAGR5E,cAAU,SAHF;AAIR5C,eAAU;AAJF,KA3DY;AAkEtBgC,YAAQ;AACN2B,WAAe,qBADT;AAEN4H,oBAAe,UAFT;AAGNpB,cAAe;AAHT,KAlEc;AAwEtBlI,WAAU;AACR8L,cAAe,uCADP;AAERnL,cAAe,sGAFP;AAGR+E,oBAAe,gHAHP;AAIRW,eAAe,oEAJP;AAKRH,gBAAe;AALP;AAxEY,GAAxB;AAmFC,CAjgCA,EAigCG+F,MAjgCH,EAigCWzO,MAjgCX,EAigCmBC,QAjgCnB","file":"client/lib/semantic-ui/definitions/modules/sidebar.js.map","sourcesContent":["/*\n  DO NOT MODIFY - This file has been generated and will be regenerated\n  Semantic UI v2.2.1\n*/\n/*!\n * # Semantic UI - Sidebar\n * http://github.com/semantic-org/semantic-ui/\n *\n *\n * Released under the MIT license\n * http://opensource.org/licenses/MIT\n *\n */\n\n;(function ($, window, document, undefined) {\n\n\"use strict\";\n\nwindow = (typeof window != 'undefined' && window.Math == Math)\n  ? window\n  : (typeof self != 'undefined' && self.Math == Math)\n    ? self\n    : Function('return this')()\n;\n\n$.fn.sidebar = function(parameters) {\n  var\n    $allModules     = $(this),\n    $window         = $(window),\n    $document       = $(document),\n    $html           = $('html'),\n    $head           = $('head'),\n\n    moduleSelector  = $allModules.selector || '',\n\n    time            = new Date().getTime(),\n    performance     = [],\n\n    query           = arguments[0],\n    methodInvoked   = (typeof query == 'string'),\n    queryArguments  = [].slice.call(arguments, 1),\n\n    requestAnimationFrame = window.requestAnimationFrame\n      || window.mozRequestAnimationFrame\n      || window.webkitRequestAnimationFrame\n      || window.msRequestAnimationFrame\n      || function(callback) { setTimeout(callback, 0); },\n\n    returnedValue\n  ;\n\n  $allModules\n    .each(function() {\n      var\n        settings        = ( $.isPlainObject(parameters) )\n          ? $.extend(true, {}, $.fn.sidebar.settings, parameters)\n          : $.extend({}, $.fn.sidebar.settings),\n\n        selector        = settings.selector,\n        className       = settings.className,\n        namespace       = settings.namespace,\n        regExp          = settings.regExp,\n        error           = settings.error,\n\n        eventNamespace  = '.' + namespace,\n        moduleNamespace = 'module-' + namespace,\n\n        $module         = $(this),\n        $context        = $(settings.context),\n\n        $sidebars       = $module.children(selector.sidebar),\n        $fixed          = $context.children(selector.fixed),\n        $pusher         = $context.children(selector.pusher),\n        $style,\n\n        element         = this,\n        instance        = $module.data(moduleNamespace),\n\n        elementNamespace,\n        id,\n        currentScroll,\n        transitionEvent,\n\n        module\n      ;\n\n      module      = {\n\n        initialize: function() {\n          module.debug('Initializing sidebar', parameters);\n\n          module.create.id();\n\n          transitionEvent = module.get.transitionEvent();\n\n          if(module.is.ios()) {\n            module.set.ios();\n          }\n\n          // avoids locking rendering if initialized in onReady\n          if(settings.delaySetup) {\n            requestAnimationFrame(module.setup.layout);\n          }\n          else {\n            module.setup.layout();\n          }\n\n          requestAnimationFrame(function() {\n            module.setup.cache();\n          });\n\n          module.instantiate();\n        },\n\n        instantiate: function() {\n          module.verbose('Storing instance of module', module);\n          instance = module;\n          $module\n            .data(moduleNamespace, module)\n          ;\n        },\n\n        create: {\n          id: function() {\n            id = (Math.random().toString(16) + '000000000').substr(2,8);\n            elementNamespace = '.' + id;\n            module.verbose('Creating unique id for element', id);\n          }\n        },\n\n        destroy: function() {\n          module.verbose('Destroying previous module for', $module);\n          $module\n            .off(eventNamespace)\n            .removeData(moduleNamespace)\n          ;\n          if(module.is.ios()) {\n            module.remove.ios();\n          }\n          // bound by uuid\n          $context.off(elementNamespace);\n          $window.off(elementNamespace);\n          $document.off(elementNamespace);\n        },\n\n        event: {\n          clickaway: function(event) {\n            var\n              clickedInPusher = ($pusher.find(event.target).length > 0 || $pusher.is(event.target)),\n              clickedContext  = ($context.is(event.target))\n            ;\n            if(clickedInPusher) {\n              module.verbose('User clicked on dimmed page');\n              module.hide();\n            }\n            if(clickedContext) {\n              module.verbose('User clicked on dimmable context (scaled out page)');\n              module.hide();\n            }\n          },\n          touch: function(event) {\n            //event.stopPropagation();\n          },\n          containScroll: function(event) {\n            if(element.scrollTop <= 0)  {\n              element.scrollTop = 1;\n            }\n            if((element.scrollTop + element.offsetHeight) >= element.scrollHeight) {\n              element.scrollTop = element.scrollHeight - element.offsetHeight - 1;\n            }\n          },\n          scroll: function(event) {\n            if( $(event.target).closest(selector.sidebar).length === 0 ) {\n              event.preventDefault();\n            }\n          }\n        },\n\n        bind: {\n          clickaway: function() {\n            module.verbose('Adding clickaway events to context', $context);\n            if(settings.closable) {\n              $context\n                .on('click'    + elementNamespace, module.event.clickaway)\n                .on('touchend' + elementNamespace, module.event.clickaway)\n              ;\n            }\n          },\n          scrollLock: function() {\n            if(settings.scrollLock) {\n              module.debug('Disabling page scroll');\n              $window\n                .on('DOMMouseScroll' + elementNamespace, module.event.scroll)\n              ;\n            }\n            module.verbose('Adding events to contain sidebar scroll');\n            $document\n              .on('touchmove' + elementNamespace, module.event.touch)\n            ;\n            $module\n              .on('scroll' + eventNamespace, module.event.containScroll)\n            ;\n          }\n        },\n        unbind: {\n          clickaway: function() {\n            module.verbose('Removing clickaway events from context', $context);\n            $context.off(elementNamespace);\n          },\n          scrollLock: function() {\n            module.verbose('Removing scroll lock from page');\n            $document.off(elementNamespace);\n            $window.off(elementNamespace);\n            $module.off('scroll' + eventNamespace);\n          }\n        },\n\n        add: {\n          inlineCSS: function() {\n            var\n              width     = module.cache.width  || $module.outerWidth(),\n              height    = module.cache.height || $module.outerHeight(),\n              isRTL     = module.is.rtl(),\n              direction = module.get.direction(),\n              distance  = {\n                left   : width,\n                right  : -width,\n                top    : height,\n                bottom : -height\n              },\n              style\n            ;\n\n            if(isRTL){\n              module.verbose('RTL detected, flipping widths');\n              distance.left = -width;\n              distance.right = width;\n            }\n\n            style  = '<style>';\n\n            if(direction === 'left' || direction === 'right') {\n              module.debug('Adding CSS rules for animation distance', width);\n              style  += ''\n                + ' .ui.visible.' + direction + '.sidebar ~ .fixed,'\n                + ' .ui.visible.' + direction + '.sidebar ~ .pusher {'\n                + '   -webkit-transform: translate3d('+ distance[direction] + 'px, 0, 0);'\n                + '           transform: translate3d('+ distance[direction] + 'px, 0, 0);'\n                + ' }'\n              ;\n            }\n            else if(direction === 'top' || direction == 'bottom') {\n              style  += ''\n                + ' .ui.visible.' + direction + '.sidebar ~ .fixed,'\n                + ' .ui.visible.' + direction + '.sidebar ~ .pusher {'\n                + '   -webkit-transform: translate3d(0, ' + distance[direction] + 'px, 0);'\n                + '           transform: translate3d(0, ' + distance[direction] + 'px, 0);'\n                + ' }'\n              ;\n            }\n\n            /* IE is only browser not to create context with transforms */\n            /* https://www.w3.org/Bugs/Public/show_bug.cgi?id=16328 */\n            if( module.is.ie() ) {\n              if(direction === 'left' || direction === 'right') {\n                module.debug('Adding CSS rules for animation distance', width);\n                style  += ''\n                  + ' body.pushable > .ui.visible.' + direction + '.sidebar ~ .pusher:after {'\n                  + '   -webkit-transform: translate3d('+ distance[direction] + 'px, 0, 0);'\n                  + '           transform: translate3d('+ distance[direction] + 'px, 0, 0);'\n                  + ' }'\n                ;\n              }\n              else if(direction === 'top' || direction == 'bottom') {\n                style  += ''\n                  + ' body.pushable > .ui.visible.' + direction + '.sidebar ~ .pusher:after {'\n                  + '   -webkit-transform: translate3d(0, ' + distance[direction] + 'px, 0);'\n                  + '           transform: translate3d(0, ' + distance[direction] + 'px, 0);'\n                  + ' }'\n                ;\n              }\n              /* opposite sides visible forces content overlay */\n              style += ''\n                + ' body.pushable > .ui.visible.left.sidebar ~ .ui.visible.right.sidebar ~ .pusher:after,'\n                + ' body.pushable > .ui.visible.right.sidebar ~ .ui.visible.left.sidebar ~ .pusher:after {'\n                + '   -webkit-transform: translate3d(0px, 0, 0);'\n                + '           transform: translate3d(0px, 0, 0);'\n                + ' }'\n              ;\n            }\n            style += '</style>';\n            $style = $(style)\n              .appendTo($head)\n            ;\n            module.debug('Adding sizing css to head', $style);\n          }\n        },\n\n        refresh: function() {\n          module.verbose('Refreshing selector cache');\n          $context  = $(settings.context);\n          $sidebars = $context.children(selector.sidebar);\n          $pusher   = $context.children(selector.pusher);\n          $fixed    = $context.children(selector.fixed);\n          module.clear.cache();\n        },\n\n        refreshSidebars: function() {\n          module.verbose('Refreshing other sidebars');\n          $sidebars = $context.children(selector.sidebar);\n        },\n\n        repaint: function() {\n          module.verbose('Forcing repaint event');\n          element.style.display = 'none';\n          var ignored = element.offsetHeight;\n          element.scrollTop = element.scrollTop;\n          element.style.display = '';\n        },\n\n        setup: {\n          cache: function() {\n            module.cache = {\n              width  : $module.outerWidth(),\n              height : $module.outerHeight(),\n              rtl    : ($module.css('direction') == 'rtl')\n            };\n          },\n          layout: function() {\n            if( $context.children(selector.pusher).length === 0 ) {\n              module.debug('Adding wrapper element for sidebar');\n              module.error(error.pusher);\n              $pusher = $('<div class=\"pusher\" />');\n              $context\n                .children()\n                  .not(selector.omitted)\n                  .not($sidebars)\n                  .wrapAll($pusher)\n              ;\n              module.refresh();\n            }\n            if($module.nextAll(selector.pusher).length === 0 || $module.nextAll(selector.pusher)[0] !== $pusher[0]) {\n              module.debug('Moved sidebar to correct parent element');\n              module.error(error.movedSidebar, element);\n              $module.detach().prependTo($context);\n              module.refresh();\n            }\n            module.clear.cache();\n            module.set.pushable();\n            module.set.direction();\n          }\n        },\n\n        attachEvents: function(selector, event) {\n          var\n            $toggle = $(selector)\n          ;\n          event = $.isFunction(module[event])\n            ? module[event]\n            : module.toggle\n          ;\n          if($toggle.length > 0) {\n            module.debug('Attaching sidebar events to element', selector, event);\n            $toggle\n              .on('click' + eventNamespace, event)\n            ;\n          }\n          else {\n            module.error(error.notFound, selector);\n          }\n        },\n\n        show: function(callback) {\n          callback = $.isFunction(callback)\n            ? callback\n            : function(){}\n          ;\n          if(module.is.hidden()) {\n            module.refreshSidebars();\n            if(settings.overlay)  {\n              module.error(error.overlay);\n              settings.transition = 'overlay';\n            }\n            module.refresh();\n            if(module.othersActive()) {\n              module.debug('Other sidebars currently visible');\n              if(settings.exclusive) {\n                // if not overlay queue animation after hide\n                if(settings.transition != 'overlay') {\n                  module.hideOthers(module.show);\n                  return;\n                }\n                else {\n                  module.hideOthers();\n                }\n              }\n              else {\n                settings.transition = 'overlay';\n              }\n            }\n            module.pushPage(function() {\n              callback.call(element);\n              settings.onShow.call(element);\n            });\n            settings.onChange.call(element);\n            settings.onVisible.call(element);\n          }\n          else {\n            module.debug('Sidebar is already visible');\n          }\n        },\n\n        hide: function(callback) {\n          callback = $.isFunction(callback)\n            ? callback\n            : function(){}\n          ;\n          if(module.is.visible() || module.is.animating()) {\n            module.debug('Hiding sidebar', callback);\n            module.refreshSidebars();\n            module.pullPage(function() {\n              callback.call(element);\n              settings.onHidden.call(element);\n            });\n            settings.onChange.call(element);\n            settings.onHide.call(element);\n          }\n        },\n\n        othersAnimating: function() {\n          return ($sidebars.not($module).filter('.' + className.animating).length > 0);\n        },\n        othersVisible: function() {\n          return ($sidebars.not($module).filter('.' + className.visible).length > 0);\n        },\n        othersActive: function() {\n          return(module.othersVisible() || module.othersAnimating());\n        },\n\n        hideOthers: function(callback) {\n          var\n            $otherSidebars = $sidebars.not($module).filter('.' + className.visible),\n            sidebarCount   = $otherSidebars.length,\n            callbackCount  = 0\n          ;\n          callback = callback || function(){};\n          $otherSidebars\n            .sidebar('hide', function() {\n              callbackCount++;\n              if(callbackCount == sidebarCount) {\n                callback();\n              }\n            })\n          ;\n        },\n\n        toggle: function() {\n          module.verbose('Determining toggled direction');\n          if(module.is.hidden()) {\n            module.show();\n          }\n          else {\n            module.hide();\n          }\n        },\n\n        pushPage: function(callback) {\n          var\n            transition = module.get.transition(),\n            $transition = (transition === 'overlay' || module.othersActive())\n              ? $module\n              : $pusher,\n            animate,\n            dim,\n            transitionEnd\n          ;\n          callback = $.isFunction(callback)\n            ? callback\n            : function(){}\n          ;\n          if(settings.transition == 'scale down') {\n            module.scrollToTop();\n          }\n          module.set.transition(transition);\n          module.repaint();\n          animate = function() {\n            module.bind.clickaway();\n            module.add.inlineCSS();\n            module.set.animating();\n            module.set.visible();\n          };\n          dim = function() {\n            module.set.dimmed();\n          };\n          transitionEnd = function(event) {\n            if( event.target == $transition[0] ) {\n              $transition.off(transitionEvent + elementNamespace, transitionEnd);\n              module.remove.animating();\n              module.bind.scrollLock();\n              callback.call(element);\n            }\n          };\n          $transition.off(transitionEvent + elementNamespace);\n          $transition.on(transitionEvent + elementNamespace, transitionEnd);\n          requestAnimationFrame(animate);\n          if(settings.dimPage && !module.othersVisible()) {\n            requestAnimationFrame(dim);\n          }\n        },\n\n        pullPage: function(callback) {\n          var\n            transition = module.get.transition(),\n            $transition = (transition == 'overlay' || module.othersActive())\n              ? $module\n              : $pusher,\n            animate,\n            transitionEnd\n          ;\n          callback = $.isFunction(callback)\n            ? callback\n            : function(){}\n          ;\n          module.verbose('Removing context push state', module.get.direction());\n\n          module.unbind.clickaway();\n          module.unbind.scrollLock();\n\n          animate = function() {\n            module.set.transition(transition);\n            module.set.animating();\n            module.remove.visible();\n            if(settings.dimPage && !module.othersVisible()) {\n              $pusher.removeClass(className.dimmed);\n            }\n          };\n          transitionEnd = function(event) {\n            if( event.target == $transition[0] ) {\n              $transition.off(transitionEvent + elementNamespace, transitionEnd);\n              module.remove.animating();\n              module.remove.transition();\n              module.remove.inlineCSS();\n              if(transition == 'scale down' || (settings.returnScroll && module.is.mobile()) ) {\n                module.scrollBack();\n              }\n              callback.call(element);\n            }\n          };\n          $transition.off(transitionEvent + elementNamespace);\n          $transition.on(transitionEvent + elementNamespace, transitionEnd);\n          requestAnimationFrame(animate);\n        },\n\n        scrollToTop: function() {\n          module.verbose('Scrolling to top of page to avoid animation issues');\n          currentScroll = $(window).scrollTop();\n          $module.scrollTop(0);\n          window.scrollTo(0, 0);\n        },\n\n        scrollBack: function() {\n          module.verbose('Scrolling back to original page position');\n          window.scrollTo(0, currentScroll);\n        },\n\n        clear: {\n          cache: function() {\n            module.verbose('Clearing cached dimensions');\n            module.cache = {};\n          }\n        },\n\n        set: {\n\n          // ios only (scroll on html not document). This prevent auto-resize canvas/scroll in ios\n          ios: function() {\n            $html.addClass(className.ios);\n          },\n\n          // container\n          pushed: function() {\n            $context.addClass(className.pushed);\n          },\n          pushable: function() {\n            $context.addClass(className.pushable);\n          },\n\n          // pusher\n          dimmed: function() {\n            $pusher.addClass(className.dimmed);\n          },\n\n          // sidebar\n          active: function() {\n            $module.addClass(className.active);\n          },\n          animating: function() {\n            $module.addClass(className.animating);\n          },\n          transition: function(transition) {\n            transition = transition || module.get.transition();\n            $module.addClass(transition);\n          },\n          direction: function(direction) {\n            direction = direction || module.get.direction();\n            $module.addClass(className[direction]);\n          },\n          visible: function() {\n            $module.addClass(className.visible);\n          },\n          overlay: function() {\n            $module.addClass(className.overlay);\n          }\n        },\n        remove: {\n\n          inlineCSS: function() {\n            module.debug('Removing inline css styles', $style);\n            if($style && $style.length > 0) {\n              $style.remove();\n            }\n          },\n\n          // ios scroll on html not document\n          ios: function() {\n            $html.removeClass(className.ios);\n          },\n\n          // context\n          pushed: function() {\n            $context.removeClass(className.pushed);\n          },\n          pushable: function() {\n            $context.removeClass(className.pushable);\n          },\n\n          // sidebar\n          active: function() {\n            $module.removeClass(className.active);\n          },\n          animating: function() {\n            $module.removeClass(className.animating);\n          },\n          transition: function(transition) {\n            transition = transition || module.get.transition();\n            $module.removeClass(transition);\n          },\n          direction: function(direction) {\n            direction = direction || module.get.direction();\n            $module.removeClass(className[direction]);\n          },\n          visible: function() {\n            $module.removeClass(className.visible);\n          },\n          overlay: function() {\n            $module.removeClass(className.overlay);\n          }\n        },\n\n        get: {\n          direction: function() {\n            if($module.hasClass(className.top)) {\n              return className.top;\n            }\n            else if($module.hasClass(className.right)) {\n              return className.right;\n            }\n            else if($module.hasClass(className.bottom)) {\n              return className.bottom;\n            }\n            return className.left;\n          },\n          transition: function() {\n            var\n              direction = module.get.direction(),\n              transition\n            ;\n            transition = ( module.is.mobile() )\n              ? (settings.mobileTransition == 'auto')\n                ? settings.defaultTransition.mobile[direction]\n                : settings.mobileTransition\n              : (settings.transition == 'auto')\n                ? settings.defaultTransition.computer[direction]\n                : settings.transition\n            ;\n            module.verbose('Determined transition', transition);\n            return transition;\n          },\n          transitionEvent: function() {\n            var\n              element     = document.createElement('element'),\n              transitions = {\n                'transition'       :'transitionend',\n                'OTransition'      :'oTransitionEnd',\n                'MozTransition'    :'transitionend',\n                'WebkitTransition' :'webkitTransitionEnd'\n              },\n              transition\n            ;\n            for(transition in transitions){\n              if( element.style[transition] !== undefined ){\n                return transitions[transition];\n              }\n            }\n          }\n        },\n\n        is: {\n\n          ie: function() {\n            var\n              isIE11 = (!(window.ActiveXObject) && 'ActiveXObject' in window),\n              isIE   = ('ActiveXObject' in window)\n            ;\n            return (isIE11 || isIE);\n          },\n\n          ios: function() {\n            var\n              userAgent      = navigator.userAgent,\n              isIOS          = userAgent.match(regExp.ios),\n              isMobileChrome = userAgent.match(regExp.mobileChrome)\n            ;\n            if(isIOS && !isMobileChrome) {\n              module.verbose('Browser was found to be iOS', userAgent);\n              return true;\n            }\n            else {\n              return false;\n            }\n          },\n          mobile: function() {\n            var\n              userAgent    = navigator.userAgent,\n              isMobile     = userAgent.match(regExp.mobile)\n            ;\n            if(isMobile) {\n              module.verbose('Browser was found to be mobile', userAgent);\n              return true;\n            }\n            else {\n              module.verbose('Browser is not mobile, using regular transition', userAgent);\n              return false;\n            }\n          },\n          hidden: function() {\n            return !module.is.visible();\n          },\n          visible: function() {\n            return $module.hasClass(className.visible);\n          },\n          // alias\n          open: function() {\n            return module.is.visible();\n          },\n          closed: function() {\n            return module.is.hidden();\n          },\n          vertical: function() {\n            return $module.hasClass(className.top);\n          },\n          animating: function() {\n            return $context.hasClass(className.animating);\n          },\n          rtl: function () {\n            if(module.cache.rtl === undefined) {\n              module.cache.rtl = ($module.css('direction') == 'rtl');\n            }\n            return module.cache.rtl;\n          }\n        },\n\n        setting: function(name, value) {\n          module.debug('Changing setting', name, value);\n          if( $.isPlainObject(name) ) {\n            $.extend(true, settings, name);\n          }\n          else if(value !== undefined) {\n            if($.isPlainObject(settings[name])) {\n              $.extend(true, settings[name], value);\n            }\n            else {\n              settings[name] = value;\n            }\n          }\n          else {\n            return settings[name];\n          }\n        },\n        internal: function(name, value) {\n          if( $.isPlainObject(name) ) {\n            $.extend(true, module, name);\n          }\n          else if(value !== undefined) {\n            module[name] = value;\n          }\n          else {\n            return module[name];\n          }\n        },\n        debug: function() {\n          if(!settings.silent && settings.debug) {\n            if(settings.performance) {\n              module.performance.log(arguments);\n            }\n            else {\n              module.debug = Function.prototype.bind.call(console.info, console, settings.name + ':');\n              module.debug.apply(console, arguments);\n            }\n          }\n        },\n        verbose: function() {\n          if(!settings.silent && settings.verbose && settings.debug) {\n            if(settings.performance) {\n              module.performance.log(arguments);\n            }\n            else {\n              module.verbose = Function.prototype.bind.call(console.info, console, settings.name + ':');\n              module.verbose.apply(console, arguments);\n            }\n          }\n        },\n        error: function() {\n          if(!settings.silent) {\n            module.error = Function.prototype.bind.call(console.error, console, settings.name + ':');\n            module.error.apply(console, arguments);\n          }\n        },\n        performance: {\n          log: function(message) {\n            var\n              currentTime,\n              executionTime,\n              previousTime\n            ;\n            if(settings.performance) {\n              currentTime   = new Date().getTime();\n              previousTime  = time || currentTime;\n              executionTime = currentTime - previousTime;\n              time          = currentTime;\n              performance.push({\n                'Name'           : message[0],\n                'Arguments'      : [].slice.call(message, 1) || '',\n                'Element'        : element,\n                'Execution Time' : executionTime\n              });\n            }\n            clearTimeout(module.performance.timer);\n            module.performance.timer = setTimeout(module.performance.display, 500);\n          },\n          display: function() {\n            var\n              title = settings.name + ':',\n              totalTime = 0\n            ;\n            time = false;\n            clearTimeout(module.performance.timer);\n            $.each(performance, function(index, data) {\n              totalTime += data['Execution Time'];\n            });\n            title += ' ' + totalTime + 'ms';\n            if(moduleSelector) {\n              title += ' \\'' + moduleSelector + '\\'';\n            }\n            if( (console.group !== undefined || console.table !== undefined) && performance.length > 0) {\n              console.groupCollapsed(title);\n              if(console.table) {\n                console.table(performance);\n              }\n              else {\n                $.each(performance, function(index, data) {\n                  console.log(data['Name'] + ': ' + data['Execution Time']+'ms');\n                });\n              }\n              console.groupEnd();\n            }\n            performance = [];\n          }\n        },\n        invoke: function(query, passedArguments, context) {\n          var\n            object = instance,\n            maxDepth,\n            found,\n            response\n          ;\n          passedArguments = passedArguments || queryArguments;\n          context         = element         || context;\n          if(typeof query == 'string' && object !== undefined) {\n            query    = query.split(/[\\. ]/);\n            maxDepth = query.length - 1;\n            $.each(query, function(depth, value) {\n              var camelCaseValue = (depth != maxDepth)\n                ? value + query[depth + 1].charAt(0).toUpperCase() + query[depth + 1].slice(1)\n                : query\n              ;\n              if( $.isPlainObject( object[camelCaseValue] ) && (depth != maxDepth) ) {\n                object = object[camelCaseValue];\n              }\n              else if( object[camelCaseValue] !== undefined ) {\n                found = object[camelCaseValue];\n                return false;\n              }\n              else if( $.isPlainObject( object[value] ) && (depth != maxDepth) ) {\n                object = object[value];\n              }\n              else if( object[value] !== undefined ) {\n                found = object[value];\n                return false;\n              }\n              else {\n                module.error(error.method, query);\n                return false;\n              }\n            });\n          }\n          if ( $.isFunction( found ) ) {\n            response = found.apply(context, passedArguments);\n          }\n          else if(found !== undefined) {\n            response = found;\n          }\n          if($.isArray(returnedValue)) {\n            returnedValue.push(response);\n          }\n          else if(returnedValue !== undefined) {\n            returnedValue = [returnedValue, response];\n          }\n          else if(response !== undefined) {\n            returnedValue = response;\n          }\n          return found;\n        }\n      }\n    ;\n\n    if(methodInvoked) {\n      if(instance === undefined) {\n        module.initialize();\n      }\n      module.invoke(query);\n    }\n    else {\n      if(instance !== undefined) {\n        module.invoke('destroy');\n      }\n      module.initialize();\n    }\n  });\n\n  return (returnedValue !== undefined)\n    ? returnedValue\n    : this\n  ;\n};\n\n$.fn.sidebar.settings = {\n\n  name              : 'Sidebar',\n  namespace         : 'sidebar',\n\n  silent            : false,\n  debug             : false,\n  verbose           : false,\n  performance       : true,\n\n  transition        : 'auto',\n  mobileTransition  : 'auto',\n\n  defaultTransition : {\n    computer: {\n      left   : 'uncover',\n      right  : 'uncover',\n      top    : 'overlay',\n      bottom : 'overlay'\n    },\n    mobile: {\n      left   : 'uncover',\n      right  : 'uncover',\n      top    : 'overlay',\n      bottom : 'overlay'\n    }\n  },\n\n  context           : 'body',\n  exclusive         : false,\n  closable          : true,\n  dimPage           : true,\n  scrollLock        : false,\n  returnScroll      : false,\n  delaySetup        : false,\n\n  duration          : 500,\n\n  onChange          : function(){},\n  onShow            : function(){},\n  onHide            : function(){},\n\n  onHidden          : function(){},\n  onVisible         : function(){},\n\n  className         : {\n    active    : 'active',\n    animating : 'animating',\n    dimmed    : 'dimmed',\n    ios       : 'ios',\n    pushable  : 'pushable',\n    pushed    : 'pushed',\n    right     : 'right',\n    top       : 'top',\n    left      : 'left',\n    bottom    : 'bottom',\n    visible   : 'visible'\n  },\n\n  selector: {\n    fixed   : '.fixed',\n    omitted : 'script, link, style, .ui.modal, .ui.dimmer, .ui.nag, .ui.fixed',\n    pusher  : '.pusher',\n    sidebar : '.ui.sidebar'\n  },\n\n  regExp: {\n    ios          : /(iPad|iPhone|iPod)/g,\n    mobileChrome : /(CriOS)/g,\n    mobile       : /Mobile|iP(hone|od|ad)|Android|BlackBerry|IEMobile|Kindle|NetFront|Silk-Accelerated|(hpw|web)OS|Fennec|Minimo|Opera M(obi|ini)|Blazer|Dolfin|Dolphin|Skyfire|Zune/g\n  },\n\n  error   : {\n    method       : 'The method you called is not defined.',\n    pusher       : 'Had to add pusher element. For optimal performance make sure body content is inside a pusher element',\n    movedSidebar : 'Had to move sidebar. For optimal performance make sure sidebar and pusher are direct children of your body tag',\n    overlay      : 'The overlay setting is no longer supported, use animation: overlay',\n    notFound     : 'There were no elements that matched the specified selector'\n  }\n\n};\n\n\n})( jQuery, window, document );\n"]},"hash":"bc60b0c32b4edcf1f8639f8dd8536d3782c2bdaa"}
