{"metadata":{"usedHelpers":[],"marked":[],"modules":{"imports":[],"exports":{"exported":[],"specifiers":[]}}},"options":{"filename":"packages/fabienb4:autoform-semantic-ui/templates/semantic-ui/inputTypes/reset/reset.js","filenameRelative":"packages/fabienb4:autoform-semantic-ui/templates/semantic-ui/inputTypes/reset/reset.js","env":{"development":{"plugins":[]}},"retainLines":false,"highlightCode":true,"suppressDeprecationMessages":false,"presets":[],"plugins":[[[],{"generateLetDeclarations":true,"enforceStrictMode":false}],[[],null],[[],{"polyfill":false}],[[],null],[[],null],[[],null],[[],{"allowTopLevelThis":true,"strict":false,"loose":true}],[[],null],[[],null],[[],null],[[],null],[[],null],[[],null],[[],null],[[],null],[[],null],[[],null],[[],null],[[],null],[[],{"loose":true}],[[],{"loose":true}],[[],null],[[],{"loose":true}],[[],null],[[],null],[[],null],[[],null],[[],null],[[],null],[[],{"loose":true}],[[],null],[[],null],[[],null],[[],null],[[],null],[[],null],[[],null]],"ignore":[],"code":true,"metadata":true,"ast":true,"comments":true,"compact":false,"minified":false,"sourceMap":true,"sourceMaps":true,"sourceMapTarget":"packages/fabienb4:autoform-semantic-ui/templates/semantic-ui/inputTypes/reset/reset.js.map","sourceFileName":"packages/fabienb4:autoform-semantic-ui/templates/semantic-ui/inputTypes/reset/reset.js","babelrc":false,"sourceType":"module","moduleIds":false,"passPerPreset":false,"parserOpts":false,"generatorOpts":false,"basename":"reset"},"ignored":false,"code":"Template.afInputReset_semanticUI.helpers({\n  atts: function () {\n    var atts = _.clone(this.atts); // Add semantic-ui class\n\n\n    atts = AutoForm.Utility.addClass(atts, \"ui button\");\n    return atts;\n  }\n});","map":{"version":3,"sources":["packages/fabienb4:autoform-semantic-ui/templates/semantic-ui/inputTypes/reset/reset.js"],"names":["Template","afInputReset_semanticUI","helpers","atts","_","clone","AutoForm","Utility","addClass"],"mappings":"AAAAA,SAASC,uBAAT,CAAiCC,OAAjC,CAAyC;AACvCC,MADuC,cAChC;AACL,QAAIA,OAAOC,EAAEC,KAAF,CAAQ,KAAKF,IAAb,CAAX,CADK,CAGL;;;AACAA,WAAOG,SAASC,OAAT,CAAiBC,QAAjB,CAA0BL,IAA1B,EAAgC,WAAhC,CAAP;AAEA,WAAOA,IAAP;AACD;AARsC,CAAzC","file":"packages/fabienb4:autoform-semantic-ui/templates/semantic-ui/inputTypes/reset/reset.js.map","sourcesContent":["Template.afInputReset_semanticUI.helpers({\n  atts() {\n    let atts = _.clone(this.atts);\n\n    // Add semantic-ui class\n    atts = AutoForm.Utility.addClass(atts, \"ui button\");\n\n    return atts;\n  }\n});\n"]},"hash":"c4e5473f501b50f72eec21048733b5a693d50733"}
