{"metadata":{"usedHelpers":[],"marked":[],"modules":{"imports":[],"exports":{"exported":[],"specifiers":[]}}},"options":{"filename":"client/lib/semantic-ui/definitions/modules/nag.js","filenameRelative":"client/lib/semantic-ui/definitions/modules/nag.js","env":{"development":{"plugins":[]}},"retainLines":false,"highlightCode":true,"suppressDeprecationMessages":false,"presets":[],"plugins":[[[],{"generateLetDeclarations":true,"enforceStrictMode":false}],[[],null],[[],{"polyfill":false}],[[],null],[[],null],[[],null],[[],{"allowTopLevelThis":true,"strict":false,"loose":true}],[[],null],[[],null],[[],null],[[],null],[[],null],[[],null],[[],null],[[],null],[[],null],[[],null],[[],null],[[],null],[[],{"loose":true}],[[],{"loose":true}],[[],null],[[],{"loose":true}],[[],null],[[],null],[[],null],[[],null],[[],null],[[],null],[[],{"loose":true}],[[],null],[[],null],[[],null],[[],null],[[],null],[[],null],[[],null]],"ignore":[],"code":true,"metadata":true,"ast":true,"comments":true,"compact":false,"minified":false,"sourceMap":true,"sourceMaps":true,"sourceMapTarget":"client/lib/semantic-ui/definitions/modules/nag.js.map","sourceFileName":"client/lib/semantic-ui/definitions/modules/nag.js","babelrc":false,"sourceType":"module","moduleIds":false,"passPerPreset":false,"parserOpts":false,"generatorOpts":false,"basename":"nag"},"ignored":false,"code":"/*\n  DO NOT MODIFY - This file has been generated and will be regenerated\n  Semantic UI v2.2.1\n*/ /*!\n    * # Semantic UI - Nag\n    * http://github.com/semantic-org/semantic-ui/\n    *\n    *\n    * Released under the MIT license\n    * http://opensource.org/licenses/MIT\n    *\n    */;\n\n(function ($, window, document, undefined) {\n  \"use strict\";\n\n  window = typeof window != 'undefined' && window.Math == Math ? window : typeof self != 'undefined' && self.Math == Math ? self : Function('return this')();\n\n  $.fn.nag = function (parameters) {\n    var $allModules = $(this),\n        moduleSelector = $allModules.selector || '',\n        time = new Date().getTime(),\n        performance = [],\n        query = arguments[0],\n        methodInvoked = typeof query == 'string',\n        queryArguments = [].slice.call(arguments, 1),\n        returnedValue;\n    $allModules.each(function () {\n      var settings = $.isPlainObject(parameters) ? $.extend(true, {}, $.fn.nag.settings, parameters) : $.extend({}, $.fn.nag.settings),\n          className = settings.className,\n          selector = settings.selector,\n          error = settings.error,\n          namespace = settings.namespace,\n          eventNamespace = '.' + namespace,\n          moduleNamespace = namespace + '-module',\n          $module = $(this),\n          $close = $module.find(selector.close),\n          $context = settings.context ? $(settings.context) : $('body'),\n          element = this,\n          instance = $module.data(moduleNamespace),\n          moduleOffset,\n          moduleHeight,\n          contextWidth,\n          contextHeight,\n          contextOffset,\n          yOffset,\n          yPosition,\n          timer,\n          module,\n          requestAnimationFrame = window.requestAnimationFrame || window.mozRequestAnimationFrame || window.webkitRequestAnimationFrame || window.msRequestAnimationFrame || function (callback) {\n        setTimeout(callback, 0);\n      };\n\n      module = {\n        initialize: function () {\n          module.verbose('Initializing element');\n          $module.on('click' + eventNamespace, selector.close, module.dismiss).data(moduleNamespace, module);\n\n          if (settings.detachable && $module.parent()[0] !== $context[0]) {\n            $module.detach().prependTo($context);\n          }\n\n          if (settings.displayTime > 0) {\n            setTimeout(module.hide, settings.displayTime);\n          }\n\n          module.show();\n        },\n        destroy: function () {\n          module.verbose('Destroying instance');\n          $module.removeData(moduleNamespace).off(eventNamespace);\n        },\n        show: function () {\n          if (module.should.show() && !$module.is(':visible')) {\n            module.debug('Showing nag', settings.animation.show);\n\n            if (settings.animation.show == 'fade') {\n              $module.fadeIn(settings.duration, settings.easing);\n            } else {\n              $module.slideDown(settings.duration, settings.easing);\n            }\n          }\n        },\n        hide: function () {\n          module.debug('Showing nag', settings.animation.hide);\n\n          if (settings.animation.show == 'fade') {\n            $module.fadeIn(settings.duration, settings.easing);\n          } else {\n            $module.slideUp(settings.duration, settings.easing);\n          }\n        },\n        onHide: function () {\n          module.debug('Removing nag', settings.animation.hide);\n          $module.remove();\n\n          if (settings.onHide) {\n            settings.onHide();\n          }\n        },\n        dismiss: function (event) {\n          if (settings.storageMethod) {\n            module.storage.set(settings.key, settings.value);\n          }\n\n          module.hide();\n          event.stopImmediatePropagation();\n          event.preventDefault();\n        },\n        should: {\n          show: function () {\n            if (settings.persist) {\n              module.debug('Persistent nag is set, can show nag');\n              return true;\n            }\n\n            if (module.storage.get(settings.key) != settings.value.toString()) {\n              module.debug('Stored value is not set, can show nag', module.storage.get(settings.key));\n              return true;\n            }\n\n            module.debug('Stored value is set, cannot show nag', module.storage.get(settings.key));\n            return false;\n          }\n        },\n        get: {\n          storageOptions: function () {\n            var options = {};\n\n            if (settings.expires) {\n              options.expires = settings.expires;\n            }\n\n            if (settings.domain) {\n              options.domain = settings.domain;\n            }\n\n            if (settings.path) {\n              options.path = settings.path;\n            }\n\n            return options;\n          }\n        },\n        clear: function () {\n          module.storage.remove(settings.key);\n        },\n        storage: {\n          set: function (key, value) {\n            var options = module.get.storageOptions();\n\n            if (settings.storageMethod == 'localstorage' && window.localStorage !== undefined) {\n              window.localStorage.setItem(key, value);\n              module.debug('Value stored using local storage', key, value);\n            } else if (settings.storageMethod == 'sessionstorage' && window.sessionStorage !== undefined) {\n              window.sessionStorage.setItem(key, value);\n              module.debug('Value stored using session storage', key, value);\n            } else if ($.cookie !== undefined) {\n              $.cookie(key, value, options);\n              module.debug('Value stored using cookie', key, value, options);\n            } else {\n              module.error(error.noCookieStorage);\n              return;\n            }\n          },\n          get: function (key, value) {\n            var storedValue;\n\n            if (settings.storageMethod == 'localstorage' && window.localStorage !== undefined) {\n              storedValue = window.localStorage.getItem(key);\n            } else if (settings.storageMethod == 'sessionstorage' && window.sessionStorage !== undefined) {\n              storedValue = window.sessionStorage.getItem(key);\n            } // get by cookie\n            else if ($.cookie !== undefined) {\n                storedValue = $.cookie(key);\n              } else {\n                module.error(error.noCookieStorage);\n              }\n\n            if (storedValue == 'undefined' || storedValue == 'null' || storedValue === undefined || storedValue === null) {\n              storedValue = undefined;\n            }\n\n            return storedValue;\n          },\n          remove: function (key) {\n            var options = module.get.storageOptions();\n\n            if (settings.storageMethod == 'localstorage' && window.localStorage !== undefined) {\n              window.localStorage.removeItem(key);\n            } else if (settings.storageMethod == 'sessionstorage' && window.sessionStorage !== undefined) {\n              window.sessionStorage.removeItem(key);\n            } // store by cookie\n            else if ($.cookie !== undefined) {\n                $.removeCookie(key, options);\n              } else {\n                module.error(error.noStorage);\n              }\n          }\n        },\n        setting: function (name, value) {\n          module.debug('Changing setting', name, value);\n\n          if ($.isPlainObject(name)) {\n            $.extend(true, settings, name);\n          } else if (value !== undefined) {\n            if ($.isPlainObject(settings[name])) {\n              $.extend(true, settings[name], value);\n            } else {\n              settings[name] = value;\n            }\n          } else {\n            return settings[name];\n          }\n        },\n        internal: function (name, value) {\n          if ($.isPlainObject(name)) {\n            $.extend(true, module, name);\n          } else if (value !== undefined) {\n            module[name] = value;\n          } else {\n            return module[name];\n          }\n        },\n        debug: function () {\n          if (!settings.silent && settings.debug) {\n            if (settings.performance) {\n              module.performance.log(arguments);\n            } else {\n              module.debug = Function.prototype.bind.call(console.info, console, settings.name + ':');\n              module.debug.apply(console, arguments);\n            }\n          }\n        },\n        verbose: function () {\n          if (!settings.silent && settings.verbose && settings.debug) {\n            if (settings.performance) {\n              module.performance.log(arguments);\n            } else {\n              module.verbose = Function.prototype.bind.call(console.info, console, settings.name + ':');\n              module.verbose.apply(console, arguments);\n            }\n          }\n        },\n        error: function () {\n          if (!settings.silent) {\n            module.error = Function.prototype.bind.call(console.error, console, settings.name + ':');\n            module.error.apply(console, arguments);\n          }\n        },\n        performance: {\n          log: function (message) {\n            var currentTime, executionTime, previousTime;\n\n            if (settings.performance) {\n              currentTime = new Date().getTime();\n              previousTime = time || currentTime;\n              executionTime = currentTime - previousTime;\n              time = currentTime;\n              performance.push({\n                'Name': message[0],\n                'Arguments': [].slice.call(message, 1) || '',\n                'Element': element,\n                'Execution Time': executionTime\n              });\n            }\n\n            clearTimeout(module.performance.timer);\n            module.performance.timer = setTimeout(module.performance.display, 500);\n          },\n          display: function () {\n            var title = settings.name + ':',\n                totalTime = 0;\n            time = false;\n            clearTimeout(module.performance.timer);\n            $.each(performance, function (index, data) {\n              totalTime += data['Execution Time'];\n            });\n            title += ' ' + totalTime + 'ms';\n\n            if (moduleSelector) {\n              title += ' \\'' + moduleSelector + '\\'';\n            }\n\n            if ((console.group !== undefined || console.table !== undefined) && performance.length > 0) {\n              console.groupCollapsed(title);\n\n              if (console.table) {\n                console.table(performance);\n              } else {\n                $.each(performance, function (index, data) {\n                  console.log(data['Name'] + ': ' + data['Execution Time'] + 'ms');\n                });\n              }\n\n              console.groupEnd();\n            }\n\n            performance = [];\n          }\n        },\n        invoke: function (query, passedArguments, context) {\n          var object = instance,\n              maxDepth,\n              found,\n              response;\n          passedArguments = passedArguments || queryArguments;\n          context = element || context;\n\n          if (typeof query == 'string' && object !== undefined) {\n            query = query.split(/[\\. ]/);\n            maxDepth = query.length - 1;\n            $.each(query, function (depth, value) {\n              var camelCaseValue = depth != maxDepth ? value + query[depth + 1].charAt(0).toUpperCase() + query[depth + 1].slice(1) : query;\n\n              if ($.isPlainObject(object[camelCaseValue]) && depth != maxDepth) {\n                object = object[camelCaseValue];\n              } else if (object[camelCaseValue] !== undefined) {\n                found = object[camelCaseValue];\n                return false;\n              } else if ($.isPlainObject(object[value]) && depth != maxDepth) {\n                object = object[value];\n              } else if (object[value] !== undefined) {\n                found = object[value];\n                return false;\n              } else {\n                module.error(error.method, query);\n                return false;\n              }\n            });\n          }\n\n          if ($.isFunction(found)) {\n            response = found.apply(context, passedArguments);\n          } else if (found !== undefined) {\n            response = found;\n          }\n\n          if ($.isArray(returnedValue)) {\n            returnedValue.push(response);\n          } else if (returnedValue !== undefined) {\n            returnedValue = [returnedValue, response];\n          } else if (response !== undefined) {\n            returnedValue = response;\n          }\n\n          return found;\n        }\n      };\n\n      if (methodInvoked) {\n        if (instance === undefined) {\n          module.initialize();\n        }\n\n        module.invoke(query);\n      } else {\n        if (instance !== undefined) {\n          instance.invoke('destroy');\n        }\n\n        module.initialize();\n      }\n    });\n    return returnedValue !== undefined ? returnedValue : this;\n  };\n\n  $.fn.nag.settings = {\n    name: 'Nag',\n    silent: false,\n    debug: false,\n    verbose: false,\n    performance: true,\n    namespace: 'Nag',\n    // allows cookie to be overridden\n    persist: false,\n    // set to zero to require manually dismissal, otherwise hides on its own\n    displayTime: 0,\n    animation: {\n      show: 'slide',\n      hide: 'slide'\n    },\n    context: false,\n    detachable: false,\n    expires: 30,\n    domain: false,\n    path: '/',\n    // type of storage to use\n    storageMethod: 'cookie',\n    // value to store in dismissed localstorage/cookie\n    key: 'nag',\n    value: 'dismiss',\n    error: {\n      noCookieStorage: '$.cookie is not included. A storage solution is required.',\n      noStorage: 'Neither $.cookie or store is defined. A storage solution is required for storing state',\n      method: 'The method you called is not defined.'\n    },\n    className: {\n      bottom: 'bottom',\n      fixed: 'fixed'\n    },\n    selector: {\n      close: '.close.icon'\n    },\n    speed: 500,\n    easing: 'easeOutQuad',\n    onHide: function () {}\n  }; // Adds easing\n\n  $.extend($.easing, {\n    easeOutQuad: function (x, t, b, c, d) {\n      return -c * (t /= d) * (t - 2) + b;\n    }\n  });\n})(jQuery, window, document);","map":{"version":3,"sources":["client/lib/semantic-ui/definitions/modules/nag.js"],"names":["$","window","document","undefined","Math","self","Function","fn","nag","parameters","$allModules","moduleSelector","selector","time","Date","getTime","performance","query","arguments","methodInvoked","queryArguments","slice","call","returnedValue","each","settings","isPlainObject","extend","className","error","namespace","eventNamespace","moduleNamespace","$module","$close","find","close","$context","context","element","instance","data","moduleOffset","moduleHeight","contextWidth","contextHeight","contextOffset","yOffset","yPosition","timer","module","requestAnimationFrame","mozRequestAnimationFrame","webkitRequestAnimationFrame","msRequestAnimationFrame","callback","setTimeout","initialize","verbose","on","dismiss","detachable","parent","detach","prependTo","displayTime","hide","show","destroy","removeData","off","should","is","debug","animation","fadeIn","duration","easing","slideDown","slideUp","onHide","remove","event","storageMethod","storage","set","key","value","stopImmediatePropagation","preventDefault","persist","get","toString","storageOptions","options","expires","domain","path","clear","localStorage","setItem","sessionStorage","cookie","noCookieStorage","storedValue","getItem","removeItem","removeCookie","noStorage","setting","name","internal","silent","log","prototype","bind","console","info","apply","message","currentTime","executionTime","previousTime","push","clearTimeout","display","title","totalTime","index","group","table","length","groupCollapsed","groupEnd","invoke","passedArguments","object","maxDepth","found","response","split","depth","camelCaseValue","charAt","toUpperCase","method","isFunction","isArray","bottom","fixed","speed","easeOutQuad","x","t","b","c","d","jQuery"],"mappings":"AAAA;;;GAIA;;;;;;;;MAUA;;AAAC,CAAC,UAAUA,CAAV,EAAaC,MAAb,EAAqBC,QAArB,EAA+BC,SAA/B,EAA0C;AAE5C;;AAEAF,WAAU,OAAOA,MAAP,IAAiB,WAAjB,IAAgCA,OAAOG,IAAP,IAAeA,IAAhD,GACLH,MADK,GAEJ,OAAOI,IAAP,IAAe,WAAf,IAA8BA,KAAKD,IAAL,IAAaA,IAA5C,GACEC,IADF,GAEEC,SAAS,aAAT,GAJN;;AAOAN,IAAEO,EAAF,CAAKC,GAAL,GAAW,UAASC,UAAT,EAAqB;AAC9B,QACEC,cAAiBV,EAAE,IAAF,CADnB;AAAA,QAEEW,iBAAiBD,YAAYE,QAAZ,IAAwB,EAF3C;AAAA,QAIEC,OAAiB,IAAIC,IAAJ,GAAWC,OAAX,EAJnB;AAAA,QAKEC,cAAiB,EALnB;AAAA,QAOEC,QAAiBC,UAAU,CAAV,CAPnB;AAAA,QAQEC,gBAAkB,OAAOF,KAAP,IAAgB,QARpC;AAAA,QASEG,iBAAiB,GAAGC,KAAH,CAASC,IAAT,CAAcJ,SAAd,EAAyB,CAAzB,CATnB;AAAA,QAUEK,aAVF;AAYAb,gBACGc,IADH,CACQ,YAAW;AACf,UACEC,WAAsBzB,EAAE0B,aAAF,CAAgBjB,UAAhB,CAAF,GAChBT,EAAE2B,MAAF,CAAS,IAAT,EAAe,EAAf,EAAmB3B,EAAEO,EAAF,CAAKC,GAAL,CAASiB,QAA5B,EAAsChB,UAAtC,CADgB,GAEhBT,EAAE2B,MAAF,CAAS,EAAT,EAAa3B,EAAEO,EAAF,CAAKC,GAAL,CAASiB,QAAtB,CAHN;AAAA,UAKEG,YAAkBH,SAASG,SAL7B;AAAA,UAMEhB,WAAkBa,SAASb,QAN7B;AAAA,UAOEiB,QAAkBJ,SAASI,KAP7B;AAAA,UAQEC,YAAkBL,SAASK,SAR7B;AAAA,UAUEC,iBAAkB,MAAMD,SAV1B;AAAA,UAWEE,kBAAkBF,YAAY,SAXhC;AAAA,UAaEG,UAAkBjC,EAAE,IAAF,CAbpB;AAAA,UAeEkC,SAAkBD,QAAQE,IAAR,CAAavB,SAASwB,KAAtB,CAfpB;AAAA,UAgBEC,WAAmBZ,SAASa,OAAV,GACdtC,EAAEyB,SAASa,OAAX,CADc,GAEdtC,EAAE,MAAF,CAlBN;AAAA,UAoBEuC,UAAkB,IApBpB;AAAA,UAqBEC,WAAkBP,QAAQQ,IAAR,CAAaT,eAAb,CArBpB;AAAA,UAuBEU,YAvBF;AAAA,UAwBEC,YAxBF;AAAA,UA0BEC,YA1BF;AAAA,UA2BEC,aA3BF;AAAA,UA4BEC,aA5BF;AAAA,UA8BEC,OA9BF;AAAA,UA+BEC,SA/BF;AAAA,UAiCEC,KAjCF;AAAA,UAkCEC,MAlCF;AAAA,UAoCEC,wBAAwBlD,OAAOkD,qBAAP,IACnBlD,OAAOmD,wBADY,IAEnBnD,OAAOoD,2BAFY,IAGnBpD,OAAOqD,uBAHY,IAInB,UAASC,QAAT,EAAmB;AAAEC,mBAAWD,QAAX,EAAqB,CAArB;AAA0B,OAxCtD;;AA0CAL,eAAS;AAEPO,oBAAY,YAAW;AACrBP,iBAAOQ,OAAP,CAAe,sBAAf;AAEAzB,kBACG0B,EADH,CACM,UAAU5B,cADhB,EACgCnB,SAASwB,KADzC,EACgDc,OAAOU,OADvD,EAEGnB,IAFH,CAEQT,eAFR,EAEyBkB,MAFzB;;AAKA,cAAGzB,SAASoC,UAAT,IAAuB5B,QAAQ6B,MAAR,GAAiB,CAAjB,MAAwBzB,SAAS,CAAT,CAAlD,EAA+D;AAC7DJ,oBACG8B,MADH,GAEGC,SAFH,CAEa3B,QAFb;AAID;;AAED,cAAGZ,SAASwC,WAAT,GAAuB,CAA1B,EAA6B;AAC3BT,uBAAWN,OAAOgB,IAAlB,EAAwBzC,SAASwC,WAAjC;AACD;;AACDf,iBAAOiB,IAAP;AACD,SArBM;AAuBPC,iBAAS,YAAW;AAClBlB,iBAAOQ,OAAP,CAAe,qBAAf;AACAzB,kBACGoC,UADH,CACcrC,eADd,EAEGsC,GAFH,CAEOvC,cAFP;AAID,SA7BM;AA+BPoC,cAAM,YAAW;AACf,cAAIjB,OAAOqB,MAAP,CAAcJ,IAAd,MAAwB,CAAClC,QAAQuC,EAAR,CAAW,UAAX,CAA7B,EAAsD;AACpDtB,mBAAOuB,KAAP,CAAa,aAAb,EAA4BhD,SAASiD,SAAT,CAAmBP,IAA/C;;AACA,gBAAG1C,SAASiD,SAAT,CAAmBP,IAAnB,IAA2B,MAA9B,EAAsC;AACpClC,sBACG0C,MADH,CACUlD,SAASmD,QADnB,EAC6BnD,SAASoD,MADtC;AAGD,aAJD,MAKK;AACH5C,sBACG6C,SADH,CACarD,SAASmD,QADtB,EACgCnD,SAASoD,MADzC;AAGD;AACF;AACF,SA7CM;AA+CPX,cAAM,YAAW;AACfhB,iBAAOuB,KAAP,CAAa,aAAb,EAA4BhD,SAASiD,SAAT,CAAmBR,IAA/C;;AACA,cAAGzC,SAASiD,SAAT,CAAmBP,IAAnB,IAA2B,MAA9B,EAAsC;AACpClC,oBACG0C,MADH,CACUlD,SAASmD,QADnB,EAC6BnD,SAASoD,MADtC;AAGD,WAJD,MAKK;AACH5C,oBACG8C,OADH,CACWtD,SAASmD,QADpB,EAC8BnD,SAASoD,MADvC;AAGD;AACF,SA3DM;AA6DPG,gBAAQ,YAAW;AACjB9B,iBAAOuB,KAAP,CAAa,cAAb,EAA6BhD,SAASiD,SAAT,CAAmBR,IAAhD;AACAjC,kBAAQgD,MAAR;;AACA,cAAIxD,SAASuD,MAAb,EAAqB;AACnBvD,qBAASuD,MAAT;AACD;AACF,SAnEM;AAqEPpB,iBAAS,UAASsB,KAAT,EAAgB;AACvB,cAAGzD,SAAS0D,aAAZ,EAA2B;AACzBjC,mBAAOkC,OAAP,CAAeC,GAAf,CAAmB5D,SAAS6D,GAA5B,EAAiC7D,SAAS8D,KAA1C;AACD;;AACDrC,iBAAOgB,IAAP;AACAgB,gBAAMM,wBAAN;AACAN,gBAAMO,cAAN;AACD,SA5EM;AA8EPlB,gBAAQ;AACNJ,gBAAM,YAAW;AACf,gBAAG1C,SAASiE,OAAZ,EAAqB;AACnBxC,qBAAOuB,KAAP,CAAa,qCAAb;AACA,qBAAO,IAAP;AACD;;AACD,gBAAIvB,OAAOkC,OAAP,CAAeO,GAAf,CAAmBlE,SAAS6D,GAA5B,KAAoC7D,SAAS8D,KAAT,CAAeK,QAAf,EAAxC,EAAoE;AAClE1C,qBAAOuB,KAAP,CAAa,uCAAb,EAAsDvB,OAAOkC,OAAP,CAAeO,GAAf,CAAmBlE,SAAS6D,GAA5B,CAAtD;AACA,qBAAO,IAAP;AACD;;AACDpC,mBAAOuB,KAAP,CAAa,sCAAb,EAAqDvB,OAAOkC,OAAP,CAAeO,GAAf,CAAmBlE,SAAS6D,GAA5B,CAArD;AACA,mBAAO,KAAP;AACD;AAZK,SA9ED;AA6FPK,aAAK;AACHE,0BAAgB,YAAW;AACzB,gBACEC,UAAU,EADZ;;AAGA,gBAAGrE,SAASsE,OAAZ,EAAqB;AACnBD,sBAAQC,OAAR,GAAkBtE,SAASsE,OAA3B;AACD;;AACD,gBAAGtE,SAASuE,MAAZ,EAAoB;AAClBF,sBAAQE,MAAR,GAAiBvE,SAASuE,MAA1B;AACD;;AACD,gBAAGvE,SAASwE,IAAZ,EAAkB;AAChBH,sBAAQG,IAAR,GAAexE,SAASwE,IAAxB;AACD;;AACD,mBAAOH,OAAP;AACD;AAfE,SA7FE;AA+GPI,eAAO,YAAW;AAChBhD,iBAAOkC,OAAP,CAAeH,MAAf,CAAsBxD,SAAS6D,GAA/B;AACD,SAjHM;AAmHPF,iBAAS;AACPC,eAAK,UAASC,GAAT,EAAcC,KAAd,EAAqB;AACxB,gBACEO,UAAU5C,OAAOyC,GAAP,CAAWE,cAAX,EADZ;;AAGA,gBAAGpE,SAAS0D,aAAT,IAA0B,cAA1B,IAA4ClF,OAAOkG,YAAP,KAAwBhG,SAAvE,EAAkF;AAChFF,qBAAOkG,YAAP,CAAoBC,OAApB,CAA4Bd,GAA5B,EAAiCC,KAAjC;AACArC,qBAAOuB,KAAP,CAAa,kCAAb,EAAiDa,GAAjD,EAAsDC,KAAtD;AACD,aAHD,MAIK,IAAG9D,SAAS0D,aAAT,IAA0B,gBAA1B,IAA8ClF,OAAOoG,cAAP,KAA0BlG,SAA3E,EAAsF;AACzFF,qBAAOoG,cAAP,CAAsBD,OAAtB,CAA8Bd,GAA9B,EAAmCC,KAAnC;AACArC,qBAAOuB,KAAP,CAAa,oCAAb,EAAmDa,GAAnD,EAAwDC,KAAxD;AACD,aAHI,MAIA,IAAGvF,EAAEsG,MAAF,KAAanG,SAAhB,EAA2B;AAC9BH,gBAAEsG,MAAF,CAAShB,GAAT,EAAcC,KAAd,EAAqBO,OAArB;AACA5C,qBAAOuB,KAAP,CAAa,2BAAb,EAA0Ca,GAA1C,EAA+CC,KAA/C,EAAsDO,OAAtD;AACD,aAHI,MAIA;AACH5C,qBAAOrB,KAAP,CAAaA,MAAM0E,eAAnB;AACA;AACD;AACF,WArBM;AAsBPZ,eAAK,UAASL,GAAT,EAAcC,KAAd,EAAqB;AACxB,gBACEiB,WADF;;AAGA,gBAAG/E,SAAS0D,aAAT,IAA0B,cAA1B,IAA4ClF,OAAOkG,YAAP,KAAwBhG,SAAvE,EAAkF;AAChFqG,4BAAcvG,OAAOkG,YAAP,CAAoBM,OAApB,CAA4BnB,GAA5B,CAAd;AACD,aAFD,MAGK,IAAG7D,SAAS0D,aAAT,IAA0B,gBAA1B,IAA8ClF,OAAOoG,cAAP,KAA0BlG,SAA3E,EAAsF;AACzFqG,4BAAcvG,OAAOoG,cAAP,CAAsBI,OAAtB,CAA8BnB,GAA9B,CAAd;AACD,aAFI,CAGL;AAHK,iBAIA,IAAGtF,EAAEsG,MAAF,KAAanG,SAAhB,EAA2B;AAC9BqG,8BAAcxG,EAAEsG,MAAF,CAAShB,GAAT,CAAd;AACD,eAFI,MAGA;AACHpC,uBAAOrB,KAAP,CAAaA,MAAM0E,eAAnB;AACD;;AACD,gBAAGC,eAAe,WAAf,IAA8BA,eAAe,MAA7C,IAAuDA,gBAAgBrG,SAAvE,IAAoFqG,gBAAgB,IAAvG,EAA6G;AAC3GA,4BAAcrG,SAAd;AACD;;AACD,mBAAOqG,WAAP;AACD,WA3CM;AA4CPvB,kBAAQ,UAASK,GAAT,EAAc;AACpB,gBACEQ,UAAU5C,OAAOyC,GAAP,CAAWE,cAAX,EADZ;;AAGA,gBAAGpE,SAAS0D,aAAT,IAA0B,cAA1B,IAA4ClF,OAAOkG,YAAP,KAAwBhG,SAAvE,EAAkF;AAChFF,qBAAOkG,YAAP,CAAoBO,UAApB,CAA+BpB,GAA/B;AACD,aAFD,MAGK,IAAG7D,SAAS0D,aAAT,IAA0B,gBAA1B,IAA8ClF,OAAOoG,cAAP,KAA0BlG,SAA3E,EAAsF;AACzFF,qBAAOoG,cAAP,CAAsBK,UAAtB,CAAiCpB,GAAjC;AACD,aAFI,CAGL;AAHK,iBAIA,IAAGtF,EAAEsG,MAAF,KAAanG,SAAhB,EAA2B;AAC9BH,kBAAE2G,YAAF,CAAerB,GAAf,EAAoBQ,OAApB;AACD,eAFI,MAGA;AACH5C,uBAAOrB,KAAP,CAAaA,MAAM+E,SAAnB;AACD;AACF;AA7DM,SAnHF;AAmLPC,iBAAS,UAASC,IAAT,EAAevB,KAAf,EAAsB;AAC7BrC,iBAAOuB,KAAP,CAAa,kBAAb,EAAiCqC,IAAjC,EAAuCvB,KAAvC;;AACA,cAAIvF,EAAE0B,aAAF,CAAgBoF,IAAhB,CAAJ,EAA4B;AAC1B9G,cAAE2B,MAAF,CAAS,IAAT,EAAeF,QAAf,EAAyBqF,IAAzB;AACD,WAFD,MAGK,IAAGvB,UAAUpF,SAAb,EAAwB;AAC3B,gBAAGH,EAAE0B,aAAF,CAAgBD,SAASqF,IAAT,CAAhB,CAAH,EAAoC;AAClC9G,gBAAE2B,MAAF,CAAS,IAAT,EAAeF,SAASqF,IAAT,CAAf,EAA+BvB,KAA/B;AACD,aAFD,MAGK;AACH9D,uBAASqF,IAAT,IAAiBvB,KAAjB;AACD;AACF,WAPI,MAQA;AACH,mBAAO9D,SAASqF,IAAT,CAAP;AACD;AACF,SAnMM;AAoMPC,kBAAU,UAASD,IAAT,EAAevB,KAAf,EAAsB;AAC9B,cAAIvF,EAAE0B,aAAF,CAAgBoF,IAAhB,CAAJ,EAA4B;AAC1B9G,cAAE2B,MAAF,CAAS,IAAT,EAAeuB,MAAf,EAAuB4D,IAAvB;AACD,WAFD,MAGK,IAAGvB,UAAUpF,SAAb,EAAwB;AAC3B+C,mBAAO4D,IAAP,IAAevB,KAAf;AACD,WAFI,MAGA;AACH,mBAAOrC,OAAO4D,IAAP,CAAP;AACD;AACF,SA9MM;AA+MPrC,eAAO,YAAW;AAChB,cAAG,CAAChD,SAASuF,MAAV,IAAoBvF,SAASgD,KAAhC,EAAuC;AACrC,gBAAGhD,SAAST,WAAZ,EAAyB;AACvBkC,qBAAOlC,WAAP,CAAmBiG,GAAnB,CAAuB/F,SAAvB;AACD,aAFD,MAGK;AACHgC,qBAAOuB,KAAP,GAAenE,SAAS4G,SAAT,CAAmBC,IAAnB,CAAwB7F,IAAxB,CAA6B8F,QAAQC,IAArC,EAA2CD,OAA3C,EAAoD3F,SAASqF,IAAT,GAAgB,GAApE,CAAf;AACA5D,qBAAOuB,KAAP,CAAa6C,KAAb,CAAmBF,OAAnB,EAA4BlG,SAA5B;AACD;AACF;AACF,SAzNM;AA0NPwC,iBAAS,YAAW;AAClB,cAAG,CAACjC,SAASuF,MAAV,IAAoBvF,SAASiC,OAA7B,IAAwCjC,SAASgD,KAApD,EAA2D;AACzD,gBAAGhD,SAAST,WAAZ,EAAyB;AACvBkC,qBAAOlC,WAAP,CAAmBiG,GAAnB,CAAuB/F,SAAvB;AACD,aAFD,MAGK;AACHgC,qBAAOQ,OAAP,GAAiBpD,SAAS4G,SAAT,CAAmBC,IAAnB,CAAwB7F,IAAxB,CAA6B8F,QAAQC,IAArC,EAA2CD,OAA3C,EAAoD3F,SAASqF,IAAT,GAAgB,GAApE,CAAjB;AACA5D,qBAAOQ,OAAP,CAAe4D,KAAf,CAAqBF,OAArB,EAA8BlG,SAA9B;AACD;AACF;AACF,SApOM;AAqOPW,eAAO,YAAW;AAChB,cAAG,CAACJ,SAASuF,MAAb,EAAqB;AACnB9D,mBAAOrB,KAAP,GAAevB,SAAS4G,SAAT,CAAmBC,IAAnB,CAAwB7F,IAAxB,CAA6B8F,QAAQvF,KAArC,EAA4CuF,OAA5C,EAAqD3F,SAASqF,IAAT,GAAgB,GAArE,CAAf;AACA5D,mBAAOrB,KAAP,CAAayF,KAAb,CAAmBF,OAAnB,EAA4BlG,SAA5B;AACD;AACF,SA1OM;AA2OPF,qBAAa;AACXiG,eAAK,UAASM,OAAT,EAAkB;AACrB,gBACEC,WADF,EAEEC,aAFF,EAGEC,YAHF;;AAKA,gBAAGjG,SAAST,WAAZ,EAAyB;AACvBwG,4BAAgB,IAAI1G,IAAJ,GAAWC,OAAX,EAAhB;AACA2G,6BAAgB7G,QAAQ2G,WAAxB;AACAC,8BAAgBD,cAAcE,YAA9B;AACA7G,qBAAgB2G,WAAhB;AACAxG,0BAAY2G,IAAZ,CAAiB;AACf,wBAAmBJ,QAAQ,CAAR,CADJ;AAEf,6BAAmB,GAAGlG,KAAH,CAASC,IAAT,CAAciG,OAAd,EAAuB,CAAvB,KAA6B,EAFjC;AAGf,2BAAmBhF,OAHJ;AAIf,kCAAmBkF;AAJJ,eAAjB;AAMD;;AACDG,yBAAa1E,OAAOlC,WAAP,CAAmBiC,KAAhC;AACAC,mBAAOlC,WAAP,CAAmBiC,KAAnB,GAA2BO,WAAWN,OAAOlC,WAAP,CAAmB6G,OAA9B,EAAuC,GAAvC,CAA3B;AACD,WArBU;AAsBXA,mBAAS,YAAW;AAClB,gBACEC,QAAQrG,SAASqF,IAAT,GAAgB,GAD1B;AAAA,gBAEEiB,YAAY,CAFd;AAIAlH,mBAAO,KAAP;AACA+G,yBAAa1E,OAAOlC,WAAP,CAAmBiC,KAAhC;AACAjD,cAAEwB,IAAF,CAAOR,WAAP,EAAoB,UAASgH,KAAT,EAAgBvF,IAAhB,EAAsB;AACxCsF,2BAAatF,KAAK,gBAAL,CAAb;AACD,aAFD;AAGAqF,qBAAS,MAAMC,SAAN,GAAkB,IAA3B;;AACA,gBAAGpH,cAAH,EAAmB;AACjBmH,uBAAS,QAAQnH,cAAR,GAAyB,IAAlC;AACD;;AACD,gBAAI,CAACyG,QAAQa,KAAR,KAAkB9H,SAAlB,IAA+BiH,QAAQc,KAAR,KAAkB/H,SAAlD,KAAgEa,YAAYmH,MAAZ,GAAqB,CAAzF,EAA4F;AAC1Ff,sBAAQgB,cAAR,CAAuBN,KAAvB;;AACA,kBAAGV,QAAQc,KAAX,EAAkB;AAChBd,wBAAQc,KAAR,CAAclH,WAAd;AACD,eAFD,MAGK;AACHhB,kBAAEwB,IAAF,CAAOR,WAAP,EAAoB,UAASgH,KAAT,EAAgBvF,IAAhB,EAAsB;AACxC2E,0BAAQH,GAAR,CAAYxE,KAAK,MAAL,IAAe,IAAf,GAAsBA,KAAK,gBAAL,CAAtB,GAA6C,IAAzD;AACD,iBAFD;AAGD;;AACD2E,sBAAQiB,QAAR;AACD;;AACDrH,0BAAc,EAAd;AACD;AAjDU,SA3ON;AA8RPsH,gBAAQ,UAASrH,KAAT,EAAgBsH,eAAhB,EAAiCjG,OAAjC,EAA0C;AAChD,cACEkG,SAAShG,QADX;AAAA,cAEEiG,QAFF;AAAA,cAGEC,KAHF;AAAA,cAIEC,QAJF;AAMAJ,4BAAkBA,mBAAmBnH,cAArC;AACAkB,oBAAkBC,WAAmBD,OAArC;;AACA,cAAG,OAAOrB,KAAP,IAAgB,QAAhB,IAA4BuH,WAAWrI,SAA1C,EAAqD;AACnDc,oBAAWA,MAAM2H,KAAN,CAAY,OAAZ,CAAX;AACAH,uBAAWxH,MAAMkH,MAAN,GAAe,CAA1B;AACAnI,cAAEwB,IAAF,CAAOP,KAAP,EAAc,UAAS4H,KAAT,EAAgBtD,KAAhB,EAAuB;AACnC,kBAAIuD,iBAAkBD,SAASJ,QAAV,GACjBlD,QAAQtE,MAAM4H,QAAQ,CAAd,EAAiBE,MAAjB,CAAwB,CAAxB,EAA2BC,WAA3B,EAAR,GAAmD/H,MAAM4H,QAAQ,CAAd,EAAiBxH,KAAjB,CAAuB,CAAvB,CADlC,GAEjBJ,KAFJ;;AAIA,kBAAIjB,EAAE0B,aAAF,CAAiB8G,OAAOM,cAAP,CAAjB,KAA8CD,SAASJ,QAA3D,EAAuE;AACrED,yBAASA,OAAOM,cAAP,CAAT;AACD,eAFD,MAGK,IAAIN,OAAOM,cAAP,MAA2B3I,SAA/B,EAA2C;AAC9CuI,wBAAQF,OAAOM,cAAP,CAAR;AACA,uBAAO,KAAP;AACD,eAHI,MAIA,IAAI9I,EAAE0B,aAAF,CAAiB8G,OAAOjD,KAAP,CAAjB,KAAqCsD,SAASJ,QAAlD,EAA8D;AACjED,yBAASA,OAAOjD,KAAP,CAAT;AACD,eAFI,MAGA,IAAIiD,OAAOjD,KAAP,MAAkBpF,SAAtB,EAAkC;AACrCuI,wBAAQF,OAAOjD,KAAP,CAAR;AACA,uBAAO,KAAP;AACD,eAHI,MAIA;AACHrC,uBAAOrB,KAAP,CAAaA,MAAMoH,MAAnB,EAA2BhI,KAA3B;AACA,uBAAO,KAAP;AACD;AACF,aAvBD;AAwBD;;AACD,cAAKjB,EAAEkJ,UAAF,CAAcR,KAAd,CAAL,EAA6B;AAC3BC,uBAAWD,MAAMpB,KAAN,CAAYhF,OAAZ,EAAqBiG,eAArB,CAAX;AACD,WAFD,MAGK,IAAGG,UAAUvI,SAAb,EAAwB;AAC3BwI,uBAAWD,KAAX;AACD;;AACD,cAAG1I,EAAEmJ,OAAF,CAAU5H,aAAV,CAAH,EAA6B;AAC3BA,0BAAcoG,IAAd,CAAmBgB,QAAnB;AACD,WAFD,MAGK,IAAGpH,kBAAkBpB,SAArB,EAAgC;AACnCoB,4BAAgB,CAACA,aAAD,EAAgBoH,QAAhB,CAAhB;AACD,WAFI,MAGA,IAAGA,aAAaxI,SAAhB,EAA2B;AAC9BoB,4BAAgBoH,QAAhB;AACD;;AACD,iBAAOD,KAAP;AACD;AAnVM,OAAT;;AAsVA,UAAGvH,aAAH,EAAkB;AAChB,YAAGqB,aAAarC,SAAhB,EAA2B;AACzB+C,iBAAOO,UAAP;AACD;;AACDP,eAAOoF,MAAP,CAAcrH,KAAd;AACD,OALD,MAMK;AACH,YAAGuB,aAAarC,SAAhB,EAA2B;AACzBqC,mBAAS8F,MAAT,CAAgB,SAAhB;AACD;;AACDpF,eAAOO,UAAP;AACD;AACF,KA9YH;AAiZA,WAAQlC,kBAAkBpB,SAAnB,GACHoB,aADG,GAEH,IAFJ;AAID,GAlaD;;AAoaAvB,IAAEO,EAAF,CAAKC,GAAL,CAASiB,QAAT,GAAoB;AAElBqF,UAAc,KAFI;AAIlBE,YAAc,KAJI;AAKlBvC,WAAc,KALI;AAMlBf,aAAc,KANI;AAOlB1C,iBAAc,IAPI;AASlBc,eAAc,KATI;AAWlB;AACA4D,aAAc,KAZI;AAclB;AACAzB,iBAAc,CAfI;AAiBlBS,eAAc;AACZP,YAAO,OADK;AAEZD,YAAO;AAFK,KAjBI;AAsBlB5B,aAAgB,KAtBE;AAuBlBuB,gBAAgB,KAvBE;AAyBlBkC,aAAgB,EAzBE;AA0BlBC,YAAgB,KA1BE;AA2BlBC,UAAgB,GA3BE;AA6BlB;AACAd,mBAAgB,QA9BE;AAgClB;AACAG,SAAgB,KAjCE;AAkClBC,WAAgB,SAlCE;AAoClB1D,WAAO;AACL0E,uBAAkB,2DADb;AAELK,iBAAkB,wFAFb;AAGLqC,cAAkB;AAHb,KApCW;AA0ClBrH,eAAgB;AACdwH,cAAS,QADK;AAEdC,aAAS;AAFK,KA1CE;AA+ClBzI,cAAgB;AACdwB,aAAQ;AADM,KA/CE;AAmDlBkH,WAAgB,GAnDE;AAoDlBzE,YAAgB,aApDE;AAsDlBG,YAAQ,YAAW,CAAE;AAtDH,GAApB,CA/a4C,CAye5C;;AACAhF,IAAE2B,MAAF,CAAU3B,EAAE6E,MAAZ,EAAoB;AAClB0E,iBAAa,UAAUC,CAAV,EAAaC,CAAb,EAAgBC,CAAhB,EAAmBC,CAAnB,EAAsBC,CAAtB,EAAyB;AACpC,aAAO,CAACD,CAAD,IAAKF,KAAGG,CAAR,KAAYH,IAAE,CAAd,IAAmBC,CAA1B;AACD;AAHiB,GAApB;AAMC,CAhfA,EAgfGG,MAhfH,EAgfW5J,MAhfX,EAgfmBC,QAhfnB","file":"client/lib/semantic-ui/definitions/modules/nag.js.map","sourcesContent":["/*\n  DO NOT MODIFY - This file has been generated and will be regenerated\n  Semantic UI v2.2.1\n*/\n/*!\n * # Semantic UI - Nag\n * http://github.com/semantic-org/semantic-ui/\n *\n *\n * Released under the MIT license\n * http://opensource.org/licenses/MIT\n *\n */\n\n;(function ($, window, document, undefined) {\n\n\"use strict\";\n\nwindow = (typeof window != 'undefined' && window.Math == Math)\n  ? window\n  : (typeof self != 'undefined' && self.Math == Math)\n    ? self\n    : Function('return this')()\n;\n\n$.fn.nag = function(parameters) {\n  var\n    $allModules    = $(this),\n    moduleSelector = $allModules.selector || '',\n\n    time           = new Date().getTime(),\n    performance    = [],\n\n    query          = arguments[0],\n    methodInvoked  = (typeof query == 'string'),\n    queryArguments = [].slice.call(arguments, 1),\n    returnedValue\n  ;\n  $allModules\n    .each(function() {\n      var\n        settings          = ( $.isPlainObject(parameters) )\n          ? $.extend(true, {}, $.fn.nag.settings, parameters)\n          : $.extend({}, $.fn.nag.settings),\n\n        className       = settings.className,\n        selector        = settings.selector,\n        error           = settings.error,\n        namespace       = settings.namespace,\n\n        eventNamespace  = '.' + namespace,\n        moduleNamespace = namespace + '-module',\n\n        $module         = $(this),\n\n        $close          = $module.find(selector.close),\n        $context        = (settings.context)\n          ? $(settings.context)\n          : $('body'),\n\n        element         = this,\n        instance        = $module.data(moduleNamespace),\n\n        moduleOffset,\n        moduleHeight,\n\n        contextWidth,\n        contextHeight,\n        contextOffset,\n\n        yOffset,\n        yPosition,\n\n        timer,\n        module,\n\n        requestAnimationFrame = window.requestAnimationFrame\n          || window.mozRequestAnimationFrame\n          || window.webkitRequestAnimationFrame\n          || window.msRequestAnimationFrame\n          || function(callback) { setTimeout(callback, 0); }\n      ;\n      module = {\n\n        initialize: function() {\n          module.verbose('Initializing element');\n\n          $module\n            .on('click' + eventNamespace, selector.close, module.dismiss)\n            .data(moduleNamespace, module)\n          ;\n\n          if(settings.detachable && $module.parent()[0] !== $context[0]) {\n            $module\n              .detach()\n              .prependTo($context)\n            ;\n          }\n\n          if(settings.displayTime > 0) {\n            setTimeout(module.hide, settings.displayTime);\n          }\n          module.show();\n        },\n\n        destroy: function() {\n          module.verbose('Destroying instance');\n          $module\n            .removeData(moduleNamespace)\n            .off(eventNamespace)\n          ;\n        },\n\n        show: function() {\n          if( module.should.show() && !$module.is(':visible') ) {\n            module.debug('Showing nag', settings.animation.show);\n            if(settings.animation.show == 'fade') {\n              $module\n                .fadeIn(settings.duration, settings.easing)\n              ;\n            }\n            else {\n              $module\n                .slideDown(settings.duration, settings.easing)\n              ;\n            }\n          }\n        },\n\n        hide: function() {\n          module.debug('Showing nag', settings.animation.hide);\n          if(settings.animation.show == 'fade') {\n            $module\n              .fadeIn(settings.duration, settings.easing)\n            ;\n          }\n          else {\n            $module\n              .slideUp(settings.duration, settings.easing)\n            ;\n          }\n        },\n\n        onHide: function() {\n          module.debug('Removing nag', settings.animation.hide);\n          $module.remove();\n          if (settings.onHide) {\n            settings.onHide();\n          }\n        },\n\n        dismiss: function(event) {\n          if(settings.storageMethod) {\n            module.storage.set(settings.key, settings.value);\n          }\n          module.hide();\n          event.stopImmediatePropagation();\n          event.preventDefault();\n        },\n\n        should: {\n          show: function() {\n            if(settings.persist) {\n              module.debug('Persistent nag is set, can show nag');\n              return true;\n            }\n            if( module.storage.get(settings.key) != settings.value.toString() ) {\n              module.debug('Stored value is not set, can show nag', module.storage.get(settings.key));\n              return true;\n            }\n            module.debug('Stored value is set, cannot show nag', module.storage.get(settings.key));\n            return false;\n          }\n        },\n\n        get: {\n          storageOptions: function() {\n            var\n              options = {}\n            ;\n            if(settings.expires) {\n              options.expires = settings.expires;\n            }\n            if(settings.domain) {\n              options.domain = settings.domain;\n            }\n            if(settings.path) {\n              options.path = settings.path;\n            }\n            return options;\n          }\n        },\n\n        clear: function() {\n          module.storage.remove(settings.key);\n        },\n\n        storage: {\n          set: function(key, value) {\n            var\n              options = module.get.storageOptions()\n            ;\n            if(settings.storageMethod == 'localstorage' && window.localStorage !== undefined) {\n              window.localStorage.setItem(key, value);\n              module.debug('Value stored using local storage', key, value);\n            }\n            else if(settings.storageMethod == 'sessionstorage' && window.sessionStorage !== undefined) {\n              window.sessionStorage.setItem(key, value);\n              module.debug('Value stored using session storage', key, value);\n            }\n            else if($.cookie !== undefined) {\n              $.cookie(key, value, options);\n              module.debug('Value stored using cookie', key, value, options);\n            }\n            else {\n              module.error(error.noCookieStorage);\n              return;\n            }\n          },\n          get: function(key, value) {\n            var\n              storedValue\n            ;\n            if(settings.storageMethod == 'localstorage' && window.localStorage !== undefined) {\n              storedValue = window.localStorage.getItem(key);\n            }\n            else if(settings.storageMethod == 'sessionstorage' && window.sessionStorage !== undefined) {\n              storedValue = window.sessionStorage.getItem(key);\n            }\n            // get by cookie\n            else if($.cookie !== undefined) {\n              storedValue = $.cookie(key);\n            }\n            else {\n              module.error(error.noCookieStorage);\n            }\n            if(storedValue == 'undefined' || storedValue == 'null' || storedValue === undefined || storedValue === null) {\n              storedValue = undefined;\n            }\n            return storedValue;\n          },\n          remove: function(key) {\n            var\n              options = module.get.storageOptions()\n            ;\n            if(settings.storageMethod == 'localstorage' && window.localStorage !== undefined) {\n              window.localStorage.removeItem(key);\n            }\n            else if(settings.storageMethod == 'sessionstorage' && window.sessionStorage !== undefined) {\n              window.sessionStorage.removeItem(key);\n            }\n            // store by cookie\n            else if($.cookie !== undefined) {\n              $.removeCookie(key, options);\n            }\n            else {\n              module.error(error.noStorage);\n            }\n          }\n        },\n\n        setting: function(name, value) {\n          module.debug('Changing setting', name, value);\n          if( $.isPlainObject(name) ) {\n            $.extend(true, settings, name);\n          }\n          else if(value !== undefined) {\n            if($.isPlainObject(settings[name])) {\n              $.extend(true, settings[name], value);\n            }\n            else {\n              settings[name] = value;\n            }\n          }\n          else {\n            return settings[name];\n          }\n        },\n        internal: function(name, value) {\n          if( $.isPlainObject(name) ) {\n            $.extend(true, module, name);\n          }\n          else if(value !== undefined) {\n            module[name] = value;\n          }\n          else {\n            return module[name];\n          }\n        },\n        debug: function() {\n          if(!settings.silent && settings.debug) {\n            if(settings.performance) {\n              module.performance.log(arguments);\n            }\n            else {\n              module.debug = Function.prototype.bind.call(console.info, console, settings.name + ':');\n              module.debug.apply(console, arguments);\n            }\n          }\n        },\n        verbose: function() {\n          if(!settings.silent && settings.verbose && settings.debug) {\n            if(settings.performance) {\n              module.performance.log(arguments);\n            }\n            else {\n              module.verbose = Function.prototype.bind.call(console.info, console, settings.name + ':');\n              module.verbose.apply(console, arguments);\n            }\n          }\n        },\n        error: function() {\n          if(!settings.silent) {\n            module.error = Function.prototype.bind.call(console.error, console, settings.name + ':');\n            module.error.apply(console, arguments);\n          }\n        },\n        performance: {\n          log: function(message) {\n            var\n              currentTime,\n              executionTime,\n              previousTime\n            ;\n            if(settings.performance) {\n              currentTime   = new Date().getTime();\n              previousTime  = time || currentTime;\n              executionTime = currentTime - previousTime;\n              time          = currentTime;\n              performance.push({\n                'Name'           : message[0],\n                'Arguments'      : [].slice.call(message, 1) || '',\n                'Element'        : element,\n                'Execution Time' : executionTime\n              });\n            }\n            clearTimeout(module.performance.timer);\n            module.performance.timer = setTimeout(module.performance.display, 500);\n          },\n          display: function() {\n            var\n              title = settings.name + ':',\n              totalTime = 0\n            ;\n            time = false;\n            clearTimeout(module.performance.timer);\n            $.each(performance, function(index, data) {\n              totalTime += data['Execution Time'];\n            });\n            title += ' ' + totalTime + 'ms';\n            if(moduleSelector) {\n              title += ' \\'' + moduleSelector + '\\'';\n            }\n            if( (console.group !== undefined || console.table !== undefined) && performance.length > 0) {\n              console.groupCollapsed(title);\n              if(console.table) {\n                console.table(performance);\n              }\n              else {\n                $.each(performance, function(index, data) {\n                  console.log(data['Name'] + ': ' + data['Execution Time']+'ms');\n                });\n              }\n              console.groupEnd();\n            }\n            performance = [];\n          }\n        },\n        invoke: function(query, passedArguments, context) {\n          var\n            object = instance,\n            maxDepth,\n            found,\n            response\n          ;\n          passedArguments = passedArguments || queryArguments;\n          context         = element         || context;\n          if(typeof query == 'string' && object !== undefined) {\n            query    = query.split(/[\\. ]/);\n            maxDepth = query.length - 1;\n            $.each(query, function(depth, value) {\n              var camelCaseValue = (depth != maxDepth)\n                ? value + query[depth + 1].charAt(0).toUpperCase() + query[depth + 1].slice(1)\n                : query\n              ;\n              if( $.isPlainObject( object[camelCaseValue] ) && (depth != maxDepth) ) {\n                object = object[camelCaseValue];\n              }\n              else if( object[camelCaseValue] !== undefined ) {\n                found = object[camelCaseValue];\n                return false;\n              }\n              else if( $.isPlainObject( object[value] ) && (depth != maxDepth) ) {\n                object = object[value];\n              }\n              else if( object[value] !== undefined ) {\n                found = object[value];\n                return false;\n              }\n              else {\n                module.error(error.method, query);\n                return false;\n              }\n            });\n          }\n          if ( $.isFunction( found ) ) {\n            response = found.apply(context, passedArguments);\n          }\n          else if(found !== undefined) {\n            response = found;\n          }\n          if($.isArray(returnedValue)) {\n            returnedValue.push(response);\n          }\n          else if(returnedValue !== undefined) {\n            returnedValue = [returnedValue, response];\n          }\n          else if(response !== undefined) {\n            returnedValue = response;\n          }\n          return found;\n        }\n      };\n\n      if(methodInvoked) {\n        if(instance === undefined) {\n          module.initialize();\n        }\n        module.invoke(query);\n      }\n      else {\n        if(instance !== undefined) {\n          instance.invoke('destroy');\n        }\n        module.initialize();\n      }\n    })\n  ;\n\n  return (returnedValue !== undefined)\n    ? returnedValue\n    : this\n  ;\n};\n\n$.fn.nag.settings = {\n\n  name        : 'Nag',\n\n  silent      : false,\n  debug       : false,\n  verbose     : false,\n  performance : true,\n\n  namespace   : 'Nag',\n\n  // allows cookie to be overridden\n  persist     : false,\n\n  // set to zero to require manually dismissal, otherwise hides on its own\n  displayTime : 0,\n\n  animation   : {\n    show : 'slide',\n    hide : 'slide'\n  },\n\n  context       : false,\n  detachable    : false,\n\n  expires       : 30,\n  domain        : false,\n  path          : '/',\n\n  // type of storage to use\n  storageMethod : 'cookie',\n\n  // value to store in dismissed localstorage/cookie\n  key           : 'nag',\n  value         : 'dismiss',\n\n  error: {\n    noCookieStorage : '$.cookie is not included. A storage solution is required.',\n    noStorage       : 'Neither $.cookie or store is defined. A storage solution is required for storing state',\n    method          : 'The method you called is not defined.'\n  },\n\n  className     : {\n    bottom : 'bottom',\n    fixed  : 'fixed'\n  },\n\n  selector      : {\n    close : '.close.icon'\n  },\n\n  speed         : 500,\n  easing        : 'easeOutQuad',\n\n  onHide: function() {}\n\n};\n\n// Adds easing\n$.extend( $.easing, {\n  easeOutQuad: function (x, t, b, c, d) {\n    return -c *(t/=d)*(t-2) + b;\n  }\n});\n\n})( jQuery, window, document );\n"]},"hash":"c5e852f52bc754976bf4c13a553d752ab8519968"}
