{"metadata":{"usedHelpers":[],"marked":[],"modules":{"imports":[{"source":"/imports/startup/client","imported":[],"specifiers":[]},{"source":"/imports/startup/both","imported":[],"specifiers":[]},{"source":"/imports/api/stuff","imported":[],"specifiers":[]},{"source":"/imports/ui/layouts","imported":[],"specifiers":[]},{"source":"/imports/ui/pages","imported":[],"specifiers":[]},{"source":"/imports/ui/stylesheets/style.css","imported":[],"specifiers":[]}],"exports":{"exported":[],"specifiers":[]}}},"options":{"filename":"client/main.js","filenameRelative":"client/main.js","env":{"development":{"plugins":[]}},"retainLines":false,"highlightCode":true,"suppressDeprecationMessages":false,"presets":[],"plugins":[[[],{"generateLetDeclarations":true,"enforceStrictMode":false}],[[],null],[[],{"polyfill":false}],[[],null],[[],null],[[],null],[[],{"allowTopLevelThis":true,"strict":false,"loose":true}],[[],null],[[],null],[[],null],[[],null],[[],null],[[],null],[[],null],[[],null],[[],null],[[],null],[[],null],[[],null],[[],{"loose":true}],[[],{"loose":true}],[[],null],[[],{"loose":true}],[[],null],[[],null],[[],null],[[],null],[[],null],[[],null],[[],{"loose":true}],[[],null],[[],null],[[],null],[[],null],[[],null],[[],null],[[],null]],"ignore":[],"code":true,"metadata":true,"ast":true,"comments":true,"compact":false,"minified":false,"sourceMap":true,"sourceMaps":true,"sourceMapTarget":"client/main.js.map","sourceFileName":"client/main.js","babelrc":false,"sourceType":"module","moduleIds":false,"passPerPreset":false,"parserOpts":false,"generatorOpts":false,"basename":"main"},"ignored":false,"code":"module.watch(require(\"/imports/startup/client\"));\nmodule.watch(require(\"/imports/startup/both\"));\nmodule.watch(require(\"/imports/api/stuff\"));\nmodule.watch(require(\"/imports/ui/layouts\"));\nmodule.watch(require(\"/imports/ui/pages\"));\nmodule.watch(require(\"/imports/ui/stylesheets/style.css\"));","map":{"version":3,"sources":["client/main.js"],"names":["module","watch","require"],"mappings":"AAAAA,OAAOC,KAAP,CAAaC,QAAQ,yBAAR,CAAb;AAAiDF,OAAOC,KAAP,CAAaC,QAAQ,uBAAR,CAAb;AAA+CF,OAAOC,KAAP,CAAaC,QAAQ,oBAAR,CAAb;AAA4CF,OAAOC,KAAP,CAAaC,QAAQ,qBAAR,CAAb;AAA6CF,OAAOC,KAAP,CAAaC,QAAQ,mBAAR,CAAb;AAA2CF,OAAOC,KAAP,CAAaC,QAAQ,mCAAR,CAAb","file":"client/main.js.map","sourcesContent":["import '/imports/startup/client';\nimport '/imports/startup/both';\nimport '/imports/api/stuff';\nimport '/imports/ui/layouts';\nimport '/imports/ui/pages';\nimport '/imports/ui/stylesheets/style.css';\n"]},"hash":"cb509f6dc150a13b83c9a96bd9fe6716bda0e87a"}
