{"metadata":{"usedHelpers":[],"marked":[],"modules":{"imports":[{"source":"./app-body.html","imported":[],"specifiers":[]},{"source":"./app-body.js","imported":[],"specifiers":[]},{"source":"./app-not-found.html","imported":[],"specifiers":[]},{"source":"./footer.html","imported":[],"specifiers":[]},{"source":"./header.html","imported":[],"specifiers":[]},{"source":"./header.js","imported":[],"specifiers":[]},{"source":"./if-logged-in.html","imported":[],"specifiers":[]},{"source":"./if-logged-in.js","imported":[],"specifiers":[]},{"source":"./loading.html","imported":[],"specifiers":[]}],"exports":{"exported":[],"specifiers":[]}}},"options":{"filename":"imports/ui/layouts/index.js","filenameRelative":"imports/ui/layouts/index.js","env":{"development":{"plugins":[]}},"retainLines":false,"highlightCode":true,"suppressDeprecationMessages":false,"presets":[],"plugins":[[[],{"generateLetDeclarations":true,"enforceStrictMode":false}],[[],null],[[],{"polyfill":false}],[[],null],[[],null],[[],null],[[],{"allowTopLevelThis":true,"strict":false,"loose":true}],[[],null],[[],null],[[],null],[[],null],[[],null],[[],null],[[],null],[[],null],[[],null],[[],null],[[],null],[[],null],[[],{"loose":true}],[[],{"loose":true}],[[],null],[[],{"loose":true}],[[],null],[[],null],[[],null],[[],null],[[],null],[[],null],[[],{"loose":true}],[[],null],[[],null],[[],null],[[],null],[[],null],[[],null],[[],null]],"ignore":[],"code":true,"metadata":true,"ast":true,"comments":true,"compact":false,"minified":false,"sourceMap":true,"sourceMaps":true,"sourceMapTarget":"imports/ui/layouts/index.js.map","sourceFileName":"imports/ui/layouts/index.js","babelrc":false,"sourceType":"module","moduleIds":false,"passPerPreset":false,"parserOpts":false,"generatorOpts":false,"basename":"index"},"ignored":false,"code":"module.watch(require(\"./app-body.html\"));\nmodule.watch(require(\"./app-body.js\"));\nmodule.watch(require(\"./app-not-found.html\"));\nmodule.watch(require(\"./footer.html\"));\nmodule.watch(require(\"./header.html\"));\nmodule.watch(require(\"./header.js\"));\nmodule.watch(require(\"./if-logged-in.html\"));\nmodule.watch(require(\"./if-logged-in.js\"));\nmodule.watch(require(\"./loading.html\"));","map":{"version":3,"sources":["imports/ui/layouts/index.js"],"names":["module","watch","require"],"mappings":"AAAAA,OAAOC,KAAP,CAAaC,QAAQ,iBAAR,CAAb;AAAyCF,OAAOC,KAAP,CAAaC,QAAQ,eAAR,CAAb;AAAuCF,OAAOC,KAAP,CAAaC,QAAQ,sBAAR,CAAb;AAA8CF,OAAOC,KAAP,CAAaC,QAAQ,eAAR,CAAb;AAAuCF,OAAOC,KAAP,CAAaC,QAAQ,eAAR,CAAb;AAAuCF,OAAOC,KAAP,CAAaC,QAAQ,aAAR,CAAb;AAAqCF,OAAOC,KAAP,CAAaC,QAAQ,qBAAR,CAAb;AAA6CF,OAAOC,KAAP,CAAaC,QAAQ,mBAAR,CAAb;AAA2CF,OAAOC,KAAP,CAAaC,QAAQ,gBAAR,CAAb","file":"imports/ui/layouts/index.js.map","sourcesContent":["import './app-body.html';\r\nimport './app-body.js';\r\nimport './app-not-found.html';\r\nimport './footer.html';\r\nimport './header.html';\r\nimport './header.js';\r\nimport './if-logged-in.html';\r\nimport './if-logged-in.js';\r\nimport './loading.html';\r\n\r\n"]},"hash":"d65958beee94e40f0aa6e2854281d6df92bba7f5"}
