{"metadata":{"usedHelpers":[],"marked":[],"modules":{"imports":[{"source":"meteor/meteor","imported":["Meteor"],"specifiers":[{"kind":"named","imported":"Meteor","local":"Meteor"}]},{"source":"meteor/accounts-base","imported":["Accounts"],"specifiers":[{"kind":"named","imported":"Accounts","local":"Accounts"}]}],"exports":{"exported":[],"specifiers":[]}}},"options":{"filename":"imports/startup/both/accounts-config.js","filenameRelative":"imports/startup/both/accounts-config.js","env":{"development":{"plugins":[]}},"retainLines":false,"highlightCode":true,"suppressDeprecationMessages":false,"presets":[],"plugins":[[[],{"generateLetDeclarations":true,"enforceStrictMode":false}],[[],null],[[],{"polyfill":false}],[[],null],[[],null],[[],null],[[],{"allowTopLevelThis":true,"strict":false,"loose":true}],[[],null],[[],null],[[],null],[[],null],[[],null],[[],null],[[],null],[[],null],[[],null],[[],null],[[],null],[[],null],[[],{"loose":true}],[[],{"loose":true}],[[],null],[[],{"loose":true}],[[],null],[[],null],[[],null],[[],null],[[],null],[[],null],[[],{"loose":true}],[[],null],[[],null],[[],null],[[],null],[[],null],[[],null],[[],null]],"ignore":[],"code":true,"metadata":true,"ast":true,"comments":true,"compact":false,"minified":false,"sourceMap":true,"sourceMaps":true,"sourceMapTarget":"imports/startup/both/accounts-config.js.map","sourceFileName":"imports/startup/both/accounts-config.js","babelrc":false,"sourceType":"module","moduleIds":false,"passPerPreset":false,"parserOpts":false,"generatorOpts":false,"basename":"accounts-config"},"ignored":false,"code":"var Meteor = void 0;\nmodule.watch(require(\"meteor/meteor\"), {\n  Meteor: function (v) {\n    Meteor = v;\n  }\n}, 0);\nvar Accounts = void 0;\nmodule.watch(require(\"meteor/accounts-base\"), {\n  Accounts: function (v) {\n    Accounts = v;\n  }\n}, 1);\n\nif (Meteor.isClient) {\n  Accounts.ui.config({\n    passwordSignupFields: 'USERNAME_ONLY'\n  });\n}","map":{"version":3,"sources":["imports/startup/both/accounts-config.js"],"names":["Meteor","module","watch","require","v","Accounts","isClient","ui","config","passwordSignupFields"],"mappings":"AAAA,IAAIA,eAAJ;AAAWC,OAAOC,KAAP,CAAaC,QAAQ,eAAR,CAAb,EAAsC;AAACH,QAAD,YAAQI,CAAR,EAAU;AAACJ,aAAOI,CAAP;AAAS;AAApB,CAAtC,EAA4D,CAA5D;AAA+D,IAAIC,iBAAJ;AAAaJ,OAAOC,KAAP,CAAaC,QAAQ,sBAAR,CAAb,EAA6C;AAACE,UAAD,YAAUD,CAAV,EAAY;AAACC,eAASD,CAAT;AAAW;AAAxB,CAA7C,EAAuE,CAAvE;;AAGvF,IAAIJ,OAAOM,QAAX,EAAqB;AACnBD,WAASE,EAAT,CAAYC,MAAZ,CAAmB;AACjBC,0BAAsB;AADL,GAAnB;AAGD","file":"imports/startup/both/accounts-config.js.map","sourcesContent":["import { Meteor } from 'meteor/meteor';\nimport { Accounts } from 'meteor/accounts-base';\n\nif (Meteor.isClient) {\n  Accounts.ui.config({\n    passwordSignupFields: 'USERNAME_ONLY',\n  });\n}\n"]},"hash":"d65a9811bffaf57e86487d4b6181ae879ee7ca2f"}
