{"metadata":{"usedHelpers":[],"marked":[],"modules":{"imports":[],"exports":{"exported":[],"specifiers":[]}}},"options":{"filename":"packages/fabienb4:autoform-semantic-ui/templates/semantic-ui/inputTypes/button/button.js","filenameRelative":"packages/fabienb4:autoform-semantic-ui/templates/semantic-ui/inputTypes/button/button.js","env":{"development":{"plugins":[]}},"retainLines":false,"highlightCode":true,"suppressDeprecationMessages":false,"presets":[],"plugins":[[[],{"generateLetDeclarations":true,"enforceStrictMode":false}],[[],null],[[],{"polyfill":false}],[[],null],[[],null],[[],null],[[],{"allowTopLevelThis":true,"strict":false,"loose":true}],[[],null],[[],null],[[],null],[[],null],[[],null],[[],null],[[],null],[[],null],[[],null],[[],null],[[],null],[[],null],[[],{"loose":true}],[[],{"loose":true}],[[],null],[[],{"loose":true}],[[],null],[[],null],[[],null],[[],null],[[],null],[[],null],[[],{"loose":true}],[[],null],[[],null],[[],null],[[],null],[[],null],[[],null],[[],null]],"ignore":[],"code":true,"metadata":true,"ast":true,"comments":true,"compact":false,"minified":false,"sourceMap":true,"sourceMaps":true,"sourceMapTarget":"packages/fabienb4:autoform-semantic-ui/templates/semantic-ui/inputTypes/button/button.js.map","sourceFileName":"packages/fabienb4:autoform-semantic-ui/templates/semantic-ui/inputTypes/button/button.js","babelrc":false,"sourceType":"module","moduleIds":false,"passPerPreset":false,"parserOpts":false,"generatorOpts":false,"basename":"button"},"ignored":false,"code":"Template.afInputButton_semanticUI.helpers({\n  atts: function () {\n    var atts = _.clone(this.atts); // Add semantic-ui class\n\n\n    atts = AutoForm.Utility.addClass(atts, \"ui button\");\n    return atts;\n  }\n});","map":{"version":3,"sources":["packages/fabienb4:autoform-semantic-ui/templates/semantic-ui/inputTypes/button/button.js"],"names":["Template","afInputButton_semanticUI","helpers","atts","_","clone","AutoForm","Utility","addClass"],"mappings":"AAAAA,SAASC,wBAAT,CAAkCC,OAAlC,CAA0C;AACxCC,MADwC,cACjC;AACL,QAAIA,OAAOC,EAAEC,KAAF,CAAQ,KAAKF,IAAb,CAAX,CADK,CAGL;;;AACAA,WAAOG,SAASC,OAAT,CAAiBC,QAAjB,CAA0BL,IAA1B,EAAgC,WAAhC,CAAP;AAEA,WAAOA,IAAP;AACD;AARuC,CAA1C","file":"packages/fabienb4:autoform-semantic-ui/templates/semantic-ui/inputTypes/button/button.js.map","sourcesContent":["Template.afInputButton_semanticUI.helpers({\n  atts() {\n    let atts = _.clone(this.atts);\n\n    // Add semantic-ui class\n    atts = AutoForm.Utility.addClass(atts, \"ui button\");\n\n    return atts;\n  }\n});\n"]},"hash":"dd0157851a4651f8afd672fbfba449cc84f61679"}
