{"metadata":{"usedHelpers":[],"marked":[],"modules":{"imports":[{"source":"meteor/meteor","imported":["Meteor"],"specifiers":[{"kind":"named","imported":"Meteor","local":"Meteor"}]},{"source":"meteor/accounts-base","imported":["Accounts"],"specifiers":[{"kind":"named","imported":"Accounts","local":"Accounts"}]}],"exports":{"exported":[],"specifiers":[]}}},"options":{"filename":"imports/startup/server/accounts.js","filenameRelative":"imports/startup/server/accounts.js","env":{"development":{"plugins":[]}},"retainLines":false,"highlightCode":true,"suppressDeprecationMessages":false,"presets":[],"plugins":[[[],{"generateLetDeclarations":true,"enforceStrictMode":false}],[[],null],[[],{"polyfill":false}],[[],null],[[],null],[[],null],[[],{"allowTopLevelThis":true,"strict":false,"loose":true}],[[],null],[[],null],[[],null],[[],null],[[],null],[[],null],[[],null],[[],null],[[],null],[[],null],[[],null],[[],null],[[],{"loose":true}],[[],{"loose":true}],[[],null],[[],{"loose":true}],[[],null],[[],null],[[],null],[[],null],[[],null],[[],null],[[],{"loose":true}],[[],null],[[],null],[[],null],[[],null],[[],null],[[],null],[[],null]],"ignore":[],"code":true,"metadata":true,"ast":true,"comments":true,"compact":false,"minified":false,"sourceMap":true,"sourceMaps":true,"sourceMapTarget":"imports/startup/server/accounts.js.map","sourceFileName":"imports/startup/server/accounts.js","babelrc":false,"sourceType":"module","moduleIds":false,"passPerPreset":false,"parserOpts":false,"generatorOpts":false,"basename":"accounts"},"ignored":false,"code":"var Meteor = void 0;\nmodule.watch(require(\"meteor/meteor\"), {\n  Meteor: function (v) {\n    Meteor = v;\n  }\n}, 0);\nvar Accounts = void 0;\nmodule.watch(require(\"meteor/accounts-base\"), {\n  Accounts: function (v) {\n    Accounts = v;\n  }\n}, 1);\n\n/* eslint-disable no-console */ /* When running app for first time, pass a settings file to set up a default user account. */if (Meteor.users.find().count() === 0) {\n  if (Meteor.settings.defaultAccount) {\n    Accounts.createUser({\n      username: Meteor.settings.defaultAccount.username,\n      password: Meteor.settings.defaultAccount.password\n    });\n  } else {\n    console.log('No default user!  Please invoke meteor with a settings file.');\n  }\n}","map":{"version":3,"sources":["imports/startup/server/accounts.js"],"names":["Meteor","module","watch","require","v","Accounts","users","find","count","settings","defaultAccount","createUser","username","password","console","log"],"mappings":"AAAA,IAAIA,eAAJ;AAAWC,OAAOC,KAAP,CAAaC,QAAQ,eAAR,CAAb,EAAsC;AAACH,QAAD,YAAQI,CAAR,EAAU;AAACJ,aAAOI,CAAP;AAAS;AAApB,CAAtC,EAA4D,CAA5D;AAA+D,IAAIC,iBAAJ;AAAaJ,OAAOC,KAAP,CAAaC,QAAQ,sBAAR,CAAb,EAA6C;AAACE,UAAD,YAAUD,CAAV,EAAY;AAACC,eAASD,CAAT;AAAW;AAAxB,CAA7C,EAAuE,CAAvE;;AAGvF,+B,CAEA,6FACA,IAAIJ,OAAOM,KAAP,CAAaC,IAAb,GAAoBC,KAApB,OAAgC,CAApC,EAAuC;AACrC,MAAIR,OAAOS,QAAP,CAAgBC,cAApB,EAAoC;AAClCL,aAASM,UAAT,CAAoB;AAClBC,gBAAUZ,OAAOS,QAAP,CAAgBC,cAAhB,CAA+BE,QADvB;AAElBC,gBAAUb,OAAOS,QAAP,CAAgBC,cAAhB,CAA+BG;AAFvB,KAApB;AAID,GALD,MAKO;AACLC,YAAQC,GAAR,CAAY,8DAAZ;AACD;AACF","file":"imports/startup/server/accounts.js.map","sourcesContent":["import { Meteor } from 'meteor/meteor';\nimport { Accounts } from 'meteor/accounts-base';\n\n/* eslint-disable no-console */\n\n/* When running app for first time, pass a settings file to set up a default user account. */\nif (Meteor.users.find().count() === 0) {\n  if (Meteor.settings.defaultAccount) {\n    Accounts.createUser({\n      username: Meteor.settings.defaultAccount.username,\n      password: Meteor.settings.defaultAccount.password,\n    });\n  } else {\n    console.log('No default user!  Please invoke meteor with a settings file.');\n  }\n}\n"]},"hash":"e5da78479a9aba094dc91bc525f3e777ee05f784"}
