{"metadata":{"usedHelpers":[],"marked":[],"modules":{"imports":[],"exports":{"exported":[],"specifiers":[]}}},"options":{"filename":"client/lib/semantic-ui/definitions/modules/modal.js","filenameRelative":"client/lib/semantic-ui/definitions/modules/modal.js","env":{"development":{"plugins":[]}},"retainLines":false,"highlightCode":true,"suppressDeprecationMessages":false,"presets":[],"plugins":[[[],{"generateLetDeclarations":true,"enforceStrictMode":false}],[[],null],[[],{"polyfill":false}],[[],null],[[],null],[[],null],[[],{"allowTopLevelThis":true,"strict":false,"loose":true}],[[],null],[[],null],[[],null],[[],null],[[],null],[[],null],[[],null],[[],null],[[],null],[[],null],[[],null],[[],null],[[],{"loose":true}],[[],{"loose":true}],[[],null],[[],{"loose":true}],[[],null],[[],null],[[],null],[[],null],[[],null],[[],null],[[],{"loose":true}],[[],null],[[],null],[[],null],[[],null],[[],null],[[],null],[[],null]],"ignore":[],"code":true,"metadata":true,"ast":true,"comments":true,"compact":false,"minified":false,"sourceMap":true,"sourceMaps":true,"sourceMapTarget":"client/lib/semantic-ui/definitions/modules/modal.js.map","sourceFileName":"client/lib/semantic-ui/definitions/modules/modal.js","babelrc":false,"sourceType":"module","moduleIds":false,"passPerPreset":false,"parserOpts":false,"generatorOpts":false,"basename":"modal"},"ignored":false,"code":"/*\n  DO NOT MODIFY - This file has been generated and will be regenerated\n  Semantic UI v2.2.1\n*/ /*!\n    * # Semantic UI - Modal\n    * http://github.com/semantic-org/semantic-ui/\n    *\n    *\n    * Released under the MIT license\n    * http://opensource.org/licenses/MIT\n    *\n    */;\n\n(function ($, window, document, undefined) {\n  \"use strict\";\n\n  window = typeof window != 'undefined' && window.Math == Math ? window : typeof self != 'undefined' && self.Math == Math ? self : Function('return this')();\n\n  $.fn.modal = function (parameters) {\n    var $allModules = $(this),\n        $window = $(window),\n        $document = $(document),\n        $body = $('body'),\n        moduleSelector = $allModules.selector || '',\n        time = new Date().getTime(),\n        performance = [],\n        query = arguments[0],\n        methodInvoked = typeof query == 'string',\n        queryArguments = [].slice.call(arguments, 1),\n        requestAnimationFrame = window.requestAnimationFrame || window.mozRequestAnimationFrame || window.webkitRequestAnimationFrame || window.msRequestAnimationFrame || function (callback) {\n      setTimeout(callback, 0);\n    },\n        returnedValue;\n\n    $allModules.each(function () {\n      var settings = $.isPlainObject(parameters) ? $.extend(true, {}, $.fn.modal.settings, parameters) : $.extend({}, $.fn.modal.settings),\n          selector = settings.selector,\n          className = settings.className,\n          namespace = settings.namespace,\n          error = settings.error,\n          eventNamespace = '.' + namespace,\n          moduleNamespace = 'module-' + namespace,\n          $module = $(this),\n          $context = $(settings.context),\n          $close = $module.find(selector.close),\n          $allModals,\n          $otherModals,\n          $focusedElement,\n          $dimmable,\n          $dimmer,\n          element = this,\n          instance = $module.data(moduleNamespace),\n          elementEventNamespace,\n          id,\n          observer,\n          module;\n      module = {\n        initialize: function () {\n          module.verbose('Initializing dimmer', $context);\n          module.create.id();\n          module.create.dimmer();\n          module.refreshModals();\n          module.bind.events();\n\n          if (settings.observeChanges) {\n            module.observeChanges();\n          }\n\n          module.instantiate();\n        },\n        instantiate: function () {\n          module.verbose('Storing instance of modal');\n          instance = module;\n          $module.data(moduleNamespace, instance);\n        },\n        create: {\n          dimmer: function () {\n            var defaultSettings = {\n              debug: settings.debug,\n              dimmerName: 'modals',\n              duration: {\n                show: settings.duration,\n                hide: settings.duration\n              }\n            },\n                dimmerSettings = $.extend(true, defaultSettings, settings.dimmerSettings);\n\n            if (settings.inverted) {\n              dimmerSettings.variation = dimmerSettings.variation !== undefined ? dimmerSettings.variation + ' inverted' : 'inverted';\n            }\n\n            if ($.fn.dimmer === undefined) {\n              module.error(error.dimmer);\n              return;\n            }\n\n            module.debug('Creating dimmer with settings', dimmerSettings);\n            $dimmable = $context.dimmer(dimmerSettings);\n\n            if (settings.detachable) {\n              module.verbose('Modal is detachable, moving content into dimmer');\n              $dimmable.dimmer('add content', $module);\n            } else {\n              module.set.undetached();\n            }\n\n            if (settings.blurring) {\n              $dimmable.addClass(className.blurring);\n            }\n\n            $dimmer = $dimmable.dimmer('get dimmer');\n          },\n          id: function () {\n            id = (Math.random().toString(16) + '000000000').substr(2, 8);\n            elementEventNamespace = '.' + id;\n            module.verbose('Creating unique id for element', id);\n          }\n        },\n        destroy: function () {\n          module.verbose('Destroying previous modal');\n          $module.removeData(moduleNamespace).off(eventNamespace);\n          $window.off(elementEventNamespace);\n          $dimmer.off(elementEventNamespace);\n          $close.off(eventNamespace);\n          $context.dimmer('destroy');\n        },\n        observeChanges: function () {\n          if ('MutationObserver' in window) {\n            observer = new MutationObserver(function (mutations) {\n              module.debug('DOM tree modified, refreshing');\n              module.refresh();\n            });\n            observer.observe(element, {\n              childList: true,\n              subtree: true\n            });\n            module.debug('Setting up mutation observer', observer);\n          }\n        },\n        refresh: function () {\n          module.remove.scrolling();\n          module.cacheSizes();\n          module.set.screenHeight();\n          module.set.type();\n          module.set.position();\n        },\n        refreshModals: function () {\n          $otherModals = $module.siblings(selector.modal);\n          $allModals = $otherModals.add($module);\n        },\n        attachEvents: function (selector, event) {\n          var $toggle = $(selector);\n          event = $.isFunction(module[event]) ? module[event] : module.toggle;\n\n          if ($toggle.length > 0) {\n            module.debug('Attaching modal events to element', selector, event);\n            $toggle.off(eventNamespace).on('click' + eventNamespace, event);\n          } else {\n            module.error(error.notFound, selector);\n          }\n        },\n        bind: {\n          events: function () {\n            module.verbose('Attaching events');\n            $module.on('click' + eventNamespace, selector.close, module.event.close).on('click' + eventNamespace, selector.approve, module.event.approve).on('click' + eventNamespace, selector.deny, module.event.deny);\n            $window.on('resize' + elementEventNamespace, module.event.resize);\n          }\n        },\n        get: {\n          id: function () {\n            return (Math.random().toString(16) + '000000000').substr(2, 8);\n          }\n        },\n        event: {\n          approve: function () {\n            if (settings.onApprove.call(element, $(this)) === false) {\n              module.verbose('Approve callback returned false cancelling hide');\n              return;\n            }\n\n            module.hide();\n          },\n          deny: function () {\n            if (settings.onDeny.call(element, $(this)) === false) {\n              module.verbose('Deny callback returned false cancelling hide');\n              return;\n            }\n\n            module.hide();\n          },\n          close: function () {\n            module.hide();\n          },\n          click: function (event) {\n            var $target = $(event.target),\n                isInModal = $target.closest(selector.modal).length > 0,\n                isInDOM = $.contains(document.documentElement, event.target);\n\n            if (!isInModal && isInDOM) {\n              module.debug('Dimmer clicked, hiding all modals');\n\n              if (module.is.active()) {\n                module.remove.clickaway();\n\n                if (settings.allowMultiple) {\n                  module.hide();\n                } else {\n                  module.hideAll();\n                }\n              }\n            }\n          },\n          debounce: function (method, delay) {\n            clearTimeout(module.timer);\n            module.timer = setTimeout(method, delay);\n          },\n          keyboard: function (event) {\n            var keyCode = event.which,\n                escapeKey = 27;\n\n            if (keyCode == escapeKey) {\n              if (settings.closable) {\n                module.debug('Escape key pressed hiding modal');\n                module.hide();\n              } else {\n                module.debug('Escape key pressed, but closable is set to false');\n              }\n\n              event.preventDefault();\n            }\n          },\n          resize: function () {\n            if ($dimmable.dimmer('is active')) {\n              requestAnimationFrame(module.refresh);\n            }\n          }\n        },\n        toggle: function () {\n          if (module.is.active() || module.is.animating()) {\n            module.hide();\n          } else {\n            module.show();\n          }\n        },\n        show: function (callback) {\n          callback = $.isFunction(callback) ? callback : function () {};\n          module.refreshModals();\n          module.showModal(callback);\n        },\n        hide: function (callback) {\n          callback = $.isFunction(callback) ? callback : function () {};\n          module.refreshModals();\n          module.hideModal(callback);\n        },\n        showModal: function (callback) {\n          callback = $.isFunction(callback) ? callback : function () {};\n\n          if (module.is.animating() || !module.is.active()) {\n            module.showDimmer();\n            module.cacheSizes();\n            module.set.position();\n            module.set.screenHeight();\n            module.set.type();\n            module.set.clickaway();\n\n            if (!settings.allowMultiple && module.others.active()) {\n              module.hideOthers(module.showModal);\n            } else {\n              settings.onShow.call(element);\n\n              if (settings.transition && $.fn.transition !== undefined && $module.transition('is supported')) {\n                module.debug('Showing modal with css animations');\n                $module.transition({\n                  debug: settings.debug,\n                  animation: settings.transition + ' in',\n                  queue: settings.queue,\n                  duration: settings.duration,\n                  useFailSafe: true,\n                  onComplete: function () {\n                    settings.onVisible.apply(element);\n                    module.add.keyboardShortcuts();\n                    module.save.focus();\n                    module.set.active();\n\n                    if (settings.autofocus) {\n                      module.set.autofocus();\n                    }\n\n                    callback();\n                  }\n                });\n              } else {\n                module.error(error.noTransition);\n              }\n            }\n          } else {\n            module.debug('Modal is already visible');\n          }\n        },\n        hideModal: function (callback, keepDimmed) {\n          callback = $.isFunction(callback) ? callback : function () {};\n          module.debug('Hiding modal');\n\n          if (settings.onHide.call(element, $(this)) === false) {\n            module.verbose('Hide callback returned false cancelling hide');\n            return;\n          }\n\n          if (module.is.animating() || module.is.active()) {\n            if (settings.transition && $.fn.transition !== undefined && $module.transition('is supported')) {\n              module.remove.active();\n              $module.transition({\n                debug: settings.debug,\n                animation: settings.transition + ' out',\n                queue: settings.queue,\n                duration: settings.duration,\n                useFailSafe: true,\n                onStart: function () {\n                  if (!module.others.active() && !keepDimmed) {\n                    module.hideDimmer();\n                  }\n\n                  module.remove.keyboardShortcuts();\n                },\n                onComplete: function () {\n                  settings.onHidden.call(element);\n                  module.restore.focus();\n                  callback();\n                }\n              });\n            } else {\n              module.error(error.noTransition);\n            }\n          }\n        },\n        showDimmer: function () {\n          if ($dimmable.dimmer('is animating') || !$dimmable.dimmer('is active')) {\n            module.debug('Showing dimmer');\n            $dimmable.dimmer('show');\n          } else {\n            module.debug('Dimmer already visible');\n          }\n        },\n        hideDimmer: function () {\n          if ($dimmable.dimmer('is animating') || $dimmable.dimmer('is active')) {\n            $dimmable.dimmer('hide', function () {\n              module.remove.clickaway();\n              module.remove.screenHeight();\n            });\n          } else {\n            module.debug('Dimmer is not visible cannot hide');\n            return;\n          }\n        },\n        hideAll: function (callback) {\n          var $visibleModals = $allModals.filter('.' + className.active + ', .' + className.animating);\n          callback = $.isFunction(callback) ? callback : function () {};\n\n          if ($visibleModals.length > 0) {\n            module.debug('Hiding all visible modals');\n            module.hideDimmer();\n            $visibleModals.modal('hide modal', callback);\n          }\n        },\n        hideOthers: function (callback) {\n          var $visibleModals = $otherModals.filter('.' + className.active + ', .' + className.animating);\n          callback = $.isFunction(callback) ? callback : function () {};\n\n          if ($visibleModals.length > 0) {\n            module.debug('Hiding other modals', $otherModals);\n            $visibleModals.modal('hide modal', callback, true);\n          }\n        },\n        others: {\n          active: function () {\n            return $otherModals.filter('.' + className.active).length > 0;\n          },\n          animating: function () {\n            return $otherModals.filter('.' + className.animating).length > 0;\n          }\n        },\n        add: {\n          keyboardShortcuts: function () {\n            module.verbose('Adding keyboard shortcuts');\n            $document.on('keyup' + eventNamespace, module.event.keyboard);\n          }\n        },\n        save: {\n          focus: function () {\n            $focusedElement = $(document.activeElement).blur();\n          }\n        },\n        restore: {\n          focus: function () {\n            if ($focusedElement && $focusedElement.length > 0) {\n              $focusedElement.focus();\n            }\n          }\n        },\n        remove: {\n          active: function () {\n            $module.removeClass(className.active);\n          },\n          clickaway: function () {\n            if (settings.closable) {\n              $dimmer.off('click' + elementEventNamespace);\n            }\n          },\n          bodyStyle: function () {\n            if ($body.attr('style') === '') {\n              module.verbose('Removing style attribute');\n              $body.removeAttr('style');\n            }\n          },\n          screenHeight: function () {\n            module.debug('Removing page height');\n            $body.css('height', '');\n          },\n          keyboardShortcuts: function () {\n            module.verbose('Removing keyboard shortcuts');\n            $document.off('keyup' + eventNamespace);\n          },\n          scrolling: function () {\n            $dimmable.removeClass(className.scrolling);\n            $module.removeClass(className.scrolling);\n          }\n        },\n        cacheSizes: function () {\n          var modalHeight = $module.outerHeight();\n\n          if (module.cache === undefined || modalHeight !== 0) {\n            module.cache = {\n              pageHeight: $(document).outerHeight(),\n              height: modalHeight + settings.offset,\n              contextHeight: settings.context == 'body' ? $(window).height() : $dimmable.height()\n            };\n          }\n\n          module.debug('Caching modal and container sizes', module.cache);\n        },\n        can: {\n          fit: function () {\n            return module.cache.height + settings.padding * 2 < module.cache.contextHeight;\n          }\n        },\n        is: {\n          active: function () {\n            return $module.hasClass(className.active);\n          },\n          animating: function () {\n            return $module.transition('is supported') ? $module.transition('is animating') : $module.is(':visible');\n          },\n          scrolling: function () {\n            return $dimmable.hasClass(className.scrolling);\n          },\n          modernBrowser: function () {\n            // appName for IE11 reports 'Netscape' can no longer use\n            return !(window.ActiveXObject || \"ActiveXObject\" in window);\n          }\n        },\n        set: {\n          autofocus: function () {\n            var $inputs = $module.find(':input').filter(':visible'),\n                $autofocus = $inputs.filter('[autofocus]'),\n                $input = $autofocus.length > 0 ? $autofocus.first() : $inputs.first();\n\n            if ($input.length > 0) {\n              $input.focus();\n            }\n          },\n          clickaway: function () {\n            if (settings.closable) {\n              $dimmer.on('click' + elementEventNamespace, module.event.click);\n            }\n          },\n          screenHeight: function () {\n            if (module.can.fit()) {\n              $body.css('height', '');\n            } else {\n              module.debug('Modal is taller than page content, resizing page height');\n              $body.css('height', module.cache.height + settings.padding * 2);\n            }\n          },\n          active: function () {\n            $module.addClass(className.active);\n          },\n          scrolling: function () {\n            $dimmable.addClass(className.scrolling);\n            $module.addClass(className.scrolling);\n          },\n          type: function () {\n            if (module.can.fit()) {\n              module.verbose('Modal fits on screen');\n\n              if (!module.others.active() && !module.others.animating()) {\n                module.remove.scrolling();\n              }\n            } else {\n              module.verbose('Modal cannot fit on screen setting to scrolling');\n              module.set.scrolling();\n            }\n          },\n          position: function () {\n            module.verbose('Centering modal on page', module.cache);\n\n            if (module.can.fit()) {\n              $module.css({\n                top: '',\n                marginTop: -(module.cache.height / 2)\n              });\n            } else {\n              $module.css({\n                marginTop: '',\n                top: $document.scrollTop()\n              });\n            }\n          },\n          undetached: function () {\n            $dimmable.addClass(className.undetached);\n          }\n        },\n        setting: function (name, value) {\n          module.debug('Changing setting', name, value);\n\n          if ($.isPlainObject(name)) {\n            $.extend(true, settings, name);\n          } else if (value !== undefined) {\n            if ($.isPlainObject(settings[name])) {\n              $.extend(true, settings[name], value);\n            } else {\n              settings[name] = value;\n            }\n          } else {\n            return settings[name];\n          }\n        },\n        internal: function (name, value) {\n          if ($.isPlainObject(name)) {\n            $.extend(true, module, name);\n          } else if (value !== undefined) {\n            module[name] = value;\n          } else {\n            return module[name];\n          }\n        },\n        debug: function () {\n          if (!settings.silent && settings.debug) {\n            if (settings.performance) {\n              module.performance.log(arguments);\n            } else {\n              module.debug = Function.prototype.bind.call(console.info, console, settings.name + ':');\n              module.debug.apply(console, arguments);\n            }\n          }\n        },\n        verbose: function () {\n          if (!settings.silent && settings.verbose && settings.debug) {\n            if (settings.performance) {\n              module.performance.log(arguments);\n            } else {\n              module.verbose = Function.prototype.bind.call(console.info, console, settings.name + ':');\n              module.verbose.apply(console, arguments);\n            }\n          }\n        },\n        error: function () {\n          if (!settings.silent) {\n            module.error = Function.prototype.bind.call(console.error, console, settings.name + ':');\n            module.error.apply(console, arguments);\n          }\n        },\n        performance: {\n          log: function (message) {\n            var currentTime, executionTime, previousTime;\n\n            if (settings.performance) {\n              currentTime = new Date().getTime();\n              previousTime = time || currentTime;\n              executionTime = currentTime - previousTime;\n              time = currentTime;\n              performance.push({\n                'Name': message[0],\n                'Arguments': [].slice.call(message, 1) || '',\n                'Element': element,\n                'Execution Time': executionTime\n              });\n            }\n\n            clearTimeout(module.performance.timer);\n            module.performance.timer = setTimeout(module.performance.display, 500);\n          },\n          display: function () {\n            var title = settings.name + ':',\n                totalTime = 0;\n            time = false;\n            clearTimeout(module.performance.timer);\n            $.each(performance, function (index, data) {\n              totalTime += data['Execution Time'];\n            });\n            title += ' ' + totalTime + 'ms';\n\n            if (moduleSelector) {\n              title += ' \\'' + moduleSelector + '\\'';\n            }\n\n            if ((console.group !== undefined || console.table !== undefined) && performance.length > 0) {\n              console.groupCollapsed(title);\n\n              if (console.table) {\n                console.table(performance);\n              } else {\n                $.each(performance, function (index, data) {\n                  console.log(data['Name'] + ': ' + data['Execution Time'] + 'ms');\n                });\n              }\n\n              console.groupEnd();\n            }\n\n            performance = [];\n          }\n        },\n        invoke: function (query, passedArguments, context) {\n          var object = instance,\n              maxDepth,\n              found,\n              response;\n          passedArguments = passedArguments || queryArguments;\n          context = element || context;\n\n          if (typeof query == 'string' && object !== undefined) {\n            query = query.split(/[\\. ]/);\n            maxDepth = query.length - 1;\n            $.each(query, function (depth, value) {\n              var camelCaseValue = depth != maxDepth ? value + query[depth + 1].charAt(0).toUpperCase() + query[depth + 1].slice(1) : query;\n\n              if ($.isPlainObject(object[camelCaseValue]) && depth != maxDepth) {\n                object = object[camelCaseValue];\n              } else if (object[camelCaseValue] !== undefined) {\n                found = object[camelCaseValue];\n                return false;\n              } else if ($.isPlainObject(object[value]) && depth != maxDepth) {\n                object = object[value];\n              } else if (object[value] !== undefined) {\n                found = object[value];\n                return false;\n              } else {\n                return false;\n              }\n            });\n          }\n\n          if ($.isFunction(found)) {\n            response = found.apply(context, passedArguments);\n          } else if (found !== undefined) {\n            response = found;\n          }\n\n          if ($.isArray(returnedValue)) {\n            returnedValue.push(response);\n          } else if (returnedValue !== undefined) {\n            returnedValue = [returnedValue, response];\n          } else if (response !== undefined) {\n            returnedValue = response;\n          }\n\n          return found;\n        }\n      };\n\n      if (methodInvoked) {\n        if (instance === undefined) {\n          module.initialize();\n        }\n\n        module.invoke(query);\n      } else {\n        if (instance !== undefined) {\n          instance.invoke('destroy');\n        }\n\n        module.initialize();\n      }\n    });\n    return returnedValue !== undefined ? returnedValue : this;\n  };\n\n  $.fn.modal.settings = {\n    name: 'Modal',\n    namespace: 'modal',\n    silent: false,\n    debug: false,\n    verbose: false,\n    performance: true,\n    observeChanges: false,\n    allowMultiple: false,\n    detachable: true,\n    closable: true,\n    autofocus: true,\n    inverted: false,\n    blurring: false,\n    dimmerSettings: {\n      closable: false,\n      useCSS: true\n    },\n    context: 'body',\n    queue: false,\n    duration: 500,\n    offset: 0,\n    transition: 'scale',\n    // padding with edge of page\n    padding: 50,\n    // called before show animation\n    onShow: function () {},\n    // called after show animation\n    onVisible: function () {},\n    // called before hide animation\n    onHide: function () {\n      return true;\n    },\n    // called after hide animation\n    onHidden: function () {},\n    // called after approve selector match\n    onApprove: function () {\n      return true;\n    },\n    // called after deny selector match\n    onDeny: function () {\n      return true;\n    },\n    selector: {\n      close: '> .close',\n      approve: '.actions .positive, .actions .approve, .actions .ok',\n      deny: '.actions .negative, .actions .deny, .actions .cancel',\n      modal: '.ui.modal'\n    },\n    error: {\n      dimmer: 'UI Dimmer, a required component is not included in this page',\n      method: 'The method you called is not defined.',\n      notFound: 'The element you specified could not be found'\n    },\n    className: {\n      active: 'active',\n      animating: 'animating',\n      blurring: 'blurring',\n      scrolling: 'scrolling',\n      undetached: 'undetached'\n    }\n  };\n})(jQuery, window, document);","map":{"version":3,"sources":["client/lib/semantic-ui/definitions/modules/modal.js"],"names":["$","window","document","undefined","Math","self","Function","fn","modal","parameters","$allModules","$window","$document","$body","moduleSelector","selector","time","Date","getTime","performance","query","arguments","methodInvoked","queryArguments","slice","call","requestAnimationFrame","mozRequestAnimationFrame","webkitRequestAnimationFrame","msRequestAnimationFrame","callback","setTimeout","returnedValue","each","settings","isPlainObject","extend","className","namespace","error","eventNamespace","moduleNamespace","$module","$context","context","$close","find","close","$allModals","$otherModals","$focusedElement","$dimmable","$dimmer","element","instance","data","elementEventNamespace","id","observer","module","initialize","verbose","create","dimmer","refreshModals","bind","events","observeChanges","instantiate","defaultSettings","debug","dimmerName","duration","show","hide","dimmerSettings","inverted","variation","detachable","set","undetached","blurring","addClass","random","toString","substr","destroy","removeData","off","MutationObserver","mutations","refresh","observe","childList","subtree","remove","scrolling","cacheSizes","screenHeight","type","position","siblings","add","attachEvents","event","$toggle","isFunction","toggle","length","on","notFound","approve","deny","resize","get","onApprove","onDeny","click","$target","target","isInModal","closest","isInDOM","contains","documentElement","is","active","clickaway","allowMultiple","hideAll","debounce","method","delay","clearTimeout","timer","keyboard","keyCode","which","escapeKey","closable","preventDefault","animating","showModal","hideModal","showDimmer","others","hideOthers","onShow","transition","animation","queue","useFailSafe","onComplete","onVisible","apply","keyboardShortcuts","save","focus","autofocus","noTransition","keepDimmed","onHide","onStart","hideDimmer","onHidden","restore","$visibleModals","filter","activeElement","blur","removeClass","bodyStyle","attr","removeAttr","css","modalHeight","outerHeight","cache","pageHeight","height","offset","contextHeight","can","fit","padding","hasClass","modernBrowser","ActiveXObject","$inputs","$autofocus","$input","first","top","marginTop","scrollTop","setting","name","value","internal","silent","log","prototype","console","info","message","currentTime","executionTime","previousTime","push","display","title","totalTime","index","group","table","groupCollapsed","groupEnd","invoke","passedArguments","object","maxDepth","found","response","split","depth","camelCaseValue","charAt","toUpperCase","isArray","useCSS","jQuery"],"mappings":"AAAA;;;GAIA;;;;;;;;MAUA;;AAAC,CAAC,UAAUA,CAAV,EAAaC,MAAb,EAAqBC,QAArB,EAA+BC,SAA/B,EAA0C;AAE5C;;AAEAF,WAAU,OAAOA,MAAP,IAAiB,WAAjB,IAAgCA,OAAOG,IAAP,IAAeA,IAAhD,GACLH,MADK,GAEJ,OAAOI,IAAP,IAAe,WAAf,IAA8BA,KAAKD,IAAL,IAAaA,IAA5C,GACEC,IADF,GAEEC,SAAS,aAAT,GAJN;;AAOAN,IAAEO,EAAF,CAAKC,KAAL,GAAa,UAASC,UAAT,EAAqB;AAChC,QACEC,cAAiBV,EAAE,IAAF,CADnB;AAAA,QAEEW,UAAiBX,EAAEC,MAAF,CAFnB;AAAA,QAGEW,YAAiBZ,EAAEE,QAAF,CAHnB;AAAA,QAIEW,QAAiBb,EAAE,MAAF,CAJnB;AAAA,QAMEc,iBAAiBJ,YAAYK,QAAZ,IAAwB,EAN3C;AAAA,QAQEC,OAAiB,IAAIC,IAAJ,GAAWC,OAAX,EARnB;AAAA,QASEC,cAAiB,EATnB;AAAA,QAWEC,QAAiBC,UAAU,CAAV,CAXnB;AAAA,QAYEC,gBAAkB,OAAOF,KAAP,IAAgB,QAZpC;AAAA,QAaEG,iBAAiB,GAAGC,KAAH,CAASC,IAAT,CAAcJ,SAAd,EAAyB,CAAzB,CAbnB;AAAA,QAeEK,wBAAwBzB,OAAOyB,qBAAP,IACnBzB,OAAO0B,wBADY,IAEnB1B,OAAO2B,2BAFY,IAGnB3B,OAAO4B,uBAHY,IAInB,UAASC,QAAT,EAAmB;AAAEC,iBAAWD,QAAX,EAAqB,CAArB;AAA0B,KAnBtD;AAAA,QAqBEE,aArBF;;AAwBAtB,gBACGuB,IADH,CACQ,YAAW;AACf,UACEC,WAAgBlC,EAAEmC,aAAF,CAAgB1B,UAAhB,CAAF,GACVT,EAAEoC,MAAF,CAAS,IAAT,EAAe,EAAf,EAAmBpC,EAAEO,EAAF,CAAKC,KAAL,CAAW0B,QAA9B,EAAwCzB,UAAxC,CADU,GAEVT,EAAEoC,MAAF,CAAS,EAAT,EAAapC,EAAEO,EAAF,CAAKC,KAAL,CAAW0B,QAAxB,CAHN;AAAA,UAKEnB,WAAkBmB,SAASnB,QAL7B;AAAA,UAMEsB,YAAkBH,SAASG,SAN7B;AAAA,UAOEC,YAAkBJ,SAASI,SAP7B;AAAA,UAQEC,QAAkBL,SAASK,KAR7B;AAAA,UAUEC,iBAAkB,MAAMF,SAV1B;AAAA,UAWEG,kBAAkB,YAAYH,SAXhC;AAAA,UAaEI,UAAkB1C,EAAE,IAAF,CAbpB;AAAA,UAcE2C,WAAkB3C,EAAEkC,SAASU,OAAX,CAdpB;AAAA,UAeEC,SAAkBH,QAAQI,IAAR,CAAa/B,SAASgC,KAAtB,CAfpB;AAAA,UAiBEC,UAjBF;AAAA,UAkBEC,YAlBF;AAAA,UAmBEC,eAnBF;AAAA,UAoBEC,SApBF;AAAA,UAqBEC,OArBF;AAAA,UAuBEC,UAAkB,IAvBpB;AAAA,UAwBEC,WAAkBZ,QAAQa,IAAR,CAAad,eAAb,CAxBpB;AAAA,UA0BEe,qBA1BF;AAAA,UA2BEC,EA3BF;AAAA,UA4BEC,QA5BF;AAAA,UA6BEC,MA7BF;AA+BAA,eAAU;AAERC,oBAAY,YAAW;AACrBD,iBAAOE,OAAP,CAAe,qBAAf,EAAsClB,QAAtC;AAEAgB,iBAAOG,MAAP,CAAcL,EAAd;AACAE,iBAAOG,MAAP,CAAcC,MAAd;AACAJ,iBAAOK,aAAP;AAEAL,iBAAOM,IAAP,CAAYC,MAAZ;;AACA,cAAGhC,SAASiC,cAAZ,EAA4B;AAC1BR,mBAAOQ,cAAP;AACD;;AACDR,iBAAOS,WAAP;AACD,SAdO;AAgBRA,qBAAa,YAAW;AACtBT,iBAAOE,OAAP,CAAe,2BAAf;AACAP,qBAAWK,MAAX;AACAjB,kBACGa,IADH,CACQd,eADR,EACyBa,QADzB;AAGD,SAtBO;AAwBRQ,gBAAQ;AACNC,kBAAQ,YAAW;AACjB,gBACEM,kBAAkB;AAChBC,qBAAapC,SAASoC,KADN;AAEhBC,0BAAa,QAFG;AAGhBC,wBAAa;AACXC,sBAAWvC,SAASsC,QADT;AAEXE,sBAAWxC,SAASsC;AAFT;AAHG,aADpB;AAAA,gBASEG,iBAAiB3E,EAAEoC,MAAF,CAAS,IAAT,EAAeiC,eAAf,EAAgCnC,SAASyC,cAAzC,CATnB;;AAWA,gBAAGzC,SAAS0C,QAAZ,EAAsB;AACpBD,6BAAeE,SAAf,GAA4BF,eAAeE,SAAf,KAA6B1E,SAA9B,GACvBwE,eAAeE,SAAf,GAA2B,WADJ,GAEvB,UAFJ;AAID;;AACD,gBAAG7E,EAAEO,EAAF,CAAKwD,MAAL,KAAgB5D,SAAnB,EAA8B;AAC5BwD,qBAAOpB,KAAP,CAAaA,MAAMwB,MAAnB;AACA;AACD;;AACDJ,mBAAOW,KAAP,CAAa,+BAAb,EAA8CK,cAA9C;AACAxB,wBAAYR,SAASoB,MAAT,CAAgBY,cAAhB,CAAZ;;AACA,gBAAGzC,SAAS4C,UAAZ,EAAwB;AACtBnB,qBAAOE,OAAP,CAAe,iDAAf;AACAV,wBAAUY,MAAV,CAAiB,aAAjB,EAAgCrB,OAAhC;AACD,aAHD,MAIK;AACHiB,qBAAOoB,GAAP,CAAWC,UAAX;AACD;;AACD,gBAAG9C,SAAS+C,QAAZ,EAAsB;AACpB9B,wBAAU+B,QAAV,CAAmB7C,UAAU4C,QAA7B;AACD;;AACD7B,sBAAUD,UAAUY,MAAV,CAAiB,YAAjB,CAAV;AACD,WApCK;AAqCNN,cAAI,YAAW;AACbA,iBAAK,CAACrD,KAAK+E,MAAL,GAAcC,QAAd,CAAuB,EAAvB,IAA6B,WAA9B,EAA2CC,MAA3C,CAAkD,CAAlD,EAAoD,CAApD,CAAL;AACA7B,oCAAwB,MAAMC,EAA9B;AACAE,mBAAOE,OAAP,CAAe,gCAAf,EAAiDJ,EAAjD;AACD;AAzCK,SAxBA;AAoER6B,iBAAS,YAAW;AAClB3B,iBAAOE,OAAP,CAAe,2BAAf;AACAnB,kBACG6C,UADH,CACc9C,eADd,EAEG+C,GAFH,CAEOhD,cAFP;AAIA7B,kBAAQ6E,GAAR,CAAYhC,qBAAZ;AACAJ,kBAAQoC,GAAR,CAAYhC,qBAAZ;AACAX,iBAAO2C,GAAP,CAAWhD,cAAX;AACAG,mBAASoB,MAAT,CAAgB,SAAhB;AACD,SA9EO;AAgFRI,wBAAgB,YAAW;AACzB,cAAG,sBAAsBlE,MAAzB,EAAiC;AAC/ByD,uBAAW,IAAI+B,gBAAJ,CAAqB,UAASC,SAAT,EAAoB;AAClD/B,qBAAOW,KAAP,CAAa,+BAAb;AACAX,qBAAOgC,OAAP;AACD,aAHU,CAAX;AAIAjC,qBAASkC,OAAT,CAAiBvC,OAAjB,EAA0B;AACxBwC,yBAAY,IADY;AAExBC,uBAAY;AAFY,aAA1B;AAIAnC,mBAAOW,KAAP,CAAa,8BAAb,EAA6CZ,QAA7C;AACD;AACF,SA5FO;AA8FRiC,iBAAS,YAAW;AAClBhC,iBAAOoC,MAAP,CAAcC,SAAd;AACArC,iBAAOsC,UAAP;AACAtC,iBAAOoB,GAAP,CAAWmB,YAAX;AACAvC,iBAAOoB,GAAP,CAAWoB,IAAX;AACAxC,iBAAOoB,GAAP,CAAWqB,QAAX;AACD,SApGO;AAsGRpC,uBAAe,YAAW;AACxBf,yBAAeP,QAAQ2D,QAAR,CAAiBtF,SAASP,KAA1B,CAAf;AACAwC,uBAAeC,aAAaqD,GAAb,CAAiB5D,OAAjB,CAAf;AACD,SAzGO;AA2GR6D,sBAAc,UAASxF,QAAT,EAAmByF,KAAnB,EAA0B;AACtC,cACEC,UAAUzG,EAAEe,QAAF,CADZ;AAGAyF,kBAAQxG,EAAE0G,UAAF,CAAa/C,OAAO6C,KAAP,CAAb,IACJ7C,OAAO6C,KAAP,CADI,GAEJ7C,OAAOgD,MAFX;;AAIA,cAAGF,QAAQG,MAAR,GAAiB,CAApB,EAAuB;AACrBjD,mBAAOW,KAAP,CAAa,mCAAb,EAAkDvD,QAAlD,EAA4DyF,KAA5D;AACAC,oBACGjB,GADH,CACOhD,cADP,EAEGqE,EAFH,CAEM,UAAUrE,cAFhB,EAEgCgE,KAFhC;AAID,WAND,MAOK;AACH7C,mBAAOpB,KAAP,CAAaA,MAAMuE,QAAnB,EAA6B/F,QAA7B;AACD;AACF,SA7HO;AA+HRkD,cAAM;AACJC,kBAAQ,YAAW;AACjBP,mBAAOE,OAAP,CAAe,kBAAf;AACAnB,oBACGmE,EADH,CACM,UAAUrE,cADhB,EACgCzB,SAASgC,KADzC,EACgDY,OAAO6C,KAAP,CAAazD,KAD7D,EAEG8D,EAFH,CAEM,UAAUrE,cAFhB,EAEgCzB,SAASgG,OAFzC,EAEkDpD,OAAO6C,KAAP,CAAaO,OAF/D,EAGGF,EAHH,CAGM,UAAUrE,cAHhB,EAGgCzB,SAASiG,IAHzC,EAG+CrD,OAAO6C,KAAP,CAAaQ,IAH5D;AAKArG,oBACGkG,EADH,CACM,WAAWrD,qBADjB,EACwCG,OAAO6C,KAAP,CAAaS,MADrD;AAGD;AAXG,SA/HE;AA6IRC,aAAK;AACHzD,cAAI,YAAW;AACb,mBAAO,CAACrD,KAAK+E,MAAL,GAAcC,QAAd,CAAuB,EAAvB,IAA6B,WAA9B,EAA2CC,MAA3C,CAAkD,CAAlD,EAAoD,CAApD,CAAP;AACD;AAHE,SA7IG;AAmJRmB,eAAO;AACLO,mBAAS,YAAW;AAClB,gBAAG7E,SAASiF,SAAT,CAAmB1F,IAAnB,CAAwB4B,OAAxB,EAAiCrD,EAAE,IAAF,CAAjC,MAA8C,KAAjD,EAAwD;AACtD2D,qBAAOE,OAAP,CAAe,iDAAf;AACA;AACD;;AACDF,mBAAOe,IAAP;AACD,WAPI;AAQLsC,gBAAM,YAAW;AACf,gBAAG9E,SAASkF,MAAT,CAAgB3F,IAAhB,CAAqB4B,OAArB,EAA8BrD,EAAE,IAAF,CAA9B,MAA2C,KAA9C,EAAqD;AACnD2D,qBAAOE,OAAP,CAAe,8CAAf;AACA;AACD;;AACDF,mBAAOe,IAAP;AACD,WAdI;AAeL3B,iBAAO,YAAW;AAChBY,mBAAOe,IAAP;AACD,WAjBI;AAkBL2C,iBAAO,UAASb,KAAT,EAAgB;AACrB,gBACEc,UAAYtH,EAAEwG,MAAMe,MAAR,CADd;AAAA,gBAEEC,YAAaF,QAAQG,OAAR,CAAgB1G,SAASP,KAAzB,EAAgCoG,MAAhC,GAAyC,CAFxD;AAAA,gBAGEc,UAAY1H,EAAE2H,QAAF,CAAWzH,SAAS0H,eAApB,EAAqCpB,MAAMe,MAA3C,CAHd;;AAKA,gBAAG,CAACC,SAAD,IAAcE,OAAjB,EAA0B;AACxB/D,qBAAOW,KAAP,CAAa,mCAAb;;AACA,kBAAIX,OAAOkE,EAAP,CAAUC,MAAV,EAAJ,EAAyB;AACvBnE,uBAAOoC,MAAP,CAAcgC,SAAd;;AACA,oBAAG7F,SAAS8F,aAAZ,EAA2B;AACzBrE,yBAAOe,IAAP;AACD,iBAFD,MAGK;AACHf,yBAAOsE,OAAP;AACD;AACF;AACF;AACF,WApCI;AAqCLC,oBAAU,UAASC,MAAT,EAAiBC,KAAjB,EAAwB;AAChCC,yBAAa1E,OAAO2E,KAApB;AACA3E,mBAAO2E,KAAP,GAAevG,WAAWoG,MAAX,EAAmBC,KAAnB,CAAf;AACD,WAxCI;AAyCLG,oBAAU,UAAS/B,KAAT,EAAgB;AACxB,gBACEgC,UAAYhC,MAAMiC,KADpB;AAAA,gBAEEC,YAAY,EAFd;;AAIA,gBAAGF,WAAWE,SAAd,EAAyB;AACvB,kBAAGxG,SAASyG,QAAZ,EAAsB;AACpBhF,uBAAOW,KAAP,CAAa,iCAAb;AACAX,uBAAOe,IAAP;AACD,eAHD,MAIK;AACHf,uBAAOW,KAAP,CAAa,kDAAb;AACD;;AACDkC,oBAAMoC,cAAN;AACD;AACF,WAxDI;AAyDL3B,kBAAQ,YAAW;AACjB,gBAAI9D,UAAUY,MAAV,CAAiB,WAAjB,CAAJ,EAAoC;AAClCrC,oCAAsBiC,OAAOgC,OAA7B;AACD;AACF;AA7DI,SAnJC;AAmNRgB,gBAAQ,YAAW;AACjB,cAAIhD,OAAOkE,EAAP,CAAUC,MAAV,MAAsBnE,OAAOkE,EAAP,CAAUgB,SAAV,EAA1B,EAAkD;AAChDlF,mBAAOe,IAAP;AACD,WAFD,MAGK;AACHf,mBAAOc,IAAP;AACD;AACF,SA1NO;AA4NRA,cAAM,UAAS3C,QAAT,EAAmB;AACvBA,qBAAW9B,EAAE0G,UAAF,CAAa5E,QAAb,IACPA,QADO,GAEP,YAAU,CAAE,CAFhB;AAIA6B,iBAAOK,aAAP;AACAL,iBAAOmF,SAAP,CAAiBhH,QAAjB;AACD,SAnOO;AAqOR4C,cAAM,UAAS5C,QAAT,EAAmB;AACvBA,qBAAW9B,EAAE0G,UAAF,CAAa5E,QAAb,IACPA,QADO,GAEP,YAAU,CAAE,CAFhB;AAIA6B,iBAAOK,aAAP;AACAL,iBAAOoF,SAAP,CAAiBjH,QAAjB;AACD,SA5OO;AA8ORgH,mBAAW,UAAShH,QAAT,EAAmB;AAC5BA,qBAAW9B,EAAE0G,UAAF,CAAa5E,QAAb,IACPA,QADO,GAEP,YAAU,CAAE,CAFhB;;AAIA,cAAI6B,OAAOkE,EAAP,CAAUgB,SAAV,MAAyB,CAAClF,OAAOkE,EAAP,CAAUC,MAAV,EAA9B,EAAmD;AAEjDnE,mBAAOqF,UAAP;AACArF,mBAAOsC,UAAP;AACAtC,mBAAOoB,GAAP,CAAWqB,QAAX;AACAzC,mBAAOoB,GAAP,CAAWmB,YAAX;AACAvC,mBAAOoB,GAAP,CAAWoB,IAAX;AACAxC,mBAAOoB,GAAP,CAAWgD,SAAX;;AAEA,gBAAI,CAAC7F,SAAS8F,aAAV,IAA2BrE,OAAOsF,MAAP,CAAcnB,MAAd,EAA/B,EAAwD;AACtDnE,qBAAOuF,UAAP,CAAkBvF,OAAOmF,SAAzB;AACD,aAFD,MAGK;AACH5G,uBAASiH,MAAT,CAAgB1H,IAAhB,CAAqB4B,OAArB;;AACA,kBAAGnB,SAASkH,UAAT,IAAuBpJ,EAAEO,EAAF,CAAK6I,UAAL,KAAoBjJ,SAA3C,IAAwDuC,QAAQ0G,UAAR,CAAmB,cAAnB,CAA3D,EAA+F;AAC7FzF,uBAAOW,KAAP,CAAa,mCAAb;AACA5B,wBACG0G,UADH,CACc;AACV9E,yBAAcpC,SAASoC,KADb;AAEV+E,6BAAcnH,SAASkH,UAAT,GAAsB,KAF1B;AAGVE,yBAAcpH,SAASoH,KAHb;AAIV9E,4BAActC,SAASsC,QAJb;AAKV+E,+BAAc,IALJ;AAMVC,8BAAa,YAAW;AACtBtH,6BAASuH,SAAT,CAAmBC,KAAnB,CAAyBrG,OAAzB;AACAM,2BAAO2C,GAAP,CAAWqD,iBAAX;AACAhG,2BAAOiG,IAAP,CAAYC,KAAZ;AACAlG,2BAAOoB,GAAP,CAAW+C,MAAX;;AACA,wBAAG5F,SAAS4H,SAAZ,EAAuB;AACrBnG,6BAAOoB,GAAP,CAAW+E,SAAX;AACD;;AACDhI;AACD;AAfS,iBADd;AAmBD,eArBD,MAsBK;AACH6B,uBAAOpB,KAAP,CAAaA,MAAMwH,YAAnB;AACD;AACF;AACF,WAxCD,MAyCK;AACHpG,mBAAOW,KAAP,CAAa,0BAAb;AACD;AACF,SA/RO;AAiSRyE,mBAAW,UAASjH,QAAT,EAAmBkI,UAAnB,EAA+B;AACxClI,qBAAW9B,EAAE0G,UAAF,CAAa5E,QAAb,IACPA,QADO,GAEP,YAAU,CAAE,CAFhB;AAIA6B,iBAAOW,KAAP,CAAa,cAAb;;AACA,cAAGpC,SAAS+H,MAAT,CAAgBxI,IAAhB,CAAqB4B,OAArB,EAA8BrD,EAAE,IAAF,CAA9B,MAA2C,KAA9C,EAAqD;AACnD2D,mBAAOE,OAAP,CAAe,8CAAf;AACA;AACD;;AAED,cAAIF,OAAOkE,EAAP,CAAUgB,SAAV,MAAyBlF,OAAOkE,EAAP,CAAUC,MAAV,EAA7B,EAAkD;AAChD,gBAAG5F,SAASkH,UAAT,IAAuBpJ,EAAEO,EAAF,CAAK6I,UAAL,KAAoBjJ,SAA3C,IAAwDuC,QAAQ0G,UAAR,CAAmB,cAAnB,CAA3D,EAA+F;AAC7FzF,qBAAOoC,MAAP,CAAc+B,MAAd;AACApF,sBACG0G,UADH,CACc;AACV9E,uBAAcpC,SAASoC,KADb;AAEV+E,2BAAcnH,SAASkH,UAAT,GAAsB,MAF1B;AAGVE,uBAAcpH,SAASoH,KAHb;AAIV9E,0BAActC,SAASsC,QAJb;AAKV+E,6BAAc,IALJ;AAMVW,yBAAc,YAAW;AACvB,sBAAG,CAACvG,OAAOsF,MAAP,CAAcnB,MAAd,EAAD,IAA2B,CAACkC,UAA/B,EAA2C;AACzCrG,2BAAOwG,UAAP;AACD;;AACDxG,yBAAOoC,MAAP,CAAc4D,iBAAd;AACD,iBAXS;AAYVH,4BAAa,YAAW;AACtBtH,2BAASkI,QAAT,CAAkB3I,IAAlB,CAAuB4B,OAAvB;AACAM,yBAAO0G,OAAP,CAAeR,KAAf;AACA/H;AACD;AAhBS,eADd;AAoBD,aAtBD,MAuBK;AACH6B,qBAAOpB,KAAP,CAAaA,MAAMwH,YAAnB;AACD;AACF;AACF,SAxUO;AA0URf,oBAAY,YAAW;AACrB,cAAG7F,UAAUY,MAAV,CAAiB,cAAjB,KAAoC,CAACZ,UAAUY,MAAV,CAAiB,WAAjB,CAAxC,EAAwE;AACtEJ,mBAAOW,KAAP,CAAa,gBAAb;AACAnB,sBAAUY,MAAV,CAAiB,MAAjB;AACD,WAHD,MAIK;AACHJ,mBAAOW,KAAP,CAAa,wBAAb;AACD;AACF,SAlVO;AAoVR6F,oBAAY,YAAW;AACrB,cAAIhH,UAAUY,MAAV,CAAiB,cAAjB,KAAqCZ,UAAUY,MAAV,CAAiB,WAAjB,CAAzC,EAA0E;AACxEZ,sBAAUY,MAAV,CAAiB,MAAjB,EAAyB,YAAW;AAClCJ,qBAAOoC,MAAP,CAAcgC,SAAd;AACApE,qBAAOoC,MAAP,CAAcG,YAAd;AACD,aAHD;AAID,WALD,MAMK;AACHvC,mBAAOW,KAAP,CAAa,mCAAb;AACA;AACD;AACF,SA/VO;AAiWR2D,iBAAS,UAASnG,QAAT,EAAmB;AAC1B,cACEwI,iBAAiBtH,WAAWuH,MAAX,CAAkB,MAAMlI,UAAUyF,MAAhB,GAAyB,KAAzB,GAAiCzF,UAAUwG,SAA7D,CADnB;AAGA/G,qBAAW9B,EAAE0G,UAAF,CAAa5E,QAAb,IACPA,QADO,GAEP,YAAU,CAAE,CAFhB;;AAIA,cAAIwI,eAAe1D,MAAf,GAAwB,CAA5B,EAAgC;AAC9BjD,mBAAOW,KAAP,CAAa,2BAAb;AACAX,mBAAOwG,UAAP;AACAG,2BACG9J,KADH,CACS,YADT,EACuBsB,QADvB;AAGD;AACF,SAhXO;AAkXRoH,oBAAY,UAASpH,QAAT,EAAmB;AAC7B,cACEwI,iBAAiBrH,aAAasH,MAAb,CAAoB,MAAMlI,UAAUyF,MAAhB,GAAyB,KAAzB,GAAiCzF,UAAUwG,SAA/D,CADnB;AAGA/G,qBAAW9B,EAAE0G,UAAF,CAAa5E,QAAb,IACPA,QADO,GAEP,YAAU,CAAE,CAFhB;;AAIA,cAAIwI,eAAe1D,MAAf,GAAwB,CAA5B,EAAgC;AAC9BjD,mBAAOW,KAAP,CAAa,qBAAb,EAAoCrB,YAApC;AACAqH,2BACG9J,KADH,CACS,YADT,EACuBsB,QADvB,EACiC,IADjC;AAGD;AACF,SAhYO;AAkYRmH,gBAAQ;AACNnB,kBAAQ,YAAW;AACjB,mBAAQ7E,aAAasH,MAAb,CAAoB,MAAMlI,UAAUyF,MAApC,EAA4ClB,MAA5C,GAAqD,CAA7D;AACD,WAHK;AAINiC,qBAAW,YAAW;AACpB,mBAAQ5F,aAAasH,MAAb,CAAoB,MAAMlI,UAAUwG,SAApC,EAA+CjC,MAA/C,GAAwD,CAAhE;AACD;AANK,SAlYA;AA4YRN,aAAK;AACHqD,6BAAmB,YAAW;AAC5BhG,mBAAOE,OAAP,CAAe,2BAAf;AACAjD,sBACGiG,EADH,CACM,UAAUrE,cADhB,EACgCmB,OAAO6C,KAAP,CAAa+B,QAD7C;AAGD;AANE,SA5YG;AAqZRqB,cAAM;AACJC,iBAAO,YAAW;AAChB3G,8BAAkBlD,EAAEE,SAASsK,aAAX,EAA0BC,IAA1B,EAAlB;AACD;AAHG,SArZE;AA2ZRJ,iBAAS;AACPR,iBAAO,YAAW;AAChB,gBAAG3G,mBAAmBA,gBAAgB0D,MAAhB,GAAyB,CAA/C,EAAkD;AAChD1D,8BAAgB2G,KAAhB;AACD;AACF;AALM,SA3ZD;AAmaR9D,gBAAQ;AACN+B,kBAAQ,YAAW;AACjBpF,oBAAQgI,WAAR,CAAoBrI,UAAUyF,MAA9B;AACD,WAHK;AAINC,qBAAW,YAAW;AACpB,gBAAG7F,SAASyG,QAAZ,EAAsB;AACpBvF,sBACGoC,GADH,CACO,UAAUhC,qBADjB;AAGD;AACF,WAVK;AAWNmH,qBAAW,YAAW;AACpB,gBAAG9J,MAAM+J,IAAN,CAAW,OAAX,MAAwB,EAA3B,EAA+B;AAC7BjH,qBAAOE,OAAP,CAAe,0BAAf;AACAhD,oBAAMgK,UAAN,CAAiB,OAAjB;AACD;AACF,WAhBK;AAiBN3E,wBAAc,YAAW;AACvBvC,mBAAOW,KAAP,CAAa,sBAAb;AACAzD,kBACGiK,GADH,CACO,QADP,EACiB,EADjB;AAGD,WAtBK;AAuBNnB,6BAAmB,YAAW;AAC5BhG,mBAAOE,OAAP,CAAe,6BAAf;AACAjD,sBACG4E,GADH,CACO,UAAUhD,cADjB;AAGD,WA5BK;AA6BNwD,qBAAW,YAAW;AACpB7C,sBAAUuH,WAAV,CAAsBrI,UAAU2D,SAAhC;AACAtD,oBAAQgI,WAAR,CAAoBrI,UAAU2D,SAA9B;AACD;AAhCK,SAnaA;AAscRC,oBAAY,YAAW;AACrB,cACE8E,cAAcrI,QAAQsI,WAAR,EADhB;;AAGA,cAAGrH,OAAOsH,KAAP,KAAiB9K,SAAjB,IAA8B4K,gBAAgB,CAAjD,EAAoD;AAClDpH,mBAAOsH,KAAP,GAAe;AACbC,0BAAgBlL,EAAEE,QAAF,EAAY8K,WAAZ,EADH;AAEbG,sBAAgBJ,cAAc7I,SAASkJ,MAF1B;AAGbC,6BAAiBnJ,SAASU,OAAT,IAAoB,MAArB,GACZ5C,EAAEC,MAAF,EAAUkL,MAAV,EADY,GAEZhI,UAAUgI,MAAV;AALS,aAAf;AAOD;;AACDxH,iBAAOW,KAAP,CAAa,mCAAb,EAAkDX,OAAOsH,KAAzD;AACD,SApdO;AAsdRK,aAAK;AACHC,eAAK,YAAW;AACd,mBAAW5H,OAAOsH,KAAP,CAAaE,MAAb,GAAuBjJ,SAASsJ,OAAT,GAAmB,CAA5C,GAAmD7H,OAAOsH,KAAP,CAAaI,aAAzE;AACD;AAHE,SAtdG;AA4dRxD,YAAI;AACFC,kBAAQ,YAAW;AACjB,mBAAOpF,QAAQ+I,QAAR,CAAiBpJ,UAAUyF,MAA3B,CAAP;AACD,WAHC;AAIFe,qBAAW,YAAW;AACpB,mBAAOnG,QAAQ0G,UAAR,CAAmB,cAAnB,IACH1G,QAAQ0G,UAAR,CAAmB,cAAnB,CADG,GAEH1G,QAAQmF,EAAR,CAAW,UAAX,CAFJ;AAID,WATC;AAUF7B,qBAAW,YAAW;AACpB,mBAAO7C,UAAUsI,QAAV,CAAmBpJ,UAAU2D,SAA7B,CAAP;AACD,WAZC;AAaF0F,yBAAe,YAAW;AACxB;AACA,mBAAO,EAAEzL,OAAO0L,aAAP,IAAwB,mBAAmB1L,MAA7C,CAAP;AACD;AAhBC,SA5dI;AA+eR8E,aAAK;AACH+E,qBAAW,YAAW;AACpB,gBACE8B,UAAalJ,QAAQI,IAAR,CAAa,QAAb,EAAuByH,MAAvB,CAA8B,UAA9B,CADf;AAAA,gBAEEsB,aAAaD,QAAQrB,MAAR,CAAe,aAAf,CAFf;AAAA,gBAGEuB,SAAcD,WAAWjF,MAAX,GAAoB,CAArB,GACTiF,WAAWE,KAAX,EADS,GAETH,QAAQG,KAAR,EALN;;AAOA,gBAAGD,OAAOlF,MAAP,GAAgB,CAAnB,EAAsB;AACpBkF,qBAAOjC,KAAP;AACD;AACF,WAZE;AAaH9B,qBAAW,YAAW;AACpB,gBAAG7F,SAASyG,QAAZ,EAAsB;AACpBvF,sBACGyD,EADH,CACM,UAAUrD,qBADhB,EACuCG,OAAO6C,KAAP,CAAaa,KADpD;AAGD;AACF,WAnBE;AAoBHnB,wBAAc,YAAW;AACvB,gBAAIvC,OAAO2H,GAAP,CAAWC,GAAX,EAAJ,EAAuB;AACrB1K,oBAAMiK,GAAN,CAAU,QAAV,EAAoB,EAApB;AACD,aAFD,MAGK;AACHnH,qBAAOW,KAAP,CAAa,yDAAb;AACAzD,oBACGiK,GADH,CACO,QADP,EACiBnH,OAAOsH,KAAP,CAAaE,MAAb,GAAuBjJ,SAASsJ,OAAT,GAAmB,CAD3D;AAGD;AACF,WA9BE;AA+BH1D,kBAAQ,YAAW;AACjBpF,oBAAQwC,QAAR,CAAiB7C,UAAUyF,MAA3B;AACD,WAjCE;AAkCH9B,qBAAW,YAAW;AACpB7C,sBAAU+B,QAAV,CAAmB7C,UAAU2D,SAA7B;AACAtD,oBAAQwC,QAAR,CAAiB7C,UAAU2D,SAA3B;AACD,WArCE;AAsCHG,gBAAM,YAAW;AACf,gBAAGxC,OAAO2H,GAAP,CAAWC,GAAX,EAAH,EAAqB;AACnB5H,qBAAOE,OAAP,CAAe,sBAAf;;AACA,kBAAG,CAACF,OAAOsF,MAAP,CAAcnB,MAAd,EAAD,IAA2B,CAACnE,OAAOsF,MAAP,CAAcJ,SAAd,EAA/B,EAA0D;AACxDlF,uBAAOoC,MAAP,CAAcC,SAAd;AACD;AACF,aALD,MAMK;AACHrC,qBAAOE,OAAP,CAAe,iDAAf;AACAF,qBAAOoB,GAAP,CAAWiB,SAAX;AACD;AACF,WAjDE;AAkDHI,oBAAU,YAAW;AACnBzC,mBAAOE,OAAP,CAAe,yBAAf,EAA0CF,OAAOsH,KAAjD;;AACA,gBAAGtH,OAAO2H,GAAP,CAAWC,GAAX,EAAH,EAAqB;AACnB7I,sBACGoI,GADH,CACO;AACHkB,qBAAK,EADF;AAEHC,2BAAW,EAAEtI,OAAOsH,KAAP,CAAaE,MAAb,GAAsB,CAAxB;AAFR,eADP;AAMD,aAPD,MAQK;AACHzI,sBACGoI,GADH,CACO;AACHmB,2BAAY,EADT;AAEHD,qBAAYpL,UAAUsL,SAAV;AAFT,eADP;AAMD;AACF,WApEE;AAqEHlH,sBAAY,YAAW;AACrB7B,sBAAU+B,QAAV,CAAmB7C,UAAU2C,UAA7B;AACD;AAvEE,SA/eG;AAyjBRmH,iBAAS,UAASC,IAAT,EAAeC,KAAf,EAAsB;AAC7B1I,iBAAOW,KAAP,CAAa,kBAAb,EAAiC8H,IAAjC,EAAuCC,KAAvC;;AACA,cAAIrM,EAAEmC,aAAF,CAAgBiK,IAAhB,CAAJ,EAA4B;AAC1BpM,cAAEoC,MAAF,CAAS,IAAT,EAAeF,QAAf,EAAyBkK,IAAzB;AACD,WAFD,MAGK,IAAGC,UAAUlM,SAAb,EAAwB;AAC3B,gBAAGH,EAAEmC,aAAF,CAAgBD,SAASkK,IAAT,CAAhB,CAAH,EAAoC;AAClCpM,gBAAEoC,MAAF,CAAS,IAAT,EAAeF,SAASkK,IAAT,CAAf,EAA+BC,KAA/B;AACD,aAFD,MAGK;AACHnK,uBAASkK,IAAT,IAAiBC,KAAjB;AACD;AACF,WAPI,MAQA;AACH,mBAAOnK,SAASkK,IAAT,CAAP;AACD;AACF,SAzkBO;AA0kBRE,kBAAU,UAASF,IAAT,EAAeC,KAAf,EAAsB;AAC9B,cAAIrM,EAAEmC,aAAF,CAAgBiK,IAAhB,CAAJ,EAA4B;AAC1BpM,cAAEoC,MAAF,CAAS,IAAT,EAAeuB,MAAf,EAAuByI,IAAvB;AACD,WAFD,MAGK,IAAGC,UAAUlM,SAAb,EAAwB;AAC3BwD,mBAAOyI,IAAP,IAAeC,KAAf;AACD,WAFI,MAGA;AACH,mBAAO1I,OAAOyI,IAAP,CAAP;AACD;AACF,SAplBO;AAqlBR9H,eAAO,YAAW;AAChB,cAAG,CAACpC,SAASqK,MAAV,IAAoBrK,SAASoC,KAAhC,EAAuC;AACrC,gBAAGpC,SAASf,WAAZ,EAAyB;AACvBwC,qBAAOxC,WAAP,CAAmBqL,GAAnB,CAAuBnL,SAAvB;AACD,aAFD,MAGK;AACHsC,qBAAOW,KAAP,GAAehE,SAASmM,SAAT,CAAmBxI,IAAnB,CAAwBxC,IAAxB,CAA6BiL,QAAQC,IAArC,EAA2CD,OAA3C,EAAoDxK,SAASkK,IAAT,GAAgB,GAApE,CAAf;AACAzI,qBAAOW,KAAP,CAAaoF,KAAb,CAAmBgD,OAAnB,EAA4BrL,SAA5B;AACD;AACF;AACF,SA/lBO;AAgmBRwC,iBAAS,YAAW;AAClB,cAAG,CAAC3B,SAASqK,MAAV,IAAoBrK,SAAS2B,OAA7B,IAAwC3B,SAASoC,KAApD,EAA2D;AACzD,gBAAGpC,SAASf,WAAZ,EAAyB;AACvBwC,qBAAOxC,WAAP,CAAmBqL,GAAnB,CAAuBnL,SAAvB;AACD,aAFD,MAGK;AACHsC,qBAAOE,OAAP,GAAiBvD,SAASmM,SAAT,CAAmBxI,IAAnB,CAAwBxC,IAAxB,CAA6BiL,QAAQC,IAArC,EAA2CD,OAA3C,EAAoDxK,SAASkK,IAAT,GAAgB,GAApE,CAAjB;AACAzI,qBAAOE,OAAP,CAAe6F,KAAf,CAAqBgD,OAArB,EAA8BrL,SAA9B;AACD;AACF;AACF,SA1mBO;AA2mBRkB,eAAO,YAAW;AAChB,cAAG,CAACL,SAASqK,MAAb,EAAqB;AACnB5I,mBAAOpB,KAAP,GAAejC,SAASmM,SAAT,CAAmBxI,IAAnB,CAAwBxC,IAAxB,CAA6BiL,QAAQnK,KAArC,EAA4CmK,OAA5C,EAAqDxK,SAASkK,IAAT,GAAgB,GAArE,CAAf;AACAzI,mBAAOpB,KAAP,CAAamH,KAAb,CAAmBgD,OAAnB,EAA4BrL,SAA5B;AACD;AACF,SAhnBO;AAinBRF,qBAAa;AACXqL,eAAK,UAASI,OAAT,EAAkB;AACrB,gBACEC,WADF,EAEEC,aAFF,EAGEC,YAHF;;AAKA,gBAAG7K,SAASf,WAAZ,EAAyB;AACvB0L,4BAAgB,IAAI5L,IAAJ,GAAWC,OAAX,EAAhB;AACA6L,6BAAgB/L,QAAQ6L,WAAxB;AACAC,8BAAgBD,cAAcE,YAA9B;AACA/L,qBAAgB6L,WAAhB;AACA1L,0BAAY6L,IAAZ,CAAiB;AACf,wBAAmBJ,QAAQ,CAAR,CADJ;AAEf,6BAAmB,GAAGpL,KAAH,CAASC,IAAT,CAAcmL,OAAd,EAAuB,CAAvB,KAA6B,EAFjC;AAGf,2BAAmBvJ,OAHJ;AAIf,kCAAmByJ;AAJJ,eAAjB;AAMD;;AACDzE,yBAAa1E,OAAOxC,WAAP,CAAmBmH,KAAhC;AACA3E,mBAAOxC,WAAP,CAAmBmH,KAAnB,GAA2BvG,WAAW4B,OAAOxC,WAAP,CAAmB8L,OAA9B,EAAuC,GAAvC,CAA3B;AACD,WArBU;AAsBXA,mBAAS,YAAW;AAClB,gBACEC,QAAQhL,SAASkK,IAAT,GAAgB,GAD1B;AAAA,gBAEEe,YAAY,CAFd;AAIAnM,mBAAO,KAAP;AACAqH,yBAAa1E,OAAOxC,WAAP,CAAmBmH,KAAhC;AACAtI,cAAEiC,IAAF,CAAOd,WAAP,EAAoB,UAASiM,KAAT,EAAgB7J,IAAhB,EAAsB;AACxC4J,2BAAa5J,KAAK,gBAAL,CAAb;AACD,aAFD;AAGA2J,qBAAS,MAAMC,SAAN,GAAkB,IAA3B;;AACA,gBAAGrM,cAAH,EAAmB;AACjBoM,uBAAS,QAAQpM,cAAR,GAAyB,IAAlC;AACD;;AACD,gBAAI,CAAC4L,QAAQW,KAAR,KAAkBlN,SAAlB,IAA+BuM,QAAQY,KAAR,KAAkBnN,SAAlD,KAAgEgB,YAAYyF,MAAZ,GAAqB,CAAzF,EAA4F;AAC1F8F,sBAAQa,cAAR,CAAuBL,KAAvB;;AACA,kBAAGR,QAAQY,KAAX,EAAkB;AAChBZ,wBAAQY,KAAR,CAAcnM,WAAd;AACD,eAFD,MAGK;AACHnB,kBAAEiC,IAAF,CAAOd,WAAP,EAAoB,UAASiM,KAAT,EAAgB7J,IAAhB,EAAsB;AACxCmJ,0BAAQF,GAAR,CAAYjJ,KAAK,MAAL,IAAe,IAAf,GAAsBA,KAAK,gBAAL,CAAtB,GAA6C,IAAzD;AACD,iBAFD;AAGD;;AACDmJ,sBAAQc,QAAR;AACD;;AACDrM,0BAAc,EAAd;AACD;AAjDU,SAjnBL;AAoqBRsM,gBAAQ,UAASrM,KAAT,EAAgBsM,eAAhB,EAAiC9K,OAAjC,EAA0C;AAChD,cACE+K,SAASrK,QADX;AAAA,cAEEsK,QAFF;AAAA,cAGEC,KAHF;AAAA,cAIEC,QAJF;AAMAJ,4BAAkBA,mBAAmBnM,cAArC;AACAqB,oBAAkBS,WAAmBT,OAArC;;AACA,cAAG,OAAOxB,KAAP,IAAgB,QAAhB,IAA4BuM,WAAWxN,SAA1C,EAAqD;AACnDiB,oBAAWA,MAAM2M,KAAN,CAAY,OAAZ,CAAX;AACAH,uBAAWxM,MAAMwF,MAAN,GAAe,CAA1B;AACA5G,cAAEiC,IAAF,CAAOb,KAAP,EAAc,UAAS4M,KAAT,EAAgB3B,KAAhB,EAAuB;AACnC,kBAAI4B,iBAAkBD,SAASJ,QAAV,GACjBvB,QAAQjL,MAAM4M,QAAQ,CAAd,EAAiBE,MAAjB,CAAwB,CAAxB,EAA2BC,WAA3B,EAAR,GAAmD/M,MAAM4M,QAAQ,CAAd,EAAiBxM,KAAjB,CAAuB,CAAvB,CADlC,GAEjBJ,KAFJ;;AAIA,kBAAIpB,EAAEmC,aAAF,CAAiBwL,OAAOM,cAAP,CAAjB,KAA8CD,SAASJ,QAA3D,EAAuE;AACrED,yBAASA,OAAOM,cAAP,CAAT;AACD,eAFD,MAGK,IAAIN,OAAOM,cAAP,MAA2B9N,SAA/B,EAA2C;AAC9C0N,wBAAQF,OAAOM,cAAP,CAAR;AACA,uBAAO,KAAP;AACD,eAHI,MAIA,IAAIjO,EAAEmC,aAAF,CAAiBwL,OAAOtB,KAAP,CAAjB,KAAqC2B,SAASJ,QAAlD,EAA8D;AACjED,yBAASA,OAAOtB,KAAP,CAAT;AACD,eAFI,MAGA,IAAIsB,OAAOtB,KAAP,MAAkBlM,SAAtB,EAAkC;AACrC0N,wBAAQF,OAAOtB,KAAP,CAAR;AACA,uBAAO,KAAP;AACD,eAHI,MAIA;AACH,uBAAO,KAAP;AACD;AACF,aAtBD;AAuBD;;AACD,cAAKrM,EAAE0G,UAAF,CAAcmH,KAAd,CAAL,EAA6B;AAC3BC,uBAAWD,MAAMnE,KAAN,CAAY9G,OAAZ,EAAqB8K,eAArB,CAAX;AACD,WAFD,MAGK,IAAGG,UAAU1N,SAAb,EAAwB;AAC3B2N,uBAAWD,KAAX;AACD;;AACD,cAAG7N,EAAEoO,OAAF,CAAUpM,aAAV,CAAH,EAA6B;AAC3BA,0BAAcgL,IAAd,CAAmBc,QAAnB;AACD,WAFD,MAGK,IAAG9L,kBAAkB7B,SAArB,EAAgC;AACnC6B,4BAAgB,CAACA,aAAD,EAAgB8L,QAAhB,CAAhB;AACD,WAFI,MAGA,IAAGA,aAAa3N,SAAhB,EAA2B;AAC9B6B,4BAAgB8L,QAAhB;AACD;;AACD,iBAAOD,KAAP;AACD;AAxtBO,OAAV;;AA2tBA,UAAGvM,aAAH,EAAkB;AAChB,YAAGgC,aAAanD,SAAhB,EAA2B;AACzBwD,iBAAOC,UAAP;AACD;;AACDD,eAAO8J,MAAP,CAAcrM,KAAd;AACD,OALD,MAMK;AACH,YAAGkC,aAAanD,SAAhB,EAA2B;AACzBmD,mBAASmK,MAAT,CAAgB,SAAhB;AACD;;AACD9J,eAAOC,UAAP;AACD;AACF,KAxwBH;AA2wBA,WAAQ5B,kBAAkB7B,SAAnB,GACH6B,aADG,GAEH,IAFJ;AAID,GAxyBD;;AA0yBAhC,IAAEO,EAAF,CAAKC,KAAL,CAAW0B,QAAX,GAAsB;AAEpBkK,UAAiB,OAFG;AAGpB9J,eAAiB,OAHG;AAKpBiK,YAAiB,KALG;AAMpBjI,WAAiB,KANG;AAOpBT,aAAiB,KAPG;AAQpB1C,iBAAiB,IARG;AAUpBgD,oBAAiB,KAVG;AAYpB6D,mBAAiB,KAZG;AAapBlD,gBAAiB,IAbG;AAcpB6D,cAAiB,IAdG;AAepBmB,eAAiB,IAfG;AAiBpBlF,cAAiB,KAjBG;AAkBpBK,cAAiB,KAlBG;AAoBpBN,oBAAiB;AACfgE,gBAAW,KADI;AAEf0F,cAAW;AAFI,KApBG;AA0BpBzL,aAAa,MA1BO;AA4BpB0G,WAAa,KA5BO;AA6BpB9E,cAAa,GA7BO;AA8BpB4G,YAAa,CA9BO;AA+BpBhC,gBAAa,OA/BO;AAiCpB;AACAoC,aAAa,EAlCO;AAoCpB;AACArC,YAAa,YAAU,CAAE,CArCL;AAuCpB;AACAM,eAAa,YAAU,CAAE,CAxCL;AA0CpB;AACAQ,YAAa,YAAU;AAAE,aAAO,IAAP;AAAc,KA3CnB;AA6CpB;AACAG,cAAa,YAAU,CAAE,CA9CL;AAgDpB;AACAjD,eAAa,YAAU;AAAE,aAAO,IAAP;AAAc,KAjDnB;AAmDpB;AACAC,YAAa,YAAU;AAAE,aAAO,IAAP;AAAc,KApDnB;AAsDpBrG,cAAc;AACZgC,aAAW,UADC;AAEZgE,eAAW,qDAFC;AAGZC,YAAW,sDAHC;AAIZxG,aAAW;AAJC,KAtDM;AA4DpB+B,WAAQ;AACNwB,cAAY,8DADN;AAENoE,cAAY,uCAFN;AAGNrB,gBAAY;AAHN,KA5DY;AAiEpBzE,eAAY;AACVyF,cAAa,QADH;AAEVe,iBAAa,WAFH;AAGV5D,gBAAa,UAHH;AAIVe,iBAAa,WAJH;AAKVhB,kBAAa;AALH;AAjEQ,GAAtB;AA2EC,CAh4BA,EAg4BGsJ,MAh4BH,EAg4BWrO,MAh4BX,EAg4BmBC,QAh4BnB","file":"client/lib/semantic-ui/definitions/modules/modal.js.map","sourcesContent":["/*\n  DO NOT MODIFY - This file has been generated and will be regenerated\n  Semantic UI v2.2.1\n*/\n/*!\n * # Semantic UI - Modal\n * http://github.com/semantic-org/semantic-ui/\n *\n *\n * Released under the MIT license\n * http://opensource.org/licenses/MIT\n *\n */\n\n;(function ($, window, document, undefined) {\n\n\"use strict\";\n\nwindow = (typeof window != 'undefined' && window.Math == Math)\n  ? window\n  : (typeof self != 'undefined' && self.Math == Math)\n    ? self\n    : Function('return this')()\n;\n\n$.fn.modal = function(parameters) {\n  var\n    $allModules    = $(this),\n    $window        = $(window),\n    $document      = $(document),\n    $body          = $('body'),\n\n    moduleSelector = $allModules.selector || '',\n\n    time           = new Date().getTime(),\n    performance    = [],\n\n    query          = arguments[0],\n    methodInvoked  = (typeof query == 'string'),\n    queryArguments = [].slice.call(arguments, 1),\n\n    requestAnimationFrame = window.requestAnimationFrame\n      || window.mozRequestAnimationFrame\n      || window.webkitRequestAnimationFrame\n      || window.msRequestAnimationFrame\n      || function(callback) { setTimeout(callback, 0); },\n\n    returnedValue\n  ;\n\n  $allModules\n    .each(function() {\n      var\n        settings    = ( $.isPlainObject(parameters) )\n          ? $.extend(true, {}, $.fn.modal.settings, parameters)\n          : $.extend({}, $.fn.modal.settings),\n\n        selector        = settings.selector,\n        className       = settings.className,\n        namespace       = settings.namespace,\n        error           = settings.error,\n\n        eventNamespace  = '.' + namespace,\n        moduleNamespace = 'module-' + namespace,\n\n        $module         = $(this),\n        $context        = $(settings.context),\n        $close          = $module.find(selector.close),\n\n        $allModals,\n        $otherModals,\n        $focusedElement,\n        $dimmable,\n        $dimmer,\n\n        element         = this,\n        instance        = $module.data(moduleNamespace),\n\n        elementEventNamespace,\n        id,\n        observer,\n        module\n      ;\n      module  = {\n\n        initialize: function() {\n          module.verbose('Initializing dimmer', $context);\n\n          module.create.id();\n          module.create.dimmer();\n          module.refreshModals();\n\n          module.bind.events();\n          if(settings.observeChanges) {\n            module.observeChanges();\n          }\n          module.instantiate();\n        },\n\n        instantiate: function() {\n          module.verbose('Storing instance of modal');\n          instance = module;\n          $module\n            .data(moduleNamespace, instance)\n          ;\n        },\n\n        create: {\n          dimmer: function() {\n            var\n              defaultSettings = {\n                debug      : settings.debug,\n                dimmerName : 'modals',\n                duration   : {\n                  show     : settings.duration,\n                  hide     : settings.duration\n                }\n              },\n              dimmerSettings = $.extend(true, defaultSettings, settings.dimmerSettings)\n            ;\n            if(settings.inverted) {\n              dimmerSettings.variation = (dimmerSettings.variation !== undefined)\n                ? dimmerSettings.variation + ' inverted'\n                : 'inverted'\n              ;\n            }\n            if($.fn.dimmer === undefined) {\n              module.error(error.dimmer);\n              return;\n            }\n            module.debug('Creating dimmer with settings', dimmerSettings);\n            $dimmable = $context.dimmer(dimmerSettings);\n            if(settings.detachable) {\n              module.verbose('Modal is detachable, moving content into dimmer');\n              $dimmable.dimmer('add content', $module);\n            }\n            else {\n              module.set.undetached();\n            }\n            if(settings.blurring) {\n              $dimmable.addClass(className.blurring);\n            }\n            $dimmer = $dimmable.dimmer('get dimmer');\n          },\n          id: function() {\n            id = (Math.random().toString(16) + '000000000').substr(2,8);\n            elementEventNamespace = '.' + id;\n            module.verbose('Creating unique id for element', id);\n          }\n        },\n\n        destroy: function() {\n          module.verbose('Destroying previous modal');\n          $module\n            .removeData(moduleNamespace)\n            .off(eventNamespace)\n          ;\n          $window.off(elementEventNamespace);\n          $dimmer.off(elementEventNamespace);\n          $close.off(eventNamespace);\n          $context.dimmer('destroy');\n        },\n\n        observeChanges: function() {\n          if('MutationObserver' in window) {\n            observer = new MutationObserver(function(mutations) {\n              module.debug('DOM tree modified, refreshing');\n              module.refresh();\n            });\n            observer.observe(element, {\n              childList : true,\n              subtree   : true\n            });\n            module.debug('Setting up mutation observer', observer);\n          }\n        },\n\n        refresh: function() {\n          module.remove.scrolling();\n          module.cacheSizes();\n          module.set.screenHeight();\n          module.set.type();\n          module.set.position();\n        },\n\n        refreshModals: function() {\n          $otherModals = $module.siblings(selector.modal);\n          $allModals   = $otherModals.add($module);\n        },\n\n        attachEvents: function(selector, event) {\n          var\n            $toggle = $(selector)\n          ;\n          event = $.isFunction(module[event])\n            ? module[event]\n            : module.toggle\n          ;\n          if($toggle.length > 0) {\n            module.debug('Attaching modal events to element', selector, event);\n            $toggle\n              .off(eventNamespace)\n              .on('click' + eventNamespace, event)\n            ;\n          }\n          else {\n            module.error(error.notFound, selector);\n          }\n        },\n\n        bind: {\n          events: function() {\n            module.verbose('Attaching events');\n            $module\n              .on('click' + eventNamespace, selector.close, module.event.close)\n              .on('click' + eventNamespace, selector.approve, module.event.approve)\n              .on('click' + eventNamespace, selector.deny, module.event.deny)\n            ;\n            $window\n              .on('resize' + elementEventNamespace, module.event.resize)\n            ;\n          }\n        },\n\n        get: {\n          id: function() {\n            return (Math.random().toString(16) + '000000000').substr(2,8);\n          }\n        },\n\n        event: {\n          approve: function() {\n            if(settings.onApprove.call(element, $(this)) === false) {\n              module.verbose('Approve callback returned false cancelling hide');\n              return;\n            }\n            module.hide();\n          },\n          deny: function() {\n            if(settings.onDeny.call(element, $(this)) === false) {\n              module.verbose('Deny callback returned false cancelling hide');\n              return;\n            }\n            module.hide();\n          },\n          close: function() {\n            module.hide();\n          },\n          click: function(event) {\n            var\n              $target   = $(event.target),\n              isInModal = ($target.closest(selector.modal).length > 0),\n              isInDOM   = $.contains(document.documentElement, event.target)\n            ;\n            if(!isInModal && isInDOM) {\n              module.debug('Dimmer clicked, hiding all modals');\n              if( module.is.active() ) {\n                module.remove.clickaway();\n                if(settings.allowMultiple) {\n                  module.hide();\n                }\n                else {\n                  module.hideAll();\n                }\n              }\n            }\n          },\n          debounce: function(method, delay) {\n            clearTimeout(module.timer);\n            module.timer = setTimeout(method, delay);\n          },\n          keyboard: function(event) {\n            var\n              keyCode   = event.which,\n              escapeKey = 27\n            ;\n            if(keyCode == escapeKey) {\n              if(settings.closable) {\n                module.debug('Escape key pressed hiding modal');\n                module.hide();\n              }\n              else {\n                module.debug('Escape key pressed, but closable is set to false');\n              }\n              event.preventDefault();\n            }\n          },\n          resize: function() {\n            if( $dimmable.dimmer('is active') ) {\n              requestAnimationFrame(module.refresh);\n            }\n          }\n        },\n\n        toggle: function() {\n          if( module.is.active() || module.is.animating() ) {\n            module.hide();\n          }\n          else {\n            module.show();\n          }\n        },\n\n        show: function(callback) {\n          callback = $.isFunction(callback)\n            ? callback\n            : function(){}\n          ;\n          module.refreshModals();\n          module.showModal(callback);\n        },\n\n        hide: function(callback) {\n          callback = $.isFunction(callback)\n            ? callback\n            : function(){}\n          ;\n          module.refreshModals();\n          module.hideModal(callback);\n        },\n\n        showModal: function(callback) {\n          callback = $.isFunction(callback)\n            ? callback\n            : function(){}\n          ;\n          if( module.is.animating() || !module.is.active() ) {\n\n            module.showDimmer();\n            module.cacheSizes();\n            module.set.position();\n            module.set.screenHeight();\n            module.set.type();\n            module.set.clickaway();\n\n            if( !settings.allowMultiple && module.others.active() ) {\n              module.hideOthers(module.showModal);\n            }\n            else {\n              settings.onShow.call(element);\n              if(settings.transition && $.fn.transition !== undefined && $module.transition('is supported')) {\n                module.debug('Showing modal with css animations');\n                $module\n                  .transition({\n                    debug       : settings.debug,\n                    animation   : settings.transition + ' in',\n                    queue       : settings.queue,\n                    duration    : settings.duration,\n                    useFailSafe : true,\n                    onComplete : function() {\n                      settings.onVisible.apply(element);\n                      module.add.keyboardShortcuts();\n                      module.save.focus();\n                      module.set.active();\n                      if(settings.autofocus) {\n                        module.set.autofocus();\n                      }\n                      callback();\n                    }\n                  })\n                ;\n              }\n              else {\n                module.error(error.noTransition);\n              }\n            }\n          }\n          else {\n            module.debug('Modal is already visible');\n          }\n        },\n\n        hideModal: function(callback, keepDimmed) {\n          callback = $.isFunction(callback)\n            ? callback\n            : function(){}\n          ;\n          module.debug('Hiding modal');\n          if(settings.onHide.call(element, $(this)) === false) {\n            module.verbose('Hide callback returned false cancelling hide');\n            return;\n          }\n\n          if( module.is.animating() || module.is.active() ) {\n            if(settings.transition && $.fn.transition !== undefined && $module.transition('is supported')) {\n              module.remove.active();\n              $module\n                .transition({\n                  debug       : settings.debug,\n                  animation   : settings.transition + ' out',\n                  queue       : settings.queue,\n                  duration    : settings.duration,\n                  useFailSafe : true,\n                  onStart     : function() {\n                    if(!module.others.active() && !keepDimmed) {\n                      module.hideDimmer();\n                    }\n                    module.remove.keyboardShortcuts();\n                  },\n                  onComplete : function() {\n                    settings.onHidden.call(element);\n                    module.restore.focus();\n                    callback();\n                  }\n                })\n              ;\n            }\n            else {\n              module.error(error.noTransition);\n            }\n          }\n        },\n\n        showDimmer: function() {\n          if($dimmable.dimmer('is animating') || !$dimmable.dimmer('is active') ) {\n            module.debug('Showing dimmer');\n            $dimmable.dimmer('show');\n          }\n          else {\n            module.debug('Dimmer already visible');\n          }\n        },\n\n        hideDimmer: function() {\n          if( $dimmable.dimmer('is animating') || ($dimmable.dimmer('is active')) ) {\n            $dimmable.dimmer('hide', function() {\n              module.remove.clickaway();\n              module.remove.screenHeight();\n            });\n          }\n          else {\n            module.debug('Dimmer is not visible cannot hide');\n            return;\n          }\n        },\n\n        hideAll: function(callback) {\n          var\n            $visibleModals = $allModals.filter('.' + className.active + ', .' + className.animating)\n          ;\n          callback = $.isFunction(callback)\n            ? callback\n            : function(){}\n          ;\n          if( $visibleModals.length > 0 ) {\n            module.debug('Hiding all visible modals');\n            module.hideDimmer();\n            $visibleModals\n              .modal('hide modal', callback)\n            ;\n          }\n        },\n\n        hideOthers: function(callback) {\n          var\n            $visibleModals = $otherModals.filter('.' + className.active + ', .' + className.animating)\n          ;\n          callback = $.isFunction(callback)\n            ? callback\n            : function(){}\n          ;\n          if( $visibleModals.length > 0 ) {\n            module.debug('Hiding other modals', $otherModals);\n            $visibleModals\n              .modal('hide modal', callback, true)\n            ;\n          }\n        },\n\n        others: {\n          active: function() {\n            return ($otherModals.filter('.' + className.active).length > 0);\n          },\n          animating: function() {\n            return ($otherModals.filter('.' + className.animating).length > 0);\n          }\n        },\n\n\n        add: {\n          keyboardShortcuts: function() {\n            module.verbose('Adding keyboard shortcuts');\n            $document\n              .on('keyup' + eventNamespace, module.event.keyboard)\n            ;\n          }\n        },\n\n        save: {\n          focus: function() {\n            $focusedElement = $(document.activeElement).blur();\n          }\n        },\n\n        restore: {\n          focus: function() {\n            if($focusedElement && $focusedElement.length > 0) {\n              $focusedElement.focus();\n            }\n          }\n        },\n\n        remove: {\n          active: function() {\n            $module.removeClass(className.active);\n          },\n          clickaway: function() {\n            if(settings.closable) {\n              $dimmer\n                .off('click' + elementEventNamespace)\n              ;\n            }\n          },\n          bodyStyle: function() {\n            if($body.attr('style') === '') {\n              module.verbose('Removing style attribute');\n              $body.removeAttr('style');\n            }\n          },\n          screenHeight: function() {\n            module.debug('Removing page height');\n            $body\n              .css('height', '')\n            ;\n          },\n          keyboardShortcuts: function() {\n            module.verbose('Removing keyboard shortcuts');\n            $document\n              .off('keyup' + eventNamespace)\n            ;\n          },\n          scrolling: function() {\n            $dimmable.removeClass(className.scrolling);\n            $module.removeClass(className.scrolling);\n          }\n        },\n\n        cacheSizes: function() {\n          var\n            modalHeight = $module.outerHeight()\n          ;\n          if(module.cache === undefined || modalHeight !== 0) {\n            module.cache = {\n              pageHeight    : $(document).outerHeight(),\n              height        : modalHeight + settings.offset,\n              contextHeight : (settings.context == 'body')\n                ? $(window).height()\n                : $dimmable.height()\n            };\n          }\n          module.debug('Caching modal and container sizes', module.cache);\n        },\n\n        can: {\n          fit: function() {\n            return ( ( module.cache.height + (settings.padding * 2) ) < module.cache.contextHeight);\n          }\n        },\n\n        is: {\n          active: function() {\n            return $module.hasClass(className.active);\n          },\n          animating: function() {\n            return $module.transition('is supported')\n              ? $module.transition('is animating')\n              : $module.is(':visible')\n            ;\n          },\n          scrolling: function() {\n            return $dimmable.hasClass(className.scrolling);\n          },\n          modernBrowser: function() {\n            // appName for IE11 reports 'Netscape' can no longer use\n            return !(window.ActiveXObject || \"ActiveXObject\" in window);\n          }\n        },\n\n        set: {\n          autofocus: function() {\n            var\n              $inputs    = $module.find(':input').filter(':visible'),\n              $autofocus = $inputs.filter('[autofocus]'),\n              $input     = ($autofocus.length > 0)\n                ? $autofocus.first()\n                : $inputs.first()\n            ;\n            if($input.length > 0) {\n              $input.focus();\n            }\n          },\n          clickaway: function() {\n            if(settings.closable) {\n              $dimmer\n                .on('click' + elementEventNamespace, module.event.click)\n              ;\n            }\n          },\n          screenHeight: function() {\n            if( module.can.fit() ) {\n              $body.css('height', '');\n            }\n            else {\n              module.debug('Modal is taller than page content, resizing page height');\n              $body\n                .css('height', module.cache.height + (settings.padding * 2) )\n              ;\n            }\n          },\n          active: function() {\n            $module.addClass(className.active);\n          },\n          scrolling: function() {\n            $dimmable.addClass(className.scrolling);\n            $module.addClass(className.scrolling);\n          },\n          type: function() {\n            if(module.can.fit()) {\n              module.verbose('Modal fits on screen');\n              if(!module.others.active() && !module.others.animating()) {\n                module.remove.scrolling();\n              }\n            }\n            else {\n              module.verbose('Modal cannot fit on screen setting to scrolling');\n              module.set.scrolling();\n            }\n          },\n          position: function() {\n            module.verbose('Centering modal on page', module.cache);\n            if(module.can.fit()) {\n              $module\n                .css({\n                  top: '',\n                  marginTop: -(module.cache.height / 2)\n                })\n              ;\n            }\n            else {\n              $module\n                .css({\n                  marginTop : '',\n                  top       : $document.scrollTop()\n                })\n              ;\n            }\n          },\n          undetached: function() {\n            $dimmable.addClass(className.undetached);\n          }\n        },\n\n        setting: function(name, value) {\n          module.debug('Changing setting', name, value);\n          if( $.isPlainObject(name) ) {\n            $.extend(true, settings, name);\n          }\n          else if(value !== undefined) {\n            if($.isPlainObject(settings[name])) {\n              $.extend(true, settings[name], value);\n            }\n            else {\n              settings[name] = value;\n            }\n          }\n          else {\n            return settings[name];\n          }\n        },\n        internal: function(name, value) {\n          if( $.isPlainObject(name) ) {\n            $.extend(true, module, name);\n          }\n          else if(value !== undefined) {\n            module[name] = value;\n          }\n          else {\n            return module[name];\n          }\n        },\n        debug: function() {\n          if(!settings.silent && settings.debug) {\n            if(settings.performance) {\n              module.performance.log(arguments);\n            }\n            else {\n              module.debug = Function.prototype.bind.call(console.info, console, settings.name + ':');\n              module.debug.apply(console, arguments);\n            }\n          }\n        },\n        verbose: function() {\n          if(!settings.silent && settings.verbose && settings.debug) {\n            if(settings.performance) {\n              module.performance.log(arguments);\n            }\n            else {\n              module.verbose = Function.prototype.bind.call(console.info, console, settings.name + ':');\n              module.verbose.apply(console, arguments);\n            }\n          }\n        },\n        error: function() {\n          if(!settings.silent) {\n            module.error = Function.prototype.bind.call(console.error, console, settings.name + ':');\n            module.error.apply(console, arguments);\n          }\n        },\n        performance: {\n          log: function(message) {\n            var\n              currentTime,\n              executionTime,\n              previousTime\n            ;\n            if(settings.performance) {\n              currentTime   = new Date().getTime();\n              previousTime  = time || currentTime;\n              executionTime = currentTime - previousTime;\n              time          = currentTime;\n              performance.push({\n                'Name'           : message[0],\n                'Arguments'      : [].slice.call(message, 1) || '',\n                'Element'        : element,\n                'Execution Time' : executionTime\n              });\n            }\n            clearTimeout(module.performance.timer);\n            module.performance.timer = setTimeout(module.performance.display, 500);\n          },\n          display: function() {\n            var\n              title = settings.name + ':',\n              totalTime = 0\n            ;\n            time = false;\n            clearTimeout(module.performance.timer);\n            $.each(performance, function(index, data) {\n              totalTime += data['Execution Time'];\n            });\n            title += ' ' + totalTime + 'ms';\n            if(moduleSelector) {\n              title += ' \\'' + moduleSelector + '\\'';\n            }\n            if( (console.group !== undefined || console.table !== undefined) && performance.length > 0) {\n              console.groupCollapsed(title);\n              if(console.table) {\n                console.table(performance);\n              }\n              else {\n                $.each(performance, function(index, data) {\n                  console.log(data['Name'] + ': ' + data['Execution Time']+'ms');\n                });\n              }\n              console.groupEnd();\n            }\n            performance = [];\n          }\n        },\n        invoke: function(query, passedArguments, context) {\n          var\n            object = instance,\n            maxDepth,\n            found,\n            response\n          ;\n          passedArguments = passedArguments || queryArguments;\n          context         = element         || context;\n          if(typeof query == 'string' && object !== undefined) {\n            query    = query.split(/[\\. ]/);\n            maxDepth = query.length - 1;\n            $.each(query, function(depth, value) {\n              var camelCaseValue = (depth != maxDepth)\n                ? value + query[depth + 1].charAt(0).toUpperCase() + query[depth + 1].slice(1)\n                : query\n              ;\n              if( $.isPlainObject( object[camelCaseValue] ) && (depth != maxDepth) ) {\n                object = object[camelCaseValue];\n              }\n              else if( object[camelCaseValue] !== undefined ) {\n                found = object[camelCaseValue];\n                return false;\n              }\n              else if( $.isPlainObject( object[value] ) && (depth != maxDepth) ) {\n                object = object[value];\n              }\n              else if( object[value] !== undefined ) {\n                found = object[value];\n                return false;\n              }\n              else {\n                return false;\n              }\n            });\n          }\n          if ( $.isFunction( found ) ) {\n            response = found.apply(context, passedArguments);\n          }\n          else if(found !== undefined) {\n            response = found;\n          }\n          if($.isArray(returnedValue)) {\n            returnedValue.push(response);\n          }\n          else if(returnedValue !== undefined) {\n            returnedValue = [returnedValue, response];\n          }\n          else if(response !== undefined) {\n            returnedValue = response;\n          }\n          return found;\n        }\n      };\n\n      if(methodInvoked) {\n        if(instance === undefined) {\n          module.initialize();\n        }\n        module.invoke(query);\n      }\n      else {\n        if(instance !== undefined) {\n          instance.invoke('destroy');\n        }\n        module.initialize();\n      }\n    })\n  ;\n\n  return (returnedValue !== undefined)\n    ? returnedValue\n    : this\n  ;\n};\n\n$.fn.modal.settings = {\n\n  name           : 'Modal',\n  namespace      : 'modal',\n\n  silent         : false,\n  debug          : false,\n  verbose        : false,\n  performance    : true,\n\n  observeChanges : false,\n\n  allowMultiple  : false,\n  detachable     : true,\n  closable       : true,\n  autofocus      : true,\n\n  inverted       : false,\n  blurring       : false,\n\n  dimmerSettings : {\n    closable : false,\n    useCSS   : true\n  },\n\n\n  context    : 'body',\n\n  queue      : false,\n  duration   : 500,\n  offset     : 0,\n  transition : 'scale',\n\n  // padding with edge of page\n  padding    : 50,\n\n  // called before show animation\n  onShow     : function(){},\n\n  // called after show animation\n  onVisible  : function(){},\n\n  // called before hide animation\n  onHide     : function(){ return true; },\n\n  // called after hide animation\n  onHidden   : function(){},\n\n  // called after approve selector match\n  onApprove  : function(){ return true; },\n\n  // called after deny selector match\n  onDeny     : function(){ return true; },\n\n  selector    : {\n    close    : '> .close',\n    approve  : '.actions .positive, .actions .approve, .actions .ok',\n    deny     : '.actions .negative, .actions .deny, .actions .cancel',\n    modal    : '.ui.modal'\n  },\n  error : {\n    dimmer    : 'UI Dimmer, a required component is not included in this page',\n    method    : 'The method you called is not defined.',\n    notFound  : 'The element you specified could not be found'\n  },\n  className : {\n    active     : 'active',\n    animating  : 'animating',\n    blurring   : 'blurring',\n    scrolling  : 'scrolling',\n    undetached : 'undetached'\n  }\n};\n\n\n})( jQuery, window, document );\n"]},"hash":"e7020425e4c2ec615e1f272171fd0e6933b61c7a"}
