{"metadata":{"usedHelpers":[],"marked":[],"modules":{"imports":[],"exports":{"exported":[],"specifiers":[]}}},"options":{"filename":"client/lib/semantic-ui/definitions/modules/tab.js","filenameRelative":"client/lib/semantic-ui/definitions/modules/tab.js","env":{"development":{"plugins":[]}},"retainLines":false,"highlightCode":true,"suppressDeprecationMessages":false,"presets":[],"plugins":[[[],{"generateLetDeclarations":true,"enforceStrictMode":false}],[[],null],[[],{"polyfill":false}],[[],null],[[],null],[[],null],[[],{"allowTopLevelThis":true,"strict":false,"loose":true}],[[],null],[[],null],[[],null],[[],null],[[],null],[[],null],[[],null],[[],null],[[],null],[[],null],[[],null],[[],null],[[],{"loose":true}],[[],{"loose":true}],[[],null],[[],{"loose":true}],[[],null],[[],null],[[],null],[[],null],[[],null],[[],null],[[],{"loose":true}],[[],null],[[],null],[[],null],[[],null],[[],null],[[],null],[[],null]],"ignore":[],"code":true,"metadata":true,"ast":true,"comments":true,"compact":false,"minified":false,"sourceMap":true,"sourceMaps":true,"sourceMapTarget":"client/lib/semantic-ui/definitions/modules/tab.js.map","sourceFileName":"client/lib/semantic-ui/definitions/modules/tab.js","babelrc":false,"sourceType":"module","moduleIds":false,"passPerPreset":false,"parserOpts":false,"generatorOpts":false,"basename":"tab"},"ignored":false,"code":"/*\n  DO NOT MODIFY - This file has been generated and will be regenerated\n  Semantic UI v2.2.1\n*/ /*!\n    * # Semantic UI - Tab\n    * http://github.com/semantic-org/semantic-ui/\n    *\n    *\n    * Released under the MIT license\n    * http://opensource.org/licenses/MIT\n    *\n    */;\n\n(function ($, window, document, undefined) {\n  \"use strict\";\n\n  window = typeof window != 'undefined' && window.Math == Math ? window : typeof self != 'undefined' && self.Math == Math ? self : Function('return this')();\n\n  $.fn.tab = function (parameters) {\n    var // use window context if none specified\n    $allModules = $.isFunction(this) ? $(window) : $(this),\n        moduleSelector = $allModules.selector || '',\n        time = new Date().getTime(),\n        performance = [],\n        query = arguments[0],\n        methodInvoked = typeof query == 'string',\n        queryArguments = [].slice.call(arguments, 1),\n        initializedHistory = false,\n        returnedValue;\n    $allModules.each(function () {\n      var settings = $.isPlainObject(parameters) ? $.extend(true, {}, $.fn.tab.settings, parameters) : $.extend({}, $.fn.tab.settings),\n          className = settings.className,\n          metadata = settings.metadata,\n          selector = settings.selector,\n          error = settings.error,\n          eventNamespace = '.' + settings.namespace,\n          moduleNamespace = 'module-' + settings.namespace,\n          $module = $(this),\n          $context,\n          $tabs,\n          cache = {},\n          firstLoad = true,\n          recursionDepth = 0,\n          element = this,\n          instance = $module.data(moduleNamespace),\n          activeTabPath,\n          parameterArray,\n          module,\n          historyEvent;\n      module = {\n        initialize: function () {\n          module.debug('Initializing tab menu item', $module);\n          module.fix.callbacks();\n          module.determineTabs();\n          module.debug('Determining tabs', settings.context, $tabs); // set up automatic routing\n\n          if (settings.auto) {\n            module.set.auto();\n          }\n\n          module.bind.events();\n\n          if (settings.history && !initializedHistory) {\n            module.initializeHistory();\n            initializedHistory = true;\n          }\n\n          module.instantiate();\n        },\n        instantiate: function () {\n          module.verbose('Storing instance of module', module);\n          instance = module;\n          $module.data(moduleNamespace, module);\n        },\n        destroy: function () {\n          module.debug('Destroying tabs', $module);\n          $module.removeData(moduleNamespace).off(eventNamespace);\n        },\n        bind: {\n          events: function () {\n            // if using $.tab don't add events\n            if (!$.isWindow(element)) {\n              module.debug('Attaching tab activation events to element', $module);\n              $module.on('click' + eventNamespace, module.event.click);\n            }\n          }\n        },\n        determineTabs: function () {\n          var $reference; // determine tab context\n\n          if (settings.context === 'parent') {\n            if ($module.closest(selector.ui).length > 0) {\n              $reference = $module.closest(selector.ui);\n              module.verbose('Using closest UI element as parent', $reference);\n            } else {\n              $reference = $module;\n            }\n\n            $context = $reference.parent();\n            module.verbose('Determined parent element for creating context', $context);\n          } else if (settings.context) {\n            $context = $(settings.context);\n            module.verbose('Using selector for tab context', settings.context, $context);\n          } else {\n            $context = $('body');\n          } // find tabs\n\n\n          if (settings.childrenOnly) {\n            $tabs = $context.children(selector.tabs);\n            module.debug('Searching tab context children for tabs', $context, $tabs);\n          } else {\n            $tabs = $context.find(selector.tabs);\n            module.debug('Searching tab context for tabs', $context, $tabs);\n          }\n        },\n        fix: {\n          callbacks: function () {\n            if ($.isPlainObject(parameters) && (parameters.onTabLoad || parameters.onTabInit)) {\n              if (parameters.onTabLoad) {\n                parameters.onLoad = parameters.onTabLoad;\n                delete parameters.onTabLoad;\n                module.error(error.legacyLoad, parameters.onLoad);\n              }\n\n              if (parameters.onTabInit) {\n                parameters.onFirstLoad = parameters.onTabInit;\n                delete parameters.onTabInit;\n                module.error(error.legacyInit, parameters.onFirstLoad);\n              }\n\n              settings = $.extend(true, {}, $.fn.tab.settings, parameters);\n            }\n          }\n        },\n        initializeHistory: function () {\n          module.debug('Initializing page state');\n\n          if ($.address === undefined) {\n            module.error(error.state);\n            return false;\n          } else {\n            if (settings.historyType == 'state') {\n              module.debug('Using HTML5 to manage state');\n\n              if (settings.path !== false) {\n                $.address.history(true).state(settings.path);\n              } else {\n                module.error(error.path);\n                return false;\n              }\n            }\n\n            $.address.bind('change', module.event.history.change);\n          }\n        },\n        event: {\n          click: function (event) {\n            var tabPath = $(this).data(metadata.tab);\n\n            if (tabPath !== undefined) {\n              if (settings.history) {\n                module.verbose('Updating page state', event);\n                $.address.value(tabPath);\n              } else {\n                module.verbose('Changing tab', event);\n                module.changeTab(tabPath);\n              }\n\n              event.preventDefault();\n            } else {\n              module.debug('No tab specified');\n            }\n          },\n          history: {\n            change: function (event) {\n              var tabPath = event.pathNames.join('/') || module.get.initialPath(),\n                  pageTitle = settings.templates.determineTitle(tabPath) || false;\n              module.performance.display();\n              module.debug('History change event', tabPath, event);\n              historyEvent = event;\n\n              if (tabPath !== undefined) {\n                module.changeTab(tabPath);\n              }\n\n              if (pageTitle) {\n                $.address.title(pageTitle);\n              }\n            }\n          }\n        },\n        refresh: function () {\n          if (activeTabPath) {\n            module.debug('Refreshing tab', activeTabPath);\n            module.changeTab(activeTabPath);\n          }\n        },\n        cache: {\n          read: function (cacheKey) {\n            return cacheKey !== undefined ? cache[cacheKey] : false;\n          },\n          add: function (cacheKey, content) {\n            cacheKey = cacheKey || activeTabPath;\n            module.debug('Adding cached content for', cacheKey);\n            cache[cacheKey] = content;\n          },\n          remove: function (cacheKey) {\n            cacheKey = cacheKey || activeTabPath;\n            module.debug('Removing cached content for', cacheKey);\n            delete cache[cacheKey];\n          }\n        },\n        set: {\n          auto: function () {\n            var url = typeof settings.path == 'string' ? settings.path.replace(/\\/$/, '') + '/{$tab}' : '/{$tab}';\n            module.verbose('Setting up automatic tab retrieval from server', url);\n\n            if ($.isPlainObject(settings.apiSettings)) {\n              settings.apiSettings.url = url;\n            } else {\n              settings.apiSettings = {\n                url: url\n              };\n            }\n          },\n          loading: function (tabPath) {\n            var $tab = module.get.tabElement(tabPath),\n                isLoading = $tab.hasClass(className.loading);\n\n            if (!isLoading) {\n              module.verbose('Setting loading state for', $tab);\n              $tab.addClass(className.loading).siblings($tabs).removeClass(className.active + ' ' + className.loading);\n\n              if ($tab.length > 0) {\n                settings.onRequest.call($tab[0], tabPath);\n              }\n            }\n          },\n          state: function (state) {\n            $.address.value(state);\n          }\n        },\n        changeTab: function (tabPath) {\n          var pushStateAvailable = window.history && window.history.pushState,\n              shouldIgnoreLoad = pushStateAvailable && settings.ignoreFirstLoad && firstLoad,\n              remoteContent = settings.auto || $.isPlainObject(settings.apiSettings),\n              // only add default path if not remote content\n          pathArray = remoteContent && !shouldIgnoreLoad ? module.utilities.pathToArray(tabPath) : module.get.defaultPathArray(tabPath);\n          tabPath = module.utilities.arrayToPath(pathArray);\n          $.each(pathArray, function (index, tab) {\n            var currentPathArray = pathArray.slice(0, index + 1),\n                currentPath = module.utilities.arrayToPath(currentPathArray),\n                isTab = module.is.tab(currentPath),\n                isLastIndex = index + 1 == pathArray.length,\n                $tab = module.get.tabElement(currentPath),\n                $anchor,\n                nextPathArray,\n                nextPath,\n                isLastTab;\n            module.verbose('Looking for tab', tab);\n\n            if (isTab) {\n              module.verbose('Tab was found', tab); // scope up\n\n              activeTabPath = currentPath;\n              parameterArray = module.utilities.filterArray(pathArray, currentPathArray);\n\n              if (isLastIndex) {\n                isLastTab = true;\n              } else {\n                nextPathArray = pathArray.slice(0, index + 2);\n                nextPath = module.utilities.arrayToPath(nextPathArray);\n                isLastTab = !module.is.tab(nextPath);\n\n                if (isLastTab) {\n                  module.verbose('Tab parameters found', nextPathArray);\n                }\n              }\n\n              if (isLastTab && remoteContent) {\n                if (!shouldIgnoreLoad) {\n                  module.activate.navigation(currentPath);\n                  module.fetch.content(currentPath, tabPath);\n                } else {\n                  module.debug('Ignoring remote content on first tab load', currentPath);\n                  firstLoad = false;\n                  module.cache.add(tabPath, $tab.html());\n                  module.activate.all(currentPath);\n                  settings.onFirstLoad.call($tab[0], currentPath, parameterArray, historyEvent);\n                  settings.onLoad.call($tab[0], currentPath, parameterArray, historyEvent);\n                }\n\n                return false;\n              } else {\n                module.debug('Opened local tab', currentPath);\n                module.activate.all(currentPath);\n\n                if (!module.cache.read(currentPath)) {\n                  module.cache.add(currentPath, true);\n                  module.debug('First time tab loaded calling tab init');\n                  settings.onFirstLoad.call($tab[0], currentPath, parameterArray, historyEvent);\n                }\n\n                settings.onLoad.call($tab[0], currentPath, parameterArray, historyEvent);\n              }\n            } else if (tabPath.search('/') == -1 && tabPath !== '') {\n              // look for in page anchor\n              $anchor = $('#' + tabPath + ', a[name=\"' + tabPath + '\"]');\n              currentPath = $anchor.closest('[data-tab]').data(metadata.tab);\n              $tab = module.get.tabElement(currentPath); // if anchor exists use parent tab\n\n              if ($anchor && $anchor.length > 0 && currentPath) {\n                module.debug('Anchor link used, opening parent tab', $tab, $anchor);\n\n                if (!$tab.hasClass(className.active)) {\n                  setTimeout(function () {\n                    module.scrollTo($anchor);\n                  }, 0);\n                }\n\n                module.activate.all(currentPath);\n\n                if (!module.cache.read(currentPath)) {\n                  module.cache.add(currentPath, true);\n                  module.debug('First time tab loaded calling tab init');\n                  settings.onFirstLoad.call($tab[0], currentPath, parameterArray, historyEvent);\n                }\n\n                settings.onLoad.call($tab[0], currentPath, parameterArray, historyEvent);\n                return false;\n              }\n            } else {\n              module.error(error.missingTab, $module, $context, currentPath);\n              return false;\n            }\n          });\n        },\n        scrollTo: function ($element) {\n          var scrollOffset = $element && $element.length > 0 ? $element.offset().top : false;\n\n          if (scrollOffset !== false) {\n            module.debug('Forcing scroll to an in-page link in a hidden tab', scrollOffset, $element);\n            $(document).scrollTop(scrollOffset);\n          }\n        },\n        update: {\n          content: function (tabPath, html, evaluateScripts) {\n            var $tab = module.get.tabElement(tabPath),\n                tab = $tab[0];\n            evaluateScripts = evaluateScripts !== undefined ? evaluateScripts : settings.evaluateScripts;\n\n            if (evaluateScripts) {\n              module.debug('Updating HTML and evaluating inline scripts', tabPath, html);\n              $tab.html(html);\n            } else {\n              module.debug('Updating HTML', tabPath, html);\n              tab.innerHTML = html;\n            }\n          }\n        },\n        fetch: {\n          content: function (tabPath, fullTabPath) {\n            var $tab = module.get.tabElement(tabPath),\n                apiSettings = {\n              dataType: 'html',\n              encodeParameters: false,\n              on: 'now',\n              cache: settings.alwaysRefresh,\n              headers: {\n                'X-Remote': true\n              },\n              onSuccess: function (response) {\n                if (settings.cacheType == 'response') {\n                  module.cache.add(fullTabPath, response);\n                }\n\n                module.update.content(tabPath, response);\n\n                if (tabPath == activeTabPath) {\n                  module.debug('Content loaded', tabPath);\n                  module.activate.tab(tabPath);\n                } else {\n                  module.debug('Content loaded in background', tabPath);\n                }\n\n                settings.onFirstLoad.call($tab[0], tabPath, parameterArray, historyEvent);\n                settings.onLoad.call($tab[0], tabPath, parameterArray, historyEvent);\n\n                if (settings.cacheType != 'response') {\n                  module.cache.add(fullTabPath, $tab.html());\n                }\n              },\n              urlData: {\n                tab: fullTabPath\n              }\n            },\n                request = $tab.api('get request') || false,\n                existingRequest = request && request.state() === 'pending',\n                requestSettings,\n                cachedContent;\n            fullTabPath = fullTabPath || tabPath;\n            cachedContent = module.cache.read(fullTabPath);\n\n            if (settings.cache && cachedContent) {\n              module.activate.tab(tabPath);\n              module.debug('Adding cached content', fullTabPath);\n\n              if (settings.evaluateScripts == 'once') {\n                module.update.content(tabPath, cachedContent, false);\n              } else {\n                module.update.content(tabPath, cachedContent);\n              }\n\n              settings.onLoad.call($tab[0], tabPath, parameterArray, historyEvent);\n            } else if (existingRequest) {\n              module.set.loading(tabPath);\n              module.debug('Content is already loading', fullTabPath);\n            } else if ($.api !== undefined) {\n              requestSettings = $.extend(true, {}, settings.apiSettings, apiSettings);\n              module.debug('Retrieving remote content', fullTabPath, requestSettings);\n              module.set.loading(tabPath);\n              $tab.api(requestSettings);\n            } else {\n              module.error(error.api);\n            }\n          }\n        },\n        activate: {\n          all: function (tabPath) {\n            module.activate.tab(tabPath);\n            module.activate.navigation(tabPath);\n          },\n          tab: function (tabPath) {\n            var $tab = module.get.tabElement(tabPath),\n                $deactiveTabs = settings.deactivate == 'siblings' ? $tab.siblings($tabs) : $tabs.not($tab),\n                isActive = $tab.hasClass(className.active);\n            module.verbose('Showing tab content for', $tab);\n\n            if (!isActive) {\n              $tab.addClass(className.active);\n              $deactiveTabs.removeClass(className.active + ' ' + className.loading);\n\n              if ($tab.length > 0) {\n                settings.onVisible.call($tab[0], tabPath);\n              }\n            }\n          },\n          navigation: function (tabPath) {\n            var $navigation = module.get.navElement(tabPath),\n                $deactiveNavigation = settings.deactivate == 'siblings' ? $navigation.siblings($allModules) : $allModules.not($navigation),\n                isActive = $navigation.hasClass(className.active);\n            module.verbose('Activating tab navigation for', $navigation, tabPath);\n\n            if (!isActive) {\n              $navigation.addClass(className.active);\n              $deactiveNavigation.removeClass(className.active + ' ' + className.loading);\n            }\n          }\n        },\n        deactivate: {\n          all: function () {\n            module.deactivate.navigation();\n            module.deactivate.tabs();\n          },\n          navigation: function () {\n            $allModules.removeClass(className.active);\n          },\n          tabs: function () {\n            $tabs.removeClass(className.active + ' ' + className.loading);\n          }\n        },\n        is: {\n          tab: function (tabName) {\n            return tabName !== undefined ? module.get.tabElement(tabName).length > 0 : false;\n          }\n        },\n        get: {\n          initialPath: function () {\n            return $allModules.eq(0).data(metadata.tab) || $tabs.eq(0).data(metadata.tab);\n          },\n          path: function () {\n            return $.address.value();\n          },\n          // adds default tabs to tab path\n          defaultPathArray: function (tabPath) {\n            return module.utilities.pathToArray(module.get.defaultPath(tabPath));\n          },\n          defaultPath: function (tabPath) {\n            var $defaultNav = $allModules.filter('[data-' + metadata.tab + '^=\"' + tabPath + '/\"]').eq(0),\n                defaultTab = $defaultNav.data(metadata.tab) || false;\n\n            if (defaultTab) {\n              module.debug('Found default tab', defaultTab);\n\n              if (recursionDepth < settings.maxDepth) {\n                recursionDepth++;\n                return module.get.defaultPath(defaultTab);\n              }\n\n              module.error(error.recursion);\n            } else {\n              module.debug('No default tabs found for', tabPath, $tabs);\n            }\n\n            recursionDepth = 0;\n            return tabPath;\n          },\n          navElement: function (tabPath) {\n            tabPath = tabPath || activeTabPath;\n            return $allModules.filter('[data-' + metadata.tab + '=\"' + tabPath + '\"]');\n          },\n          tabElement: function (tabPath) {\n            var $fullPathTab, $simplePathTab, tabPathArray, lastTab;\n            tabPath = tabPath || activeTabPath;\n            tabPathArray = module.utilities.pathToArray(tabPath);\n            lastTab = module.utilities.last(tabPathArray);\n            $fullPathTab = $tabs.filter('[data-' + metadata.tab + '=\"' + tabPath + '\"]');\n            $simplePathTab = $tabs.filter('[data-' + metadata.tab + '=\"' + lastTab + '\"]');\n            return $fullPathTab.length > 0 ? $fullPathTab : $simplePathTab;\n          },\n          tab: function () {\n            return activeTabPath;\n          }\n        },\n        utilities: {\n          filterArray: function (keepArray, removeArray) {\n            return $.grep(keepArray, function (keepValue) {\n              return $.inArray(keepValue, removeArray) == -1;\n            });\n          },\n          last: function (array) {\n            return $.isArray(array) ? array[array.length - 1] : false;\n          },\n          pathToArray: function (pathName) {\n            if (pathName === undefined) {\n              pathName = activeTabPath;\n            }\n\n            return typeof pathName == 'string' ? pathName.split('/') : [pathName];\n          },\n          arrayToPath: function (pathArray) {\n            return $.isArray(pathArray) ? pathArray.join('/') : false;\n          }\n        },\n        setting: function (name, value) {\n          module.debug('Changing setting', name, value);\n\n          if ($.isPlainObject(name)) {\n            $.extend(true, settings, name);\n          } else if (value !== undefined) {\n            if ($.isPlainObject(settings[name])) {\n              $.extend(true, settings[name], value);\n            } else {\n              settings[name] = value;\n            }\n          } else {\n            return settings[name];\n          }\n        },\n        internal: function (name, value) {\n          if ($.isPlainObject(name)) {\n            $.extend(true, module, name);\n          } else if (value !== undefined) {\n            module[name] = value;\n          } else {\n            return module[name];\n          }\n        },\n        debug: function () {\n          if (!settings.silent && settings.debug) {\n            if (settings.performance) {\n              module.performance.log(arguments);\n            } else {\n              module.debug = Function.prototype.bind.call(console.info, console, settings.name + ':');\n              module.debug.apply(console, arguments);\n            }\n          }\n        },\n        verbose: function () {\n          if (!settings.silent && settings.verbose && settings.debug) {\n            if (settings.performance) {\n              module.performance.log(arguments);\n            } else {\n              module.verbose = Function.prototype.bind.call(console.info, console, settings.name + ':');\n              module.verbose.apply(console, arguments);\n            }\n          }\n        },\n        error: function () {\n          if (!settings.silent) {\n            module.error = Function.prototype.bind.call(console.error, console, settings.name + ':');\n            module.error.apply(console, arguments);\n          }\n        },\n        performance: {\n          log: function (message) {\n            var currentTime, executionTime, previousTime;\n\n            if (settings.performance) {\n              currentTime = new Date().getTime();\n              previousTime = time || currentTime;\n              executionTime = currentTime - previousTime;\n              time = currentTime;\n              performance.push({\n                'Name': message[0],\n                'Arguments': [].slice.call(message, 1) || '',\n                'Element': element,\n                'Execution Time': executionTime\n              });\n            }\n\n            clearTimeout(module.performance.timer);\n            module.performance.timer = setTimeout(module.performance.display, 500);\n          },\n          display: function () {\n            var title = settings.name + ':',\n                totalTime = 0;\n            time = false;\n            clearTimeout(module.performance.timer);\n            $.each(performance, function (index, data) {\n              totalTime += data['Execution Time'];\n            });\n            title += ' ' + totalTime + 'ms';\n\n            if (moduleSelector) {\n              title += ' \\'' + moduleSelector + '\\'';\n            }\n\n            if ((console.group !== undefined || console.table !== undefined) && performance.length > 0) {\n              console.groupCollapsed(title);\n\n              if (console.table) {\n                console.table(performance);\n              } else {\n                $.each(performance, function (index, data) {\n                  console.log(data['Name'] + ': ' + data['Execution Time'] + 'ms');\n                });\n              }\n\n              console.groupEnd();\n            }\n\n            performance = [];\n          }\n        },\n        invoke: function (query, passedArguments, context) {\n          var object = instance,\n              maxDepth,\n              found,\n              response;\n          passedArguments = passedArguments || queryArguments;\n          context = element || context;\n\n          if (typeof query == 'string' && object !== undefined) {\n            query = query.split(/[\\. ]/);\n            maxDepth = query.length - 1;\n            $.each(query, function (depth, value) {\n              var camelCaseValue = depth != maxDepth ? value + query[depth + 1].charAt(0).toUpperCase() + query[depth + 1].slice(1) : query;\n\n              if ($.isPlainObject(object[camelCaseValue]) && depth != maxDepth) {\n                object = object[camelCaseValue];\n              } else if (object[camelCaseValue] !== undefined) {\n                found = object[camelCaseValue];\n                return false;\n              } else if ($.isPlainObject(object[value]) && depth != maxDepth) {\n                object = object[value];\n              } else if (object[value] !== undefined) {\n                found = object[value];\n                return false;\n              } else {\n                module.error(error.method, query);\n                return false;\n              }\n            });\n          }\n\n          if ($.isFunction(found)) {\n            response = found.apply(context, passedArguments);\n          } else if (found !== undefined) {\n            response = found;\n          }\n\n          if ($.isArray(returnedValue)) {\n            returnedValue.push(response);\n          } else if (returnedValue !== undefined) {\n            returnedValue = [returnedValue, response];\n          } else if (response !== undefined) {\n            returnedValue = response;\n          }\n\n          return found;\n        }\n      };\n\n      if (methodInvoked) {\n        if (instance === undefined) {\n          module.initialize();\n        }\n\n        module.invoke(query);\n      } else {\n        if (instance !== undefined) {\n          instance.invoke('destroy');\n        }\n\n        module.initialize();\n      }\n    });\n    return returnedValue !== undefined ? returnedValue : this;\n  }; // shortcut for tabbed content with no defined navigation\n\n\n  $.tab = function () {\n    $(window).tab.apply(this, arguments);\n  };\n\n  $.fn.tab.settings = {\n    name: 'Tab',\n    namespace: 'tab',\n    silent: false,\n    debug: false,\n    verbose: false,\n    performance: true,\n    auto: false,\n    // uses pjax style endpoints fetching content from same url with remote-content headers\n    history: false,\n    // use browser history\n    historyType: 'hash',\n    // #/ or html5 state\n    path: false,\n    // base path of url\n    context: false,\n    // specify a context that tabs must appear inside\n    childrenOnly: false,\n    // use only tabs that are children of context\n    maxDepth: 25,\n    // max depth a tab can be nested\n    deactivate: 'siblings',\n    // whether tabs should deactivate sibling menu elements or all elements initialized together\n    alwaysRefresh: false,\n    // load tab content new every tab click\n    cache: true,\n    // cache the content requests to pull locally\n    cacheType: 'response',\n    // Whether to cache exact response, or to html cache contents after scripts execute\n    ignoreFirstLoad: false,\n    // don't load remote content on first load\n    apiSettings: false,\n    // settings for api call\n    evaluateScripts: 'once',\n    // whether inline scripts should be parsed (true/false/once). Once will not re-evaluate on cached content\n    onFirstLoad: function (tabPath, parameterArray, historyEvent) {},\n    // called first time loaded\n    onLoad: function (tabPath, parameterArray, historyEvent) {},\n    // called on every load\n    onVisible: function (tabPath, parameterArray, historyEvent) {},\n    // called every time tab visible\n    onRequest: function (tabPath, parameterArray, historyEvent) {},\n    // called ever time a tab beings loading remote content\n    templates: {\n      determineTitle: function (tabArray) {} // returns page title for path\n\n    },\n    error: {\n      api: 'You attempted to load content without API module',\n      method: 'The method you called is not defined',\n      missingTab: 'Activated tab cannot be found. Tabs are case-sensitive.',\n      noContent: 'The tab you specified is missing a content url.',\n      path: 'History enabled, but no path was specified',\n      recursion: 'Max recursive depth reached',\n      legacyInit: 'onTabInit has been renamed to onFirstLoad in 2.0, please adjust your code.',\n      legacyLoad: 'onTabLoad has been renamed to onLoad in 2.0. Please adjust your code',\n      state: 'History requires Asual\\'s Address library <https://github.com/asual/jquery-address>'\n    },\n    metadata: {\n      tab: 'tab',\n      loaded: 'loaded',\n      promise: 'promise'\n    },\n    className: {\n      loading: 'loading',\n      active: 'active'\n    },\n    selector: {\n      tabs: '.ui.tab',\n      ui: '.ui'\n    }\n  };\n})(jQuery, window, document);","map":{"version":3,"sources":["client/lib/semantic-ui/definitions/modules/tab.js"],"names":["$","window","document","undefined","Math","self","Function","fn","tab","parameters","$allModules","isFunction","moduleSelector","selector","time","Date","getTime","performance","query","arguments","methodInvoked","queryArguments","slice","call","initializedHistory","returnedValue","each","settings","isPlainObject","extend","className","metadata","error","eventNamespace","namespace","moduleNamespace","$module","$context","$tabs","cache","firstLoad","recursionDepth","element","instance","data","activeTabPath","parameterArray","module","historyEvent","initialize","debug","fix","callbacks","determineTabs","context","auto","set","bind","events","history","initializeHistory","instantiate","verbose","destroy","removeData","off","isWindow","on","event","click","$reference","closest","ui","length","parent","childrenOnly","children","tabs","find","onTabLoad","onTabInit","onLoad","legacyLoad","onFirstLoad","legacyInit","address","state","historyType","path","change","tabPath","value","changeTab","preventDefault","pathNames","join","get","initialPath","pageTitle","templates","determineTitle","display","title","refresh","read","cacheKey","add","content","remove","url","replace","apiSettings","loading","$tab","tabElement","isLoading","hasClass","addClass","siblings","removeClass","active","onRequest","pushStateAvailable","pushState","shouldIgnoreLoad","ignoreFirstLoad","remoteContent","pathArray","utilities","pathToArray","defaultPathArray","arrayToPath","index","currentPathArray","currentPath","isTab","is","isLastIndex","$anchor","nextPathArray","nextPath","isLastTab","filterArray","activate","navigation","fetch","html","all","search","setTimeout","scrollTo","missingTab","$element","scrollOffset","offset","top","scrollTop","update","evaluateScripts","innerHTML","fullTabPath","dataType","encodeParameters","alwaysRefresh","headers","onSuccess","response","cacheType","urlData","request","api","existingRequest","requestSettings","cachedContent","$deactiveTabs","deactivate","not","isActive","onVisible","$navigation","navElement","$deactiveNavigation","tabName","eq","defaultPath","$defaultNav","filter","defaultTab","maxDepth","recursion","$fullPathTab","$simplePathTab","tabPathArray","lastTab","last","keepArray","removeArray","grep","keepValue","inArray","array","isArray","pathName","split","setting","name","internal","silent","log","prototype","console","info","apply","message","currentTime","executionTime","previousTime","push","clearTimeout","timer","totalTime","group","table","groupCollapsed","groupEnd","invoke","passedArguments","object","found","depth","camelCaseValue","charAt","toUpperCase","method","tabArray","noContent","loaded","promise","jQuery"],"mappings":"AAAA;;;GAIA;;;;;;;;MAUA;;AAAC,CAAC,UAAUA,CAAV,EAAaC,MAAb,EAAqBC,QAArB,EAA+BC,SAA/B,EAA0C;AAE5C;;AAEAF,WAAU,OAAOA,MAAP,IAAiB,WAAjB,IAAgCA,OAAOG,IAAP,IAAeA,IAAhD,GACLH,MADK,GAEJ,OAAOI,IAAP,IAAe,WAAf,IAA8BA,KAAKD,IAAL,IAAaA,IAA5C,GACEC,IADF,GAEEC,SAAS,aAAT,GAJN;;AAOAN,IAAEO,EAAF,CAAKC,GAAL,GAAW,UAASC,UAAT,EAAqB;AAE9B,QACE;AACAC,kBAAkBV,EAAEW,UAAF,CAAa,IAAb,IACZX,EAAEC,MAAF,CADY,GAEZD,EAAE,IAAF,CAJR;AAAA,QAMEY,iBAAkBF,YAAYG,QAAZ,IAAwB,EAN5C;AAAA,QAOEC,OAAkB,IAAIC,IAAJ,GAAWC,OAAX,EAPpB;AAAA,QAQEC,cAAkB,EARpB;AAAA,QAUEC,QAAkBC,UAAU,CAAV,CAVpB;AAAA,QAWEC,gBAAmB,OAAOF,KAAP,IAAgB,QAXrC;AAAA,QAYEG,iBAAkB,GAAGC,KAAH,CAASC,IAAT,CAAcJ,SAAd,EAAyB,CAAzB,CAZpB;AAAA,QAcEK,qBAAqB,KAdvB;AAAA,QAeEC,aAfF;AAkBAf,gBACGgB,IADH,CACQ,YAAW;AACf,UAEEC,WAAoB3B,EAAE4B,aAAF,CAAgBnB,UAAhB,CAAF,GACdT,EAAE6B,MAAF,CAAS,IAAT,EAAe,EAAf,EAAmB7B,EAAEO,EAAF,CAAKC,GAAL,CAASmB,QAA5B,EAAsClB,UAAtC,CADc,GAEdT,EAAE6B,MAAF,CAAS,EAAT,EAAa7B,EAAEO,EAAF,CAAKC,GAAL,CAASmB,QAAtB,CAJN;AAAA,UAMEG,YAAkBH,SAASG,SAN7B;AAAA,UAOEC,WAAkBJ,SAASI,QAP7B;AAAA,UAQElB,WAAkBc,SAASd,QAR7B;AAAA,UASEmB,QAAkBL,SAASK,KAT7B;AAAA,UAWEC,iBAAkB,MAAMN,SAASO,SAXnC;AAAA,UAYEC,kBAAkB,YAAYR,SAASO,SAZzC;AAAA,UAcEE,UAAkBpC,EAAE,IAAF,CAdpB;AAAA,UAeEqC,QAfF;AAAA,UAgBEC,KAhBF;AAAA,UAkBEC,QAAkB,EAlBpB;AAAA,UAmBEC,YAAkB,IAnBpB;AAAA,UAoBEC,iBAAkB,CApBpB;AAAA,UAqBEC,UAAkB,IArBpB;AAAA,UAsBEC,WAAkBP,QAAQQ,IAAR,CAAaT,eAAb,CAtBpB;AAAA,UAwBEU,aAxBF;AAAA,UAyBEC,cAzBF;AAAA,UA0BEC,MA1BF;AAAA,UA4BEC,YA5BF;AAgCAD,eAAS;AAEPE,oBAAY,YAAW;AACrBF,iBAAOG,KAAP,CAAa,4BAAb,EAA2Cd,OAA3C;AACAW,iBAAOI,GAAP,CAAWC,SAAX;AACAL,iBAAOM,aAAP;AAEAN,iBAAOG,KAAP,CAAa,kBAAb,EAAiCvB,SAAS2B,OAA1C,EAAmDhB,KAAnD,EALqB,CAMrB;;AACA,cAAGX,SAAS4B,IAAZ,EAAkB;AAChBR,mBAAOS,GAAP,CAAWD,IAAX;AACD;;AACDR,iBAAOU,IAAP,CAAYC,MAAZ;;AAEA,cAAG/B,SAASgC,OAAT,IAAoB,CAACnC,kBAAxB,EAA4C;AAC1CuB,mBAAOa,iBAAP;AACApC,iCAAqB,IAArB;AACD;;AAEDuB,iBAAOc,WAAP;AACD,SApBM;AAsBPA,qBAAa,YAAY;AACvBd,iBAAOe,OAAP,CAAe,4BAAf,EAA6Cf,MAA7C;AACAJ,qBAAWI,MAAX;AACAX,kBACGQ,IADH,CACQT,eADR,EACyBY,MADzB;AAGD,SA5BM;AA8BPgB,iBAAS,YAAW;AAClBhB,iBAAOG,KAAP,CAAa,iBAAb,EAAgCd,OAAhC;AACAA,kBACG4B,UADH,CACc7B,eADd,EAEG8B,GAFH,CAEOhC,cAFP;AAID,SApCM;AAsCPwB,cAAM;AACJC,kBAAQ,YAAW;AACjB;AACA,gBAAI,CAAC1D,EAAEkE,QAAF,CAAYxB,OAAZ,CAAL,EAA6B;AAC3BK,qBAAOG,KAAP,CAAa,4CAAb,EAA2Dd,OAA3D;AACAA,sBACG+B,EADH,CACM,UAAUlC,cADhB,EACgCc,OAAOqB,KAAP,CAAaC,KAD7C;AAGD;AACF;AATG,SAtCC;AAkDPhB,uBAAe,YAAW;AACxB,cACEiB,UADF,CADwB,CAKxB;;AACA,cAAG3C,SAAS2B,OAAT,KAAqB,QAAxB,EAAkC;AAChC,gBAAGlB,QAAQmC,OAAR,CAAgB1D,SAAS2D,EAAzB,EAA6BC,MAA7B,GAAsC,CAAzC,EAA4C;AAC1CH,2BAAalC,QAAQmC,OAAR,CAAgB1D,SAAS2D,EAAzB,CAAb;AACAzB,qBAAOe,OAAP,CAAe,oCAAf,EAAqDQ,UAArD;AACD,aAHD,MAIK;AACHA,2BAAalC,OAAb;AACD;;AACDC,uBAAWiC,WAAWI,MAAX,EAAX;AACA3B,mBAAOe,OAAP,CAAe,gDAAf,EAAiEzB,QAAjE;AACD,WAVD,MAWK,IAAGV,SAAS2B,OAAZ,EAAqB;AACxBjB,uBAAWrC,EAAE2B,SAAS2B,OAAX,CAAX;AACAP,mBAAOe,OAAP,CAAe,gCAAf,EAAiDnC,SAAS2B,OAA1D,EAAmEjB,QAAnE;AACD,WAHI,MAIA;AACHA,uBAAWrC,EAAE,MAAF,CAAX;AACD,WAvBuB,CAwBxB;;;AACA,cAAG2B,SAASgD,YAAZ,EAA0B;AACxBrC,oBAAQD,SAASuC,QAAT,CAAkB/D,SAASgE,IAA3B,CAAR;AACA9B,mBAAOG,KAAP,CAAa,yCAAb,EAAwDb,QAAxD,EAAkEC,KAAlE;AACD,WAHD,MAIK;AACHA,oBAAQD,SAASyC,IAAT,CAAcjE,SAASgE,IAAvB,CAAR;AACA9B,mBAAOG,KAAP,CAAa,gCAAb,EAA+Cb,QAA/C,EAAyDC,KAAzD;AACD;AACF,SAnFM;AAqFPa,aAAK;AACHC,qBAAW,YAAW;AACpB,gBAAIpD,EAAE4B,aAAF,CAAgBnB,UAAhB,MAAgCA,WAAWsE,SAAX,IAAwBtE,WAAWuE,SAAnE,CAAJ,EAAoF;AAClF,kBAAGvE,WAAWsE,SAAd,EAAyB;AACvBtE,2BAAWwE,MAAX,GAAoBxE,WAAWsE,SAA/B;AACA,uBAAOtE,WAAWsE,SAAlB;AACAhC,uBAAOf,KAAP,CAAaA,MAAMkD,UAAnB,EAA+BzE,WAAWwE,MAA1C;AACD;;AACD,kBAAGxE,WAAWuE,SAAd,EAAyB;AACvBvE,2BAAW0E,WAAX,GAAyB1E,WAAWuE,SAApC;AACA,uBAAOvE,WAAWuE,SAAlB;AACAjC,uBAAOf,KAAP,CAAaA,MAAMoD,UAAnB,EAA+B3E,WAAW0E,WAA1C;AACD;;AACDxD,yBAAW3B,EAAE6B,MAAF,CAAS,IAAT,EAAe,EAAf,EAAmB7B,EAAEO,EAAF,CAAKC,GAAL,CAASmB,QAA5B,EAAsClB,UAAtC,CAAX;AACD;AACF;AAfE,SArFE;AAuGPmD,2BAAmB,YAAW;AAC5Bb,iBAAOG,KAAP,CAAa,yBAAb;;AACA,cAAIlD,EAAEqF,OAAF,KAAclF,SAAlB,EAA8B;AAC5B4C,mBAAOf,KAAP,CAAaA,MAAMsD,KAAnB;AACA,mBAAO,KAAP;AACD,WAHD,MAIK;AACH,gBAAG3D,SAAS4D,WAAT,IAAwB,OAA3B,EAAoC;AAClCxC,qBAAOG,KAAP,CAAa,6BAAb;;AACA,kBAAGvB,SAAS6D,IAAT,KAAkB,KAArB,EAA4B;AAC1BxF,kBAAEqF,OAAF,CACG1B,OADH,CACW,IADX,EAEG2B,KAFH,CAES3D,SAAS6D,IAFlB;AAID,eALD,MAMK;AACHzC,uBAAOf,KAAP,CAAaA,MAAMwD,IAAnB;AACA,uBAAO,KAAP;AACD;AACF;;AACDxF,cAAEqF,OAAF,CACG5B,IADH,CACQ,QADR,EACkBV,OAAOqB,KAAP,CAAaT,OAAb,CAAqB8B,MADvC;AAGD;AACF,SA/HM;AAiIPrB,eAAO;AACLC,iBAAO,UAASD,KAAT,EAAgB;AACrB,gBACEsB,UAAU1F,EAAE,IAAF,EAAQ4C,IAAR,CAAab,SAASvB,GAAtB,CADZ;;AAGA,gBAAGkF,YAAYvF,SAAf,EAA0B;AACxB,kBAAGwB,SAASgC,OAAZ,EAAqB;AACnBZ,uBAAOe,OAAP,CAAe,qBAAf,EAAsCM,KAAtC;AACApE,kBAAEqF,OAAF,CAAUM,KAAV,CAAgBD,OAAhB;AACD,eAHD,MAIK;AACH3C,uBAAOe,OAAP,CAAe,cAAf,EAA+BM,KAA/B;AACArB,uBAAO6C,SAAP,CAAiBF,OAAjB;AACD;;AACDtB,oBAAMyB,cAAN;AACD,aAVD,MAWK;AACH9C,qBAAOG,KAAP,CAAa,kBAAb;AACD;AACF,WAnBI;AAoBLS,mBAAS;AACP8B,oBAAQ,UAASrB,KAAT,EAAgB;AACtB,kBACEsB,UAAYtB,MAAM0B,SAAN,CAAgBC,IAAhB,CAAqB,GAArB,KAA6BhD,OAAOiD,GAAP,CAAWC,WAAX,EAD3C;AAAA,kBAEEC,YAAYvE,SAASwE,SAAT,CAAmBC,cAAnB,CAAkCV,OAAlC,KAA8C,KAF5D;AAIA3C,qBAAO9B,WAAP,CAAmBoF,OAAnB;AACAtD,qBAAOG,KAAP,CAAa,sBAAb,EAAqCwC,OAArC,EAA8CtB,KAA9C;AACApB,6BAAeoB,KAAf;;AACA,kBAAGsB,YAAYvF,SAAf,EAA0B;AACxB4C,uBAAO6C,SAAP,CAAiBF,OAAjB;AACD;;AACD,kBAAGQ,SAAH,EAAc;AACZlG,kBAAEqF,OAAF,CAAUiB,KAAV,CAAgBJ,SAAhB;AACD;AACF;AAfM;AApBJ,SAjIA;AAwKPK,iBAAS,YAAW;AAClB,cAAG1D,aAAH,EAAkB;AAChBE,mBAAOG,KAAP,CAAa,gBAAb,EAA+BL,aAA/B;AACAE,mBAAO6C,SAAP,CAAiB/C,aAAjB;AACD;AACF,SA7KM;AA+KPN,eAAO;AAELiE,gBAAM,UAASC,QAAT,EAAmB;AACvB,mBAAQA,aAAatG,SAAd,GACHoC,MAAMkE,QAAN,CADG,GAEH,KAFJ;AAID,WAPI;AAQLC,eAAK,UAASD,QAAT,EAAmBE,OAAnB,EAA4B;AAC/BF,uBAAWA,YAAY5D,aAAvB;AACAE,mBAAOG,KAAP,CAAa,2BAAb,EAA0CuD,QAA1C;AACAlE,kBAAMkE,QAAN,IAAkBE,OAAlB;AACD,WAZI;AAaLC,kBAAQ,UAASH,QAAT,EAAmB;AACzBA,uBAAWA,YAAY5D,aAAvB;AACAE,mBAAOG,KAAP,CAAa,6BAAb,EAA4CuD,QAA5C;AACA,mBAAOlE,MAAMkE,QAAN,CAAP;AACD;AAjBI,SA/KA;AAmMPjD,aAAK;AACHD,gBAAM,YAAW;AACf,gBACEsD,MAAO,OAAOlF,SAAS6D,IAAhB,IAAwB,QAAzB,GACF7D,SAAS6D,IAAT,CAAcsB,OAAd,CAAsB,KAAtB,EAA6B,EAA7B,IAAmC,SADjC,GAEF,SAHN;AAKA/D,mBAAOe,OAAP,CAAe,gDAAf,EAAiE+C,GAAjE;;AACA,gBAAG7G,EAAE4B,aAAF,CAAgBD,SAASoF,WAAzB,CAAH,EAA0C;AACxCpF,uBAASoF,WAAT,CAAqBF,GAArB,GAA2BA,GAA3B;AACD,aAFD,MAGK;AACHlF,uBAASoF,WAAT,GAAuB;AACrBF,qBAAKA;AADgB,eAAvB;AAGD;AACF,WAhBE;AAiBHG,mBAAS,UAAStB,OAAT,EAAkB;AACzB,gBACEuB,OAAYlE,OAAOiD,GAAP,CAAWkB,UAAX,CAAsBxB,OAAtB,CADd;AAAA,gBAEEyB,YAAYF,KAAKG,QAAL,CAActF,UAAUkF,OAAxB,CAFd;;AAIA,gBAAG,CAACG,SAAJ,EAAe;AACbpE,qBAAOe,OAAP,CAAe,2BAAf,EAA4CmD,IAA5C;AACAA,mBACGI,QADH,CACYvF,UAAUkF,OADtB,EAEGM,QAFH,CAEYhF,KAFZ,EAGKiF,WAHL,CAGiBzF,UAAU0F,MAAV,GAAmB,GAAnB,GAAyB1F,UAAUkF,OAHpD;;AAKA,kBAAGC,KAAKxC,MAAL,GAAc,CAAjB,EAAoB;AAClB9C,yBAAS8F,SAAT,CAAmBlG,IAAnB,CAAwB0F,KAAK,CAAL,CAAxB,EAAiCvB,OAAjC;AACD;AACF;AACF,WAjCE;AAkCHJ,iBAAO,UAASA,KAAT,EAAgB;AACrBtF,cAAEqF,OAAF,CAAUM,KAAV,CAAgBL,KAAhB;AACD;AApCE,SAnME;AA0OPM,mBAAW,UAASF,OAAT,EAAkB;AAC3B,cACEgC,qBAAsBzH,OAAO0D,OAAP,IAAkB1D,OAAO0D,OAAP,CAAegE,SADzD;AAAA,cAEEC,mBAAsBF,sBAAsB/F,SAASkG,eAA/B,IAAkDrF,SAF1E;AAAA,cAGEsF,gBAAsBnG,SAAS4B,IAAT,IAAiBvD,EAAE4B,aAAF,CAAgBD,SAASoF,WAAzB,CAHzC;AAAA,cAIE;AACAgB,sBAAaD,iBAAiB,CAACF,gBAAnB,GACR7E,OAAOiF,SAAP,CAAiBC,WAAjB,CAA6BvC,OAA7B,CADQ,GAER3C,OAAOiD,GAAP,CAAWkC,gBAAX,CAA4BxC,OAA5B,CAPN;AASAA,oBAAU3C,OAAOiF,SAAP,CAAiBG,WAAjB,CAA6BJ,SAA7B,CAAV;AACA/H,YAAE0B,IAAF,CAAOqG,SAAP,EAAkB,UAASK,KAAT,EAAgB5H,GAAhB,EAAqB;AACrC,gBACE6H,mBAAqBN,UAAUzG,KAAV,CAAgB,CAAhB,EAAmB8G,QAAQ,CAA3B,CADvB;AAAA,gBAEEE,cAAqBvF,OAAOiF,SAAP,CAAiBG,WAAjB,CAA6BE,gBAA7B,CAFvB;AAAA,gBAIEE,QAAqBxF,OAAOyF,EAAP,CAAUhI,GAAV,CAAc8H,WAAd,CAJvB;AAAA,gBAKEG,cAAsBL,QAAQ,CAAR,IAAaL,UAAUtD,MAL/C;AAAA,gBAOEwC,OAAqBlE,OAAOiD,GAAP,CAAWkB,UAAX,CAAsBoB,WAAtB,CAPvB;AAAA,gBAQEI,OARF;AAAA,gBASEC,aATF;AAAA,gBAUEC,QAVF;AAAA,gBAWEC,SAXF;AAaA9F,mBAAOe,OAAP,CAAe,iBAAf,EAAkCtD,GAAlC;;AACA,gBAAG+H,KAAH,EAAU;AACRxF,qBAAOe,OAAP,CAAe,eAAf,EAAgCtD,GAAhC,EADQ,CAER;;AACAqC,8BAAiByF,WAAjB;AACAxF,+BAAiBC,OAAOiF,SAAP,CAAiBc,WAAjB,CAA6Bf,SAA7B,EAAwCM,gBAAxC,CAAjB;;AAEA,kBAAGI,WAAH,EAAgB;AACdI,4BAAY,IAAZ;AACD,eAFD,MAGK;AACHF,gCAAgBZ,UAAUzG,KAAV,CAAgB,CAAhB,EAAmB8G,QAAQ,CAA3B,CAAhB;AACAQ,2BAAgB7F,OAAOiF,SAAP,CAAiBG,WAAjB,CAA6BQ,aAA7B,CAAhB;AACAE,4BAAkB,CAAC9F,OAAOyF,EAAP,CAAUhI,GAAV,CAAcoI,QAAd,CAAnB;;AACA,oBAAGC,SAAH,EAAc;AACZ9F,yBAAOe,OAAP,CAAe,sBAAf,EAAuC6E,aAAvC;AACD;AACF;;AACD,kBAAGE,aAAaf,aAAhB,EAA+B;AAC7B,oBAAG,CAACF,gBAAJ,EAAsB;AACpB7E,yBAAOgG,QAAP,CAAgBC,UAAhB,CAA2BV,WAA3B;AACAvF,yBAAOkG,KAAP,CAAatC,OAAb,CAAqB2B,WAArB,EAAkC5C,OAAlC;AACD,iBAHD,MAIK;AACH3C,yBAAOG,KAAP,CAAa,2CAAb,EAA0DoF,WAA1D;AACA9F,8BAAY,KAAZ;AACAO,yBAAOR,KAAP,CAAamE,GAAb,CAAiBhB,OAAjB,EAA0BuB,KAAKiC,IAAL,EAA1B;AACAnG,yBAAOgG,QAAP,CAAgBI,GAAhB,CAAoBb,WAApB;AACA3G,2BAASwD,WAAT,CAAqB5D,IAArB,CAA0B0F,KAAK,CAAL,CAA1B,EAAmCqB,WAAnC,EAAgDxF,cAAhD,EAAgEE,YAAhE;AACArB,2BAASsD,MAAT,CAAgB1D,IAAhB,CAAqB0F,KAAK,CAAL,CAArB,EAA8BqB,WAA9B,EAA2CxF,cAA3C,EAA2DE,YAA3D;AACD;;AACD,uBAAO,KAAP;AACD,eAdD,MAeK;AACHD,uBAAOG,KAAP,CAAa,kBAAb,EAAiCoF,WAAjC;AACAvF,uBAAOgG,QAAP,CAAgBI,GAAhB,CAAoBb,WAApB;;AACA,oBAAI,CAACvF,OAAOR,KAAP,CAAaiE,IAAb,CAAkB8B,WAAlB,CAAL,EAAsC;AACpCvF,yBAAOR,KAAP,CAAamE,GAAb,CAAiB4B,WAAjB,EAA8B,IAA9B;AACAvF,yBAAOG,KAAP,CAAa,wCAAb;AACAvB,2BAASwD,WAAT,CAAqB5D,IAArB,CAA0B0F,KAAK,CAAL,CAA1B,EAAmCqB,WAAnC,EAAgDxF,cAAhD,EAAgEE,YAAhE;AACD;;AACDrB,yBAASsD,MAAT,CAAgB1D,IAAhB,CAAqB0F,KAAK,CAAL,CAArB,EAA8BqB,WAA9B,EAA2CxF,cAA3C,EAA2DE,YAA3D;AACD;AAEF,aA3CD,MA4CK,IAAG0C,QAAQ0D,MAAR,CAAe,GAAf,KAAuB,CAAC,CAAxB,IAA6B1D,YAAY,EAA5C,EAAgD;AACnD;AACAgD,wBAAc1I,EAAE,MAAM0F,OAAN,GAAgB,YAAhB,GAA+BA,OAA/B,GAAyC,IAA3C,CAAd;AACA4C,4BAAcI,QAAQnE,OAAR,CAAgB,YAAhB,EAA8B3B,IAA9B,CAAmCb,SAASvB,GAA5C,CAAd;AACAyG,qBAAclE,OAAOiD,GAAP,CAAWkB,UAAX,CAAsBoB,WAAtB,CAAd,CAJmD,CAKnD;;AACA,kBAAGI,WAAWA,QAAQjE,MAAR,GAAiB,CAA5B,IAAiC6D,WAApC,EAAiD;AAC/CvF,uBAAOG,KAAP,CAAa,sCAAb,EAAqD+D,IAArD,EAA2DyB,OAA3D;;AACA,oBAAI,CAACzB,KAAKG,QAAL,CAActF,UAAU0F,MAAxB,CAAL,EAAuC;AACrC6B,6BAAW,YAAW;AACpBtG,2BAAOuG,QAAP,CAAgBZ,OAAhB;AACD,mBAFD,EAEG,CAFH;AAGD;;AACD3F,uBAAOgG,QAAP,CAAgBI,GAAhB,CAAoBb,WAApB;;AACA,oBAAI,CAACvF,OAAOR,KAAP,CAAaiE,IAAb,CAAkB8B,WAAlB,CAAL,EAAsC;AACpCvF,yBAAOR,KAAP,CAAamE,GAAb,CAAiB4B,WAAjB,EAA8B,IAA9B;AACAvF,yBAAOG,KAAP,CAAa,wCAAb;AACAvB,2BAASwD,WAAT,CAAqB5D,IAArB,CAA0B0F,KAAK,CAAL,CAA1B,EAAmCqB,WAAnC,EAAgDxF,cAAhD,EAAgEE,YAAhE;AACD;;AACDrB,yBAASsD,MAAT,CAAgB1D,IAAhB,CAAqB0F,KAAK,CAAL,CAArB,EAA8BqB,WAA9B,EAA2CxF,cAA3C,EAA2DE,YAA3D;AACA,uBAAO,KAAP;AACD;AACF,aAtBI,MAuBA;AACHD,qBAAOf,KAAP,CAAaA,MAAMuH,UAAnB,EAA+BnH,OAA/B,EAAwCC,QAAxC,EAAkDiG,WAAlD;AACA,qBAAO,KAAP;AACD;AACF,WAtFD;AAuFD,SA5UM;AA8UPgB,kBAAU,UAASE,QAAT,EAAmB;AAC3B,cACEC,eAAgBD,YAAYA,SAAS/E,MAAT,GAAkB,CAA/B,GACX+E,SAASE,MAAT,GAAkBC,GADP,GAEX,KAHN;;AAKA,cAAGF,iBAAiB,KAApB,EAA2B;AACzB1G,mBAAOG,KAAP,CAAa,mDAAb,EAAkEuG,YAAlE,EAAgFD,QAAhF;AACAxJ,cAAEE,QAAF,EAAY0J,SAAZ,CAAsBH,YAAtB;AACD;AACF,SAxVM;AA0VPI,gBAAQ;AACNlD,mBAAS,UAASjB,OAAT,EAAkBwD,IAAlB,EAAwBY,eAAxB,EAAyC;AAChD,gBACE7C,OAAOlE,OAAOiD,GAAP,CAAWkB,UAAX,CAAsBxB,OAAtB,CADT;AAAA,gBAEElF,MAAOyG,KAAK,CAAL,CAFT;AAIA6C,8BAAmBA,oBAAoB3J,SAArB,GACd2J,eADc,GAEdnI,SAASmI,eAFb;;AAIA,gBAAGA,eAAH,EAAoB;AAClB/G,qBAAOG,KAAP,CAAa,6CAAb,EAA4DwC,OAA5D,EAAqEwD,IAArE;AACAjC,mBAAKiC,IAAL,CAAUA,IAAV;AACD,aAHD,MAIK;AACHnG,qBAAOG,KAAP,CAAa,eAAb,EAA8BwC,OAA9B,EAAuCwD,IAAvC;AACA1I,kBAAIuJ,SAAJ,GAAgBb,IAAhB;AACD;AACF;AAlBK,SA1VD;AA+WPD,eAAO;AAELtC,mBAAS,UAASjB,OAAT,EAAkBsE,WAAlB,EAA+B;AACtC,gBACE/C,OAAclE,OAAOiD,GAAP,CAAWkB,UAAX,CAAsBxB,OAAtB,CADhB;AAAA,gBAEEqB,cAAc;AACZkD,wBAAmB,MADP;AAEZC,gCAAmB,KAFP;AAGZ/F,kBAAmB,KAHP;AAIZ5B,qBAAmBZ,SAASwI,aAJhB;AAKZC,uBAAmB;AACjB,4BAAY;AADK,eALP;AAQZC,yBAAY,UAASC,QAAT,EAAmB;AAC7B,oBAAG3I,SAAS4I,SAAT,IAAsB,UAAzB,EAAqC;AACnCxH,yBAAOR,KAAP,CAAamE,GAAb,CAAiBsD,WAAjB,EAA8BM,QAA9B;AACD;;AACDvH,uBAAO8G,MAAP,CAAclD,OAAd,CAAsBjB,OAAtB,EAA+B4E,QAA/B;;AACA,oBAAG5E,WAAW7C,aAAd,EAA6B;AAC3BE,yBAAOG,KAAP,CAAa,gBAAb,EAA+BwC,OAA/B;AACA3C,yBAAOgG,QAAP,CAAgBvI,GAAhB,CAAoBkF,OAApB;AACD,iBAHD,MAIK;AACH3C,yBAAOG,KAAP,CAAa,8BAAb,EAA6CwC,OAA7C;AACD;;AACD/D,yBAASwD,WAAT,CAAqB5D,IAArB,CAA0B0F,KAAK,CAAL,CAA1B,EAAmCvB,OAAnC,EAA4C5C,cAA5C,EAA4DE,YAA5D;AACArB,yBAASsD,MAAT,CAAgB1D,IAAhB,CAAqB0F,KAAK,CAAL,CAArB,EAA8BvB,OAA9B,EAAuC5C,cAAvC,EAAuDE,YAAvD;;AACA,oBAAGrB,SAAS4I,SAAT,IAAsB,UAAzB,EAAqC;AACnCxH,yBAAOR,KAAP,CAAamE,GAAb,CAAiBsD,WAAjB,EAA8B/C,KAAKiC,IAAL,EAA9B;AACD;AACF,eAzBW;AA0BZsB,uBAAS;AACPhK,qBAAKwJ;AADE;AA1BG,aAFhB;AAAA,gBAgCES,UAAkBxD,KAAKyD,GAAL,CAAS,aAAT,KAA2B,KAhC/C;AAAA,gBAiCEC,kBAAoBF,WAAWA,QAAQnF,KAAR,OAAoB,SAjCrD;AAAA,gBAkCEsF,eAlCF;AAAA,gBAmCEC,aAnCF;AAsCAb,0BAAgBA,eAAetE,OAA/B;AACAmF,4BAAgB9H,OAAOR,KAAP,CAAaiE,IAAb,CAAkBwD,WAAlB,CAAhB;;AAGA,gBAAGrI,SAASY,KAAT,IAAkBsI,aAArB,EAAoC;AAClC9H,qBAAOgG,QAAP,CAAgBvI,GAAhB,CAAoBkF,OAApB;AACA3C,qBAAOG,KAAP,CAAa,uBAAb,EAAsC8G,WAAtC;;AACA,kBAAGrI,SAASmI,eAAT,IAA4B,MAA/B,EAAuC;AACrC/G,uBAAO8G,MAAP,CAAclD,OAAd,CAAsBjB,OAAtB,EAA+BmF,aAA/B,EAA8C,KAA9C;AACD,eAFD,MAGK;AACH9H,uBAAO8G,MAAP,CAAclD,OAAd,CAAsBjB,OAAtB,EAA+BmF,aAA/B;AACD;;AACDlJ,uBAASsD,MAAT,CAAgB1D,IAAhB,CAAqB0F,KAAK,CAAL,CAArB,EAA8BvB,OAA9B,EAAuC5C,cAAvC,EAAuDE,YAAvD;AACD,aAVD,MAWK,IAAG2H,eAAH,EAAoB;AACvB5H,qBAAOS,GAAP,CAAWwD,OAAX,CAAmBtB,OAAnB;AACA3C,qBAAOG,KAAP,CAAa,4BAAb,EAA2C8G,WAA3C;AACD,aAHI,MAIA,IAAGhK,EAAE0K,GAAF,KAAUvK,SAAb,EAAwB;AAC3ByK,gCAAkB5K,EAAE6B,MAAF,CAAS,IAAT,EAAe,EAAf,EAAmBF,SAASoF,WAA5B,EAAyCA,WAAzC,CAAlB;AACAhE,qBAAOG,KAAP,CAAa,2BAAb,EAA0C8G,WAA1C,EAAuDY,eAAvD;AACA7H,qBAAOS,GAAP,CAAWwD,OAAX,CAAmBtB,OAAnB;AACAuB,mBAAKyD,GAAL,CAASE,eAAT;AACD,aALI,MAMA;AACH7H,qBAAOf,KAAP,CAAaA,MAAM0I,GAAnB;AACD;AACF;AArEI,SA/WA;AAubP3B,kBAAU;AACRI,eAAK,UAASzD,OAAT,EAAkB;AACrB3C,mBAAOgG,QAAP,CAAgBvI,GAAhB,CAAoBkF,OAApB;AACA3C,mBAAOgG,QAAP,CAAgBC,UAAhB,CAA2BtD,OAA3B;AACD,WAJO;AAKRlF,eAAK,UAASkF,OAAT,EAAkB;AACrB,gBACEuB,OAAgBlE,OAAOiD,GAAP,CAAWkB,UAAX,CAAsBxB,OAAtB,CADlB;AAAA,gBAEEoF,gBAAiBnJ,SAASoJ,UAAT,IAAuB,UAAxB,GACZ9D,KAAKK,QAAL,CAAchF,KAAd,CADY,GAEZA,MAAM0I,GAAN,CAAU/D,IAAV,CAJN;AAAA,gBAKEgE,WAAgBhE,KAAKG,QAAL,CAActF,UAAU0F,MAAxB,CALlB;AAOAzE,mBAAOe,OAAP,CAAe,yBAAf,EAA0CmD,IAA1C;;AACA,gBAAG,CAACgE,QAAJ,EAAc;AACZhE,mBACGI,QADH,CACYvF,UAAU0F,MADtB;AAGAsD,4BACGvD,WADH,CACezF,UAAU0F,MAAV,GAAmB,GAAnB,GAAyB1F,UAAUkF,OADlD;;AAGA,kBAAGC,KAAKxC,MAAL,GAAc,CAAjB,EAAoB;AAClB9C,yBAASuJ,SAAT,CAAmB3J,IAAnB,CAAwB0F,KAAK,CAAL,CAAxB,EAAiCvB,OAAjC;AACD;AACF;AACF,WAzBO;AA0BRsD,sBAAY,UAAStD,OAAT,EAAkB;AAC5B,gBACEyF,cAAsBpI,OAAOiD,GAAP,CAAWoF,UAAX,CAAsB1F,OAAtB,CADxB;AAAA,gBAEE2F,sBAAuB1J,SAASoJ,UAAT,IAAuB,UAAxB,GAClBI,YAAY7D,QAAZ,CAAqB5G,WAArB,CADkB,GAElBA,YAAYsK,GAAZ,CAAgBG,WAAhB,CAJN;AAAA,gBAKEF,WAAcE,YAAY/D,QAAZ,CAAqBtF,UAAU0F,MAA/B,CALhB;AAOAzE,mBAAOe,OAAP,CAAe,+BAAf,EAAgDqH,WAAhD,EAA6DzF,OAA7D;;AACA,gBAAG,CAACuF,QAAJ,EAAc;AACZE,0BACG9D,QADH,CACYvF,UAAU0F,MADtB;AAGA6D,kCACG9D,WADH,CACezF,UAAU0F,MAAV,GAAmB,GAAnB,GAAyB1F,UAAUkF,OADlD;AAGD;AACF;AA3CO,SAvbH;AAqeP+D,oBAAY;AACV5B,eAAK,YAAW;AACdpG,mBAAOgI,UAAP,CAAkB/B,UAAlB;AACAjG,mBAAOgI,UAAP,CAAkBlG,IAAlB;AACD,WAJS;AAKVmE,sBAAY,YAAW;AACrBtI,wBACG6G,WADH,CACezF,UAAU0F,MADzB;AAGD,WATS;AAUV3C,gBAAM,YAAW;AACfvC,kBACGiF,WADH,CACezF,UAAU0F,MAAV,GAAmB,GAAnB,GAAyB1F,UAAUkF,OADlD;AAGD;AAdS,SAreL;AAsfPwB,YAAI;AACFhI,eAAK,UAAS8K,OAAT,EAAkB;AACrB,mBAAQA,YAAYnL,SAAb,GACD4C,OAAOiD,GAAP,CAAWkB,UAAX,CAAsBoE,OAAtB,EAA+B7G,MAA/B,GAAwC,CADvC,GAEH,KAFJ;AAID;AANC,SAtfG;AA+fPuB,aAAK;AACHC,uBAAa,YAAW;AACtB,mBAAOvF,YAAY6K,EAAZ,CAAe,CAAf,EAAkB3I,IAAlB,CAAuBb,SAASvB,GAAhC,KAAwC8B,MAAMiJ,EAAN,CAAS,CAAT,EAAY3I,IAAZ,CAAiBb,SAASvB,GAA1B,CAA/C;AACD,WAHE;AAIHgF,gBAAM,YAAW;AACf,mBAAOxF,EAAEqF,OAAF,CAAUM,KAAV,EAAP;AACD,WANE;AAOH;AACAuC,4BAAkB,UAASxC,OAAT,EAAkB;AAClC,mBAAO3C,OAAOiF,SAAP,CAAiBC,WAAjB,CAA8BlF,OAAOiD,GAAP,CAAWwF,WAAX,CAAuB9F,OAAvB,CAA9B,CAAP;AACD,WAVE;AAWH8F,uBAAa,UAAS9F,OAAT,EAAkB;AAC7B,gBACE+F,cAAc/K,YAAYgL,MAAZ,CAAmB,WAAW3J,SAASvB,GAApB,GAA0B,KAA1B,GAAkCkF,OAAlC,GAA4C,KAA/D,EAAsE6F,EAAtE,CAAyE,CAAzE,CADhB;AAAA,gBAEEI,aAAcF,YAAY7I,IAAZ,CAAiBb,SAASvB,GAA1B,KAAkC,KAFlD;;AAIA,gBAAImL,UAAJ,EAAiB;AACf5I,qBAAOG,KAAP,CAAa,mBAAb,EAAkCyI,UAAlC;;AACA,kBAAGlJ,iBAAiBd,SAASiK,QAA7B,EAAuC;AACrCnJ;AACA,uBAAOM,OAAOiD,GAAP,CAAWwF,WAAX,CAAuBG,UAAvB,CAAP;AACD;;AACD5I,qBAAOf,KAAP,CAAaA,MAAM6J,SAAnB;AACD,aAPD,MAQK;AACH9I,qBAAOG,KAAP,CAAa,2BAAb,EAA0CwC,OAA1C,EAAmDpD,KAAnD;AACD;;AACDG,6BAAiB,CAAjB;AACA,mBAAOiD,OAAP;AACD,WA7BE;AA8BH0F,sBAAY,UAAS1F,OAAT,EAAkB;AAC5BA,sBAAUA,WAAW7C,aAArB;AACA,mBAAOnC,YAAYgL,MAAZ,CAAmB,WAAW3J,SAASvB,GAApB,GAA0B,IAA1B,GAAiCkF,OAAjC,GAA2C,IAA9D,CAAP;AACD,WAjCE;AAkCHwB,sBAAY,UAASxB,OAAT,EAAkB;AAC5B,gBACEoG,YADF,EAEEC,cAFF,EAGEC,YAHF,EAIEC,OAJF;AAMAvG,sBAAiBA,WAAW7C,aAA5B;AACAmJ,2BAAiBjJ,OAAOiF,SAAP,CAAiBC,WAAjB,CAA6BvC,OAA7B,CAAjB;AACAuG,sBAAiBlJ,OAAOiF,SAAP,CAAiBkE,IAAjB,CAAsBF,YAAtB,CAAjB;AACAF,2BAAiBxJ,MAAMoJ,MAAN,CAAa,WAAW3J,SAASvB,GAApB,GAA0B,IAA1B,GAAiCkF,OAAjC,GAA2C,IAAxD,CAAjB;AACAqG,6BAAiBzJ,MAAMoJ,MAAN,CAAa,WAAW3J,SAASvB,GAApB,GAA0B,IAA1B,GAAiCyL,OAAjC,GAA2C,IAAxD,CAAjB;AACA,mBAAQH,aAAarH,MAAb,GAAsB,CAAvB,GACHqH,YADG,GAEHC,cAFJ;AAID,WAlDE;AAmDHvL,eAAK,YAAW;AACd,mBAAOqC,aAAP;AACD;AArDE,SA/fE;AAujBPmF,mBAAW;AACTc,uBAAa,UAASqD,SAAT,EAAoBC,WAApB,EAAiC;AAC5C,mBAAOpM,EAAEqM,IAAF,CAAOF,SAAP,EAAkB,UAASG,SAAT,EAAoB;AAC3C,qBAAStM,EAAEuM,OAAF,CAAUD,SAAV,EAAqBF,WAArB,KAAqC,CAAC,CAA/C;AACD,aAFM,CAAP;AAGD,WALQ;AAMTF,gBAAM,UAASM,KAAT,EAAgB;AACpB,mBAAOxM,EAAEyM,OAAF,CAAUD,KAAV,IACHA,MAAOA,MAAM/H,MAAN,GAAe,CAAtB,CADG,GAEH,KAFJ;AAID,WAXQ;AAYTwD,uBAAa,UAASyE,QAAT,EAAmB;AAC9B,gBAAGA,aAAavM,SAAhB,EAA2B;AACzBuM,yBAAW7J,aAAX;AACD;;AACD,mBAAO,OAAO6J,QAAP,IAAmB,QAAnB,GACHA,SAASC,KAAT,CAAe,GAAf,CADG,GAEH,CAACD,QAAD,CAFJ;AAID,WApBQ;AAqBTvE,uBAAa,UAASJ,SAAT,EAAoB;AAC/B,mBAAO/H,EAAEyM,OAAF,CAAU1E,SAAV,IACHA,UAAUhC,IAAV,CAAe,GAAf,CADG,GAEH,KAFJ;AAID;AA1BQ,SAvjBJ;AAolBP6G,iBAAS,UAASC,IAAT,EAAelH,KAAf,EAAsB;AAC7B5C,iBAAOG,KAAP,CAAa,kBAAb,EAAiC2J,IAAjC,EAAuClH,KAAvC;;AACA,cAAI3F,EAAE4B,aAAF,CAAgBiL,IAAhB,CAAJ,EAA4B;AAC1B7M,cAAE6B,MAAF,CAAS,IAAT,EAAeF,QAAf,EAAyBkL,IAAzB;AACD,WAFD,MAGK,IAAGlH,UAAUxF,SAAb,EAAwB;AAC3B,gBAAGH,EAAE4B,aAAF,CAAgBD,SAASkL,IAAT,CAAhB,CAAH,EAAoC;AAClC7M,gBAAE6B,MAAF,CAAS,IAAT,EAAeF,SAASkL,IAAT,CAAf,EAA+BlH,KAA/B;AACD,aAFD,MAGK;AACHhE,uBAASkL,IAAT,IAAiBlH,KAAjB;AACD;AACF,WAPI,MAQA;AACH,mBAAOhE,SAASkL,IAAT,CAAP;AACD;AACF,SApmBM;AAqmBPC,kBAAU,UAASD,IAAT,EAAelH,KAAf,EAAsB;AAC9B,cAAI3F,EAAE4B,aAAF,CAAgBiL,IAAhB,CAAJ,EAA4B;AAC1B7M,cAAE6B,MAAF,CAAS,IAAT,EAAekB,MAAf,EAAuB8J,IAAvB;AACD,WAFD,MAGK,IAAGlH,UAAUxF,SAAb,EAAwB;AAC3B4C,mBAAO8J,IAAP,IAAelH,KAAf;AACD,WAFI,MAGA;AACH,mBAAO5C,OAAO8J,IAAP,CAAP;AACD;AACF,SA/mBM;AAgnBP3J,eAAO,YAAW;AAChB,cAAG,CAACvB,SAASoL,MAAV,IAAoBpL,SAASuB,KAAhC,EAAuC;AACrC,gBAAGvB,SAASV,WAAZ,EAAyB;AACvB8B,qBAAO9B,WAAP,CAAmB+L,GAAnB,CAAuB7L,SAAvB;AACD,aAFD,MAGK;AACH4B,qBAAOG,KAAP,GAAe5C,SAAS2M,SAAT,CAAmBxJ,IAAnB,CAAwBlC,IAAxB,CAA6B2L,QAAQC,IAArC,EAA2CD,OAA3C,EAAoDvL,SAASkL,IAAT,GAAgB,GAApE,CAAf;AACA9J,qBAAOG,KAAP,CAAakK,KAAb,CAAmBF,OAAnB,EAA4B/L,SAA5B;AACD;AACF;AACF,SA1nBM;AA2nBP2C,iBAAS,YAAW;AAClB,cAAG,CAACnC,SAASoL,MAAV,IAAoBpL,SAASmC,OAA7B,IAAwCnC,SAASuB,KAApD,EAA2D;AACzD,gBAAGvB,SAASV,WAAZ,EAAyB;AACvB8B,qBAAO9B,WAAP,CAAmB+L,GAAnB,CAAuB7L,SAAvB;AACD,aAFD,MAGK;AACH4B,qBAAOe,OAAP,GAAiBxD,SAAS2M,SAAT,CAAmBxJ,IAAnB,CAAwBlC,IAAxB,CAA6B2L,QAAQC,IAArC,EAA2CD,OAA3C,EAAoDvL,SAASkL,IAAT,GAAgB,GAApE,CAAjB;AACA9J,qBAAOe,OAAP,CAAesJ,KAAf,CAAqBF,OAArB,EAA8B/L,SAA9B;AACD;AACF;AACF,SAroBM;AAsoBPa,eAAO,YAAW;AAChB,cAAG,CAACL,SAASoL,MAAb,EAAqB;AACnBhK,mBAAOf,KAAP,GAAe1B,SAAS2M,SAAT,CAAmBxJ,IAAnB,CAAwBlC,IAAxB,CAA6B2L,QAAQlL,KAArC,EAA4CkL,OAA5C,EAAqDvL,SAASkL,IAAT,GAAgB,GAArE,CAAf;AACA9J,mBAAOf,KAAP,CAAaoL,KAAb,CAAmBF,OAAnB,EAA4B/L,SAA5B;AACD;AACF,SA3oBM;AA4oBPF,qBAAa;AACX+L,eAAK,UAASK,OAAT,EAAkB;AACrB,gBACEC,WADF,EAEEC,aAFF,EAGEC,YAHF;;AAKA,gBAAG7L,SAASV,WAAZ,EAAyB;AACvBqM,4BAAgB,IAAIvM,IAAJ,GAAWC,OAAX,EAAhB;AACAwM,6BAAgB1M,QAAQwM,WAAxB;AACAC,8BAAgBD,cAAcE,YAA9B;AACA1M,qBAAgBwM,WAAhB;AACArM,0BAAYwM,IAAZ,CAAiB;AACf,wBAAmBJ,QAAQ,CAAR,CADJ;AAEf,6BAAmB,GAAG/L,KAAH,CAASC,IAAT,CAAc8L,OAAd,EAAuB,CAAvB,KAA6B,EAFjC;AAGf,2BAAmB3K,OAHJ;AAIf,kCAAmB6K;AAJJ,eAAjB;AAMD;;AACDG,yBAAa3K,OAAO9B,WAAP,CAAmB0M,KAAhC;AACA5K,mBAAO9B,WAAP,CAAmB0M,KAAnB,GAA2BtE,WAAWtG,OAAO9B,WAAP,CAAmBoF,OAA9B,EAAuC,GAAvC,CAA3B;AACD,WArBU;AAsBXA,mBAAS,YAAW;AAClB,gBACEC,QAAQ3E,SAASkL,IAAT,GAAgB,GAD1B;AAAA,gBAEEe,YAAY,CAFd;AAIA9M,mBAAO,KAAP;AACA4M,yBAAa3K,OAAO9B,WAAP,CAAmB0M,KAAhC;AACA3N,cAAE0B,IAAF,CAAOT,WAAP,EAAoB,UAASmH,KAAT,EAAgBxF,IAAhB,EAAsB;AACxCgL,2BAAahL,KAAK,gBAAL,CAAb;AACD,aAFD;AAGA0D,qBAAS,MAAMsH,SAAN,GAAkB,IAA3B;;AACA,gBAAGhN,cAAH,EAAmB;AACjB0F,uBAAS,QAAQ1F,cAAR,GAAyB,IAAlC;AACD;;AACD,gBAAI,CAACsM,QAAQW,KAAR,KAAkB1N,SAAlB,IAA+B+M,QAAQY,KAAR,KAAkB3N,SAAlD,KAAgEc,YAAYwD,MAAZ,GAAqB,CAAzF,EAA4F;AAC1FyI,sBAAQa,cAAR,CAAuBzH,KAAvB;;AACA,kBAAG4G,QAAQY,KAAX,EAAkB;AAChBZ,wBAAQY,KAAR,CAAc7M,WAAd;AACD,eAFD,MAGK;AACHjB,kBAAE0B,IAAF,CAAOT,WAAP,EAAoB,UAASmH,KAAT,EAAgBxF,IAAhB,EAAsB;AACxCsK,0BAAQF,GAAR,CAAYpK,KAAK,MAAL,IAAe,IAAf,GAAsBA,KAAK,gBAAL,CAAtB,GAA6C,IAAzD;AACD,iBAFD;AAGD;;AACDsK,sBAAQc,QAAR;AACD;;AACD/M,0BAAc,EAAd;AACD;AAjDU,SA5oBN;AA+rBPgN,gBAAQ,UAAS/M,KAAT,EAAgBgN,eAAhB,EAAiC5K,OAAjC,EAA0C;AAChD,cACE6K,SAASxL,QADX;AAAA,cAEEiJ,QAFF;AAAA,cAGEwC,KAHF;AAAA,cAIE9D,QAJF;AAMA4D,4BAAkBA,mBAAmB7M,cAArC;AACAiC,oBAAkBZ,WAAmBY,OAArC;;AACA,cAAG,OAAOpC,KAAP,IAAgB,QAAhB,IAA4BiN,WAAWhO,SAA1C,EAAqD;AACnDe,oBAAWA,MAAMyL,KAAN,CAAY,OAAZ,CAAX;AACAf,uBAAW1K,MAAMuD,MAAN,GAAe,CAA1B;AACAzE,cAAE0B,IAAF,CAAOR,KAAP,EAAc,UAASmN,KAAT,EAAgB1I,KAAhB,EAAuB;AACnC,kBAAI2I,iBAAkBD,SAASzC,QAAV,GACjBjG,QAAQzE,MAAMmN,QAAQ,CAAd,EAAiBE,MAAjB,CAAwB,CAAxB,EAA2BC,WAA3B,EAAR,GAAmDtN,MAAMmN,QAAQ,CAAd,EAAiB/M,KAAjB,CAAuB,CAAvB,CADlC,GAEjBJ,KAFJ;;AAIA,kBAAIlB,EAAE4B,aAAF,CAAiBuM,OAAOG,cAAP,CAAjB,KAA8CD,SAASzC,QAA3D,EAAuE;AACrEuC,yBAASA,OAAOG,cAAP,CAAT;AACD,eAFD,MAGK,IAAIH,OAAOG,cAAP,MAA2BnO,SAA/B,EAA2C;AAC9CiO,wBAAQD,OAAOG,cAAP,CAAR;AACA,uBAAO,KAAP;AACD,eAHI,MAIA,IAAItO,EAAE4B,aAAF,CAAiBuM,OAAOxI,KAAP,CAAjB,KAAqC0I,SAASzC,QAAlD,EAA8D;AACjEuC,yBAASA,OAAOxI,KAAP,CAAT;AACD,eAFI,MAGA,IAAIwI,OAAOxI,KAAP,MAAkBxF,SAAtB,EAAkC;AACrCiO,wBAAQD,OAAOxI,KAAP,CAAR;AACA,uBAAO,KAAP;AACD,eAHI,MAIA;AACH5C,uBAAOf,KAAP,CAAaA,MAAMyM,MAAnB,EAA2BvN,KAA3B;AACA,uBAAO,KAAP;AACD;AACF,aAvBD;AAwBD;;AACD,cAAKlB,EAAEW,UAAF,CAAcyN,KAAd,CAAL,EAA6B;AAC3B9D,uBAAW8D,MAAMhB,KAAN,CAAY9J,OAAZ,EAAqB4K,eAArB,CAAX;AACD,WAFD,MAGK,IAAGE,UAAUjO,SAAb,EAAwB;AAC3BmK,uBAAW8D,KAAX;AACD;;AACD,cAAGpO,EAAEyM,OAAF,CAAUhL,aAAV,CAAH,EAA6B;AAC3BA,0BAAcgM,IAAd,CAAmBnD,QAAnB;AACD,WAFD,MAGK,IAAG7I,kBAAkBtB,SAArB,EAAgC;AACnCsB,4BAAgB,CAACA,aAAD,EAAgB6I,QAAhB,CAAhB;AACD,WAFI,MAGA,IAAGA,aAAanK,SAAhB,EAA2B;AAC9BsB,4BAAgB6I,QAAhB;AACD;;AACD,iBAAO8D,KAAP;AACD;AApvBM,OAAT;;AAsvBA,UAAGhN,aAAH,EAAkB;AAChB,YAAGuB,aAAaxC,SAAhB,EAA2B;AACzB4C,iBAAOE,UAAP;AACD;;AACDF,eAAOkL,MAAP,CAAc/M,KAAd;AACD,OALD,MAMK;AACH,YAAGyB,aAAaxC,SAAhB,EAA2B;AACzBwC,mBAASsL,MAAT,CAAgB,SAAhB;AACD;;AACDlL,eAAOE,UAAP;AACD;AACF,KApyBH;AAsyBA,WAAQxB,kBAAkBtB,SAAnB,GACHsB,aADG,GAEH,IAFJ;AAKD,GA/zBD,CAX4C,CA40B5C;;;AACAzB,IAAEQ,GAAF,GAAQ,YAAW;AACjBR,MAAEC,MAAF,EAAUO,GAAV,CAAc4M,KAAd,CAAoB,IAApB,EAA0BjM,SAA1B;AACD,GAFD;;AAIAnB,IAAEO,EAAF,CAAKC,GAAL,CAASmB,QAAT,GAAoB;AAElBkL,UAAkB,KAFA;AAGlB3K,eAAkB,KAHA;AAKlB6K,YAAkB,KALA;AAMlB7J,WAAkB,KANA;AAOlBY,aAAkB,KAPA;AAQlB7C,iBAAkB,IARA;AAUlBsC,UAAkB,KAVA;AAUY;AAC9BI,aAAkB,KAXA;AAWY;AAC9B4B,iBAAkB,MAZA;AAYY;AAC9BC,UAAkB,KAbA;AAaY;AAE9BlC,aAAkB,KAfA;AAeY;AAC9BqB,kBAAkB,KAhBA;AAgBY;AAC9BiH,cAAkB,EAjBA;AAiBY;AAE9Bb,gBAAkB,UAnBA;AAmBY;AAE9BZ,mBAAkB,KArBA;AAqBY;AAC9B5H,WAAkB,IAtBA;AAsBY;AAC9BgI,eAAkB,UAvBA;AAuBY;AAC9B1C,qBAAkB,KAxBA;AAwBY;AAE9Bd,iBAAkB,KA1BA;AA0BY;AAC9B+C,qBAAkB,MA3BA;AA2BY;AAE9B3E,iBAAc,UAASO,OAAT,EAAkB5C,cAAlB,EAAkCE,YAAlC,EAAgD,CAAE,CA7B9C;AA6BgD;AAClEiC,YAAc,UAASS,OAAT,EAAkB5C,cAAlB,EAAkCE,YAAlC,EAAgD,CAAE,CA9B9C;AA8BgD;AAClEkI,eAAc,UAASxF,OAAT,EAAkB5C,cAAlB,EAAkCE,YAAlC,EAAgD,CAAE,CA/B9C;AA+BgD;AAClEyE,eAAc,UAAS/B,OAAT,EAAkB5C,cAAlB,EAAkCE,YAAlC,EAAgD,CAAE,CAhC9C;AAgCgD;AAElEmD,eAAY;AACVC,sBAAgB,UAASsI,QAAT,EAAmB,CAAE,CAD3B,CAC4B;;AAD5B,KAlCM;AAsClB1M,WAAO;AACL0I,WAAa,kDADR;AAEL+D,cAAa,sCAFR;AAGLlF,kBAAa,yDAHR;AAILoF,iBAAa,iDAJR;AAKLnJ,YAAa,4CALR;AAMLqG,iBAAa,6BANR;AAOLzG,kBAAa,4EAPR;AAQLF,kBAAa,sEARR;AASLI,aAAa;AATR,KAtCW;AAkDlBvD,cAAW;AACTvB,WAAS,KADA;AAEToO,cAAS,QAFA;AAGTC,eAAS;AAHA,KAlDO;AAwDlB/M,eAAc;AACZkF,eAAU,SADE;AAEZQ,cAAU;AAFE,KAxDI;AA6DlB3G,cAAc;AACZgE,YAAO,SADK;AAEZL,UAAO;AAFK;AA7DI,GAApB;AAoEC,CAr5BA,EAq5BGsK,MAr5BH,EAq5BW7O,MAr5BX,EAq5BmBC,QAr5BnB","file":"client/lib/semantic-ui/definitions/modules/tab.js.map","sourcesContent":["/*\n  DO NOT MODIFY - This file has been generated and will be regenerated\n  Semantic UI v2.2.1\n*/\n/*!\n * # Semantic UI - Tab\n * http://github.com/semantic-org/semantic-ui/\n *\n *\n * Released under the MIT license\n * http://opensource.org/licenses/MIT\n *\n */\n\n;(function ($, window, document, undefined) {\n\n\"use strict\";\n\nwindow = (typeof window != 'undefined' && window.Math == Math)\n  ? window\n  : (typeof self != 'undefined' && self.Math == Math)\n    ? self\n    : Function('return this')()\n;\n\n$.fn.tab = function(parameters) {\n\n  var\n    // use window context if none specified\n    $allModules     = $.isFunction(this)\n        ? $(window)\n        : $(this),\n\n    moduleSelector  = $allModules.selector || '',\n    time            = new Date().getTime(),\n    performance     = [],\n\n    query           = arguments[0],\n    methodInvoked   = (typeof query == 'string'),\n    queryArguments  = [].slice.call(arguments, 1),\n\n    initializedHistory = false,\n    returnedValue\n  ;\n\n  $allModules\n    .each(function() {\n      var\n\n        settings        = ( $.isPlainObject(parameters) )\n          ? $.extend(true, {}, $.fn.tab.settings, parameters)\n          : $.extend({}, $.fn.tab.settings),\n\n        className       = settings.className,\n        metadata        = settings.metadata,\n        selector        = settings.selector,\n        error           = settings.error,\n\n        eventNamespace  = '.' + settings.namespace,\n        moduleNamespace = 'module-' + settings.namespace,\n\n        $module         = $(this),\n        $context,\n        $tabs,\n\n        cache           = {},\n        firstLoad       = true,\n        recursionDepth  = 0,\n        element         = this,\n        instance        = $module.data(moduleNamespace),\n\n        activeTabPath,\n        parameterArray,\n        module,\n\n        historyEvent\n\n      ;\n\n      module = {\n\n        initialize: function() {\n          module.debug('Initializing tab menu item', $module);\n          module.fix.callbacks();\n          module.determineTabs();\n\n          module.debug('Determining tabs', settings.context, $tabs);\n          // set up automatic routing\n          if(settings.auto) {\n            module.set.auto();\n          }\n          module.bind.events();\n\n          if(settings.history && !initializedHistory) {\n            module.initializeHistory();\n            initializedHistory = true;\n          }\n\n          module.instantiate();\n        },\n\n        instantiate: function () {\n          module.verbose('Storing instance of module', module);\n          instance = module;\n          $module\n            .data(moduleNamespace, module)\n          ;\n        },\n\n        destroy: function() {\n          module.debug('Destroying tabs', $module);\n          $module\n            .removeData(moduleNamespace)\n            .off(eventNamespace)\n          ;\n        },\n\n        bind: {\n          events: function() {\n            // if using $.tab don't add events\n            if( !$.isWindow( element ) ) {\n              module.debug('Attaching tab activation events to element', $module);\n              $module\n                .on('click' + eventNamespace, module.event.click)\n              ;\n            }\n          }\n        },\n\n        determineTabs: function() {\n          var\n            $reference\n          ;\n\n          // determine tab context\n          if(settings.context === 'parent') {\n            if($module.closest(selector.ui).length > 0) {\n              $reference = $module.closest(selector.ui);\n              module.verbose('Using closest UI element as parent', $reference);\n            }\n            else {\n              $reference = $module;\n            }\n            $context = $reference.parent();\n            module.verbose('Determined parent element for creating context', $context);\n          }\n          else if(settings.context) {\n            $context = $(settings.context);\n            module.verbose('Using selector for tab context', settings.context, $context);\n          }\n          else {\n            $context = $('body');\n          }\n          // find tabs\n          if(settings.childrenOnly) {\n            $tabs = $context.children(selector.tabs);\n            module.debug('Searching tab context children for tabs', $context, $tabs);\n          }\n          else {\n            $tabs = $context.find(selector.tabs);\n            module.debug('Searching tab context for tabs', $context, $tabs);\n          }\n        },\n\n        fix: {\n          callbacks: function() {\n            if( $.isPlainObject(parameters) && (parameters.onTabLoad || parameters.onTabInit) ) {\n              if(parameters.onTabLoad) {\n                parameters.onLoad = parameters.onTabLoad;\n                delete parameters.onTabLoad;\n                module.error(error.legacyLoad, parameters.onLoad);\n              }\n              if(parameters.onTabInit) {\n                parameters.onFirstLoad = parameters.onTabInit;\n                delete parameters.onTabInit;\n                module.error(error.legacyInit, parameters.onFirstLoad);\n              }\n              settings = $.extend(true, {}, $.fn.tab.settings, parameters);\n            }\n          }\n        },\n\n        initializeHistory: function() {\n          module.debug('Initializing page state');\n          if( $.address === undefined ) {\n            module.error(error.state);\n            return false;\n          }\n          else {\n            if(settings.historyType == 'state') {\n              module.debug('Using HTML5 to manage state');\n              if(settings.path !== false) {\n                $.address\n                  .history(true)\n                  .state(settings.path)\n                ;\n              }\n              else {\n                module.error(error.path);\n                return false;\n              }\n            }\n            $.address\n              .bind('change', module.event.history.change)\n            ;\n          }\n        },\n\n        event: {\n          click: function(event) {\n            var\n              tabPath = $(this).data(metadata.tab)\n            ;\n            if(tabPath !== undefined) {\n              if(settings.history) {\n                module.verbose('Updating page state', event);\n                $.address.value(tabPath);\n              }\n              else {\n                module.verbose('Changing tab', event);\n                module.changeTab(tabPath);\n              }\n              event.preventDefault();\n            }\n            else {\n              module.debug('No tab specified');\n            }\n          },\n          history: {\n            change: function(event) {\n              var\n                tabPath   = event.pathNames.join('/') || module.get.initialPath(),\n                pageTitle = settings.templates.determineTitle(tabPath) || false\n              ;\n              module.performance.display();\n              module.debug('History change event', tabPath, event);\n              historyEvent = event;\n              if(tabPath !== undefined) {\n                module.changeTab(tabPath);\n              }\n              if(pageTitle) {\n                $.address.title(pageTitle);\n              }\n            }\n          }\n        },\n\n        refresh: function() {\n          if(activeTabPath) {\n            module.debug('Refreshing tab', activeTabPath);\n            module.changeTab(activeTabPath);\n          }\n        },\n\n        cache: {\n\n          read: function(cacheKey) {\n            return (cacheKey !== undefined)\n              ? cache[cacheKey]\n              : false\n            ;\n          },\n          add: function(cacheKey, content) {\n            cacheKey = cacheKey || activeTabPath;\n            module.debug('Adding cached content for', cacheKey);\n            cache[cacheKey] = content;\n          },\n          remove: function(cacheKey) {\n            cacheKey = cacheKey || activeTabPath;\n            module.debug('Removing cached content for', cacheKey);\n            delete cache[cacheKey];\n          }\n        },\n\n        set: {\n          auto: function() {\n            var\n              url = (typeof settings.path == 'string')\n                ? settings.path.replace(/\\/$/, '') + '/{$tab}'\n                : '/{$tab}'\n            ;\n            module.verbose('Setting up automatic tab retrieval from server', url);\n            if($.isPlainObject(settings.apiSettings)) {\n              settings.apiSettings.url = url;\n            }\n            else {\n              settings.apiSettings = {\n                url: url\n              };\n            }\n          },\n          loading: function(tabPath) {\n            var\n              $tab      = module.get.tabElement(tabPath),\n              isLoading = $tab.hasClass(className.loading)\n            ;\n            if(!isLoading) {\n              module.verbose('Setting loading state for', $tab);\n              $tab\n                .addClass(className.loading)\n                .siblings($tabs)\n                  .removeClass(className.active + ' ' + className.loading)\n              ;\n              if($tab.length > 0) {\n                settings.onRequest.call($tab[0], tabPath);\n              }\n            }\n          },\n          state: function(state) {\n            $.address.value(state);\n          }\n        },\n\n        changeTab: function(tabPath) {\n          var\n            pushStateAvailable = (window.history && window.history.pushState),\n            shouldIgnoreLoad   = (pushStateAvailable && settings.ignoreFirstLoad && firstLoad),\n            remoteContent      = (settings.auto || $.isPlainObject(settings.apiSettings) ),\n            // only add default path if not remote content\n            pathArray = (remoteContent && !shouldIgnoreLoad)\n              ? module.utilities.pathToArray(tabPath)\n              : module.get.defaultPathArray(tabPath)\n          ;\n          tabPath = module.utilities.arrayToPath(pathArray);\n          $.each(pathArray, function(index, tab) {\n            var\n              currentPathArray   = pathArray.slice(0, index + 1),\n              currentPath        = module.utilities.arrayToPath(currentPathArray),\n\n              isTab              = module.is.tab(currentPath),\n              isLastIndex        = (index + 1 == pathArray.length),\n\n              $tab               = module.get.tabElement(currentPath),\n              $anchor,\n              nextPathArray,\n              nextPath,\n              isLastTab\n            ;\n            module.verbose('Looking for tab', tab);\n            if(isTab) {\n              module.verbose('Tab was found', tab);\n              // scope up\n              activeTabPath  = currentPath;\n              parameterArray = module.utilities.filterArray(pathArray, currentPathArray);\n\n              if(isLastIndex) {\n                isLastTab = true;\n              }\n              else {\n                nextPathArray = pathArray.slice(0, index + 2);\n                nextPath      = module.utilities.arrayToPath(nextPathArray);\n                isLastTab     = ( !module.is.tab(nextPath) );\n                if(isLastTab) {\n                  module.verbose('Tab parameters found', nextPathArray);\n                }\n              }\n              if(isLastTab && remoteContent) {\n                if(!shouldIgnoreLoad) {\n                  module.activate.navigation(currentPath);\n                  module.fetch.content(currentPath, tabPath);\n                }\n                else {\n                  module.debug('Ignoring remote content on first tab load', currentPath);\n                  firstLoad = false;\n                  module.cache.add(tabPath, $tab.html());\n                  module.activate.all(currentPath);\n                  settings.onFirstLoad.call($tab[0], currentPath, parameterArray, historyEvent);\n                  settings.onLoad.call($tab[0], currentPath, parameterArray, historyEvent);\n                }\n                return false;\n              }\n              else {\n                module.debug('Opened local tab', currentPath);\n                module.activate.all(currentPath);\n                if( !module.cache.read(currentPath) ) {\n                  module.cache.add(currentPath, true);\n                  module.debug('First time tab loaded calling tab init');\n                  settings.onFirstLoad.call($tab[0], currentPath, parameterArray, historyEvent);\n                }\n                settings.onLoad.call($tab[0], currentPath, parameterArray, historyEvent);\n              }\n\n            }\n            else if(tabPath.search('/') == -1 && tabPath !== '') {\n              // look for in page anchor\n              $anchor     = $('#' + tabPath + ', a[name=\"' + tabPath + '\"]');\n              currentPath = $anchor.closest('[data-tab]').data(metadata.tab);\n              $tab        = module.get.tabElement(currentPath);\n              // if anchor exists use parent tab\n              if($anchor && $anchor.length > 0 && currentPath) {\n                module.debug('Anchor link used, opening parent tab', $tab, $anchor);\n                if( !$tab.hasClass(className.active) ) {\n                  setTimeout(function() {\n                    module.scrollTo($anchor);\n                  }, 0);\n                }\n                module.activate.all(currentPath);\n                if( !module.cache.read(currentPath) ) {\n                  module.cache.add(currentPath, true);\n                  module.debug('First time tab loaded calling tab init');\n                  settings.onFirstLoad.call($tab[0], currentPath, parameterArray, historyEvent);\n                }\n                settings.onLoad.call($tab[0], currentPath, parameterArray, historyEvent);\n                return false;\n              }\n            }\n            else {\n              module.error(error.missingTab, $module, $context, currentPath);\n              return false;\n            }\n          });\n        },\n\n        scrollTo: function($element) {\n          var\n            scrollOffset = ($element && $element.length > 0)\n              ? $element.offset().top\n              : false\n          ;\n          if(scrollOffset !== false) {\n            module.debug('Forcing scroll to an in-page link in a hidden tab', scrollOffset, $element);\n            $(document).scrollTop(scrollOffset);\n          }\n        },\n\n        update: {\n          content: function(tabPath, html, evaluateScripts) {\n            var\n              $tab = module.get.tabElement(tabPath),\n              tab  = $tab[0]\n            ;\n            evaluateScripts = (evaluateScripts !== undefined)\n              ? evaluateScripts\n              : settings.evaluateScripts\n            ;\n            if(evaluateScripts) {\n              module.debug('Updating HTML and evaluating inline scripts', tabPath, html);\n              $tab.html(html);\n            }\n            else {\n              module.debug('Updating HTML', tabPath, html);\n              tab.innerHTML = html;\n            }\n          }\n        },\n\n        fetch: {\n\n          content: function(tabPath, fullTabPath) {\n            var\n              $tab        = module.get.tabElement(tabPath),\n              apiSettings = {\n                dataType         : 'html',\n                encodeParameters : false,\n                on               : 'now',\n                cache            : settings.alwaysRefresh,\n                headers          : {\n                  'X-Remote': true\n                },\n                onSuccess : function(response) {\n                  if(settings.cacheType == 'response') {\n                    module.cache.add(fullTabPath, response);\n                  }\n                  module.update.content(tabPath, response);\n                  if(tabPath == activeTabPath) {\n                    module.debug('Content loaded', tabPath);\n                    module.activate.tab(tabPath);\n                  }\n                  else {\n                    module.debug('Content loaded in background', tabPath);\n                  }\n                  settings.onFirstLoad.call($tab[0], tabPath, parameterArray, historyEvent);\n                  settings.onLoad.call($tab[0], tabPath, parameterArray, historyEvent);\n                  if(settings.cacheType != 'response') {\n                    module.cache.add(fullTabPath, $tab.html());\n                  }\n                },\n                urlData: {\n                  tab: fullTabPath\n                }\n              },\n              request         = $tab.api('get request') || false,\n              existingRequest = ( request && request.state() === 'pending' ),\n              requestSettings,\n              cachedContent\n            ;\n\n            fullTabPath   = fullTabPath || tabPath;\n            cachedContent = module.cache.read(fullTabPath);\n\n\n            if(settings.cache && cachedContent) {\n              module.activate.tab(tabPath);\n              module.debug('Adding cached content', fullTabPath);\n              if(settings.evaluateScripts == 'once') {\n                module.update.content(tabPath, cachedContent, false);\n              }\n              else {\n                module.update.content(tabPath, cachedContent);\n              }\n              settings.onLoad.call($tab[0], tabPath, parameterArray, historyEvent);\n            }\n            else if(existingRequest) {\n              module.set.loading(tabPath);\n              module.debug('Content is already loading', fullTabPath);\n            }\n            else if($.api !== undefined) {\n              requestSettings = $.extend(true, {}, settings.apiSettings, apiSettings);\n              module.debug('Retrieving remote content', fullTabPath, requestSettings);\n              module.set.loading(tabPath);\n              $tab.api(requestSettings);\n            }\n            else {\n              module.error(error.api);\n            }\n          }\n        },\n\n        activate: {\n          all: function(tabPath) {\n            module.activate.tab(tabPath);\n            module.activate.navigation(tabPath);\n          },\n          tab: function(tabPath) {\n            var\n              $tab          = module.get.tabElement(tabPath),\n              $deactiveTabs = (settings.deactivate == 'siblings')\n                ? $tab.siblings($tabs)\n                : $tabs.not($tab),\n              isActive      = $tab.hasClass(className.active)\n            ;\n            module.verbose('Showing tab content for', $tab);\n            if(!isActive) {\n              $tab\n                .addClass(className.active)\n              ;\n              $deactiveTabs\n                .removeClass(className.active + ' ' + className.loading)\n              ;\n              if($tab.length > 0) {\n                settings.onVisible.call($tab[0], tabPath);\n              }\n            }\n          },\n          navigation: function(tabPath) {\n            var\n              $navigation         = module.get.navElement(tabPath),\n              $deactiveNavigation = (settings.deactivate == 'siblings')\n                ? $navigation.siblings($allModules)\n                : $allModules.not($navigation),\n              isActive    = $navigation.hasClass(className.active)\n            ;\n            module.verbose('Activating tab navigation for', $navigation, tabPath);\n            if(!isActive) {\n              $navigation\n                .addClass(className.active)\n              ;\n              $deactiveNavigation\n                .removeClass(className.active + ' ' + className.loading)\n              ;\n            }\n          }\n        },\n\n        deactivate: {\n          all: function() {\n            module.deactivate.navigation();\n            module.deactivate.tabs();\n          },\n          navigation: function() {\n            $allModules\n              .removeClass(className.active)\n            ;\n          },\n          tabs: function() {\n            $tabs\n              .removeClass(className.active + ' ' + className.loading)\n            ;\n          }\n        },\n\n        is: {\n          tab: function(tabName) {\n            return (tabName !== undefined)\n              ? ( module.get.tabElement(tabName).length > 0 )\n              : false\n            ;\n          }\n        },\n\n        get: {\n          initialPath: function() {\n            return $allModules.eq(0).data(metadata.tab) || $tabs.eq(0).data(metadata.tab);\n          },\n          path: function() {\n            return $.address.value();\n          },\n          // adds default tabs to tab path\n          defaultPathArray: function(tabPath) {\n            return module.utilities.pathToArray( module.get.defaultPath(tabPath) );\n          },\n          defaultPath: function(tabPath) {\n            var\n              $defaultNav = $allModules.filter('[data-' + metadata.tab + '^=\"' + tabPath + '/\"]').eq(0),\n              defaultTab  = $defaultNav.data(metadata.tab) || false\n            ;\n            if( defaultTab ) {\n              module.debug('Found default tab', defaultTab);\n              if(recursionDepth < settings.maxDepth) {\n                recursionDepth++;\n                return module.get.defaultPath(defaultTab);\n              }\n              module.error(error.recursion);\n            }\n            else {\n              module.debug('No default tabs found for', tabPath, $tabs);\n            }\n            recursionDepth = 0;\n            return tabPath;\n          },\n          navElement: function(tabPath) {\n            tabPath = tabPath || activeTabPath;\n            return $allModules.filter('[data-' + metadata.tab + '=\"' + tabPath + '\"]');\n          },\n          tabElement: function(tabPath) {\n            var\n              $fullPathTab,\n              $simplePathTab,\n              tabPathArray,\n              lastTab\n            ;\n            tabPath        = tabPath || activeTabPath;\n            tabPathArray   = module.utilities.pathToArray(tabPath);\n            lastTab        = module.utilities.last(tabPathArray);\n            $fullPathTab   = $tabs.filter('[data-' + metadata.tab + '=\"' + tabPath + '\"]');\n            $simplePathTab = $tabs.filter('[data-' + metadata.tab + '=\"' + lastTab + '\"]');\n            return ($fullPathTab.length > 0)\n              ? $fullPathTab\n              : $simplePathTab\n            ;\n          },\n          tab: function() {\n            return activeTabPath;\n          }\n        },\n\n        utilities: {\n          filterArray: function(keepArray, removeArray) {\n            return $.grep(keepArray, function(keepValue) {\n              return ( $.inArray(keepValue, removeArray) == -1);\n            });\n          },\n          last: function(array) {\n            return $.isArray(array)\n              ? array[ array.length - 1]\n              : false\n            ;\n          },\n          pathToArray: function(pathName) {\n            if(pathName === undefined) {\n              pathName = activeTabPath;\n            }\n            return typeof pathName == 'string'\n              ? pathName.split('/')\n              : [pathName]\n            ;\n          },\n          arrayToPath: function(pathArray) {\n            return $.isArray(pathArray)\n              ? pathArray.join('/')\n              : false\n            ;\n          }\n        },\n\n        setting: function(name, value) {\n          module.debug('Changing setting', name, value);\n          if( $.isPlainObject(name) ) {\n            $.extend(true, settings, name);\n          }\n          else if(value !== undefined) {\n            if($.isPlainObject(settings[name])) {\n              $.extend(true, settings[name], value);\n            }\n            else {\n              settings[name] = value;\n            }\n          }\n          else {\n            return settings[name];\n          }\n        },\n        internal: function(name, value) {\n          if( $.isPlainObject(name) ) {\n            $.extend(true, module, name);\n          }\n          else if(value !== undefined) {\n            module[name] = value;\n          }\n          else {\n            return module[name];\n          }\n        },\n        debug: function() {\n          if(!settings.silent && settings.debug) {\n            if(settings.performance) {\n              module.performance.log(arguments);\n            }\n            else {\n              module.debug = Function.prototype.bind.call(console.info, console, settings.name + ':');\n              module.debug.apply(console, arguments);\n            }\n          }\n        },\n        verbose: function() {\n          if(!settings.silent && settings.verbose && settings.debug) {\n            if(settings.performance) {\n              module.performance.log(arguments);\n            }\n            else {\n              module.verbose = Function.prototype.bind.call(console.info, console, settings.name + ':');\n              module.verbose.apply(console, arguments);\n            }\n          }\n        },\n        error: function() {\n          if(!settings.silent) {\n            module.error = Function.prototype.bind.call(console.error, console, settings.name + ':');\n            module.error.apply(console, arguments);\n          }\n        },\n        performance: {\n          log: function(message) {\n            var\n              currentTime,\n              executionTime,\n              previousTime\n            ;\n            if(settings.performance) {\n              currentTime   = new Date().getTime();\n              previousTime  = time || currentTime;\n              executionTime = currentTime - previousTime;\n              time          = currentTime;\n              performance.push({\n                'Name'           : message[0],\n                'Arguments'      : [].slice.call(message, 1) || '',\n                'Element'        : element,\n                'Execution Time' : executionTime\n              });\n            }\n            clearTimeout(module.performance.timer);\n            module.performance.timer = setTimeout(module.performance.display, 500);\n          },\n          display: function() {\n            var\n              title = settings.name + ':',\n              totalTime = 0\n            ;\n            time = false;\n            clearTimeout(module.performance.timer);\n            $.each(performance, function(index, data) {\n              totalTime += data['Execution Time'];\n            });\n            title += ' ' + totalTime + 'ms';\n            if(moduleSelector) {\n              title += ' \\'' + moduleSelector + '\\'';\n            }\n            if( (console.group !== undefined || console.table !== undefined) && performance.length > 0) {\n              console.groupCollapsed(title);\n              if(console.table) {\n                console.table(performance);\n              }\n              else {\n                $.each(performance, function(index, data) {\n                  console.log(data['Name'] + ': ' + data['Execution Time']+'ms');\n                });\n              }\n              console.groupEnd();\n            }\n            performance = [];\n          }\n        },\n        invoke: function(query, passedArguments, context) {\n          var\n            object = instance,\n            maxDepth,\n            found,\n            response\n          ;\n          passedArguments = passedArguments || queryArguments;\n          context         = element         || context;\n          if(typeof query == 'string' && object !== undefined) {\n            query    = query.split(/[\\. ]/);\n            maxDepth = query.length - 1;\n            $.each(query, function(depth, value) {\n              var camelCaseValue = (depth != maxDepth)\n                ? value + query[depth + 1].charAt(0).toUpperCase() + query[depth + 1].slice(1)\n                : query\n              ;\n              if( $.isPlainObject( object[camelCaseValue] ) && (depth != maxDepth) ) {\n                object = object[camelCaseValue];\n              }\n              else if( object[camelCaseValue] !== undefined ) {\n                found = object[camelCaseValue];\n                return false;\n              }\n              else if( $.isPlainObject( object[value] ) && (depth != maxDepth) ) {\n                object = object[value];\n              }\n              else if( object[value] !== undefined ) {\n                found = object[value];\n                return false;\n              }\n              else {\n                module.error(error.method, query);\n                return false;\n              }\n            });\n          }\n          if ( $.isFunction( found ) ) {\n            response = found.apply(context, passedArguments);\n          }\n          else if(found !== undefined) {\n            response = found;\n          }\n          if($.isArray(returnedValue)) {\n            returnedValue.push(response);\n          }\n          else if(returnedValue !== undefined) {\n            returnedValue = [returnedValue, response];\n          }\n          else if(response !== undefined) {\n            returnedValue = response;\n          }\n          return found;\n        }\n      };\n      if(methodInvoked) {\n        if(instance === undefined) {\n          module.initialize();\n        }\n        module.invoke(query);\n      }\n      else {\n        if(instance !== undefined) {\n          instance.invoke('destroy');\n        }\n        module.initialize();\n      }\n    })\n  ;\n  return (returnedValue !== undefined)\n    ? returnedValue\n    : this\n  ;\n\n};\n\n// shortcut for tabbed content with no defined navigation\n$.tab = function() {\n  $(window).tab.apply(this, arguments);\n};\n\n$.fn.tab.settings = {\n\n  name            : 'Tab',\n  namespace       : 'tab',\n\n  silent          : false,\n  debug           : false,\n  verbose         : false,\n  performance     : true,\n\n  auto            : false,      // uses pjax style endpoints fetching content from same url with remote-content headers\n  history         : false,      // use browser history\n  historyType     : 'hash',     // #/ or html5 state\n  path            : false,      // base path of url\n\n  context         : false,      // specify a context that tabs must appear inside\n  childrenOnly    : false,      // use only tabs that are children of context\n  maxDepth        : 25,         // max depth a tab can be nested\n\n  deactivate      : 'siblings', // whether tabs should deactivate sibling menu elements or all elements initialized together\n\n  alwaysRefresh   : false,      // load tab content new every tab click\n  cache           : true,       // cache the content requests to pull locally\n  cacheType       : 'response', // Whether to cache exact response, or to html cache contents after scripts execute\n  ignoreFirstLoad : false,      // don't load remote content on first load\n\n  apiSettings     : false,      // settings for api call\n  evaluateScripts : 'once',     // whether inline scripts should be parsed (true/false/once). Once will not re-evaluate on cached content\n\n  onFirstLoad : function(tabPath, parameterArray, historyEvent) {}, // called first time loaded\n  onLoad      : function(tabPath, parameterArray, historyEvent) {}, // called on every load\n  onVisible   : function(tabPath, parameterArray, historyEvent) {}, // called every time tab visible\n  onRequest   : function(tabPath, parameterArray, historyEvent) {}, // called ever time a tab beings loading remote content\n\n  templates : {\n    determineTitle: function(tabArray) {} // returns page title for path\n  },\n\n  error: {\n    api        : 'You attempted to load content without API module',\n    method     : 'The method you called is not defined',\n    missingTab : 'Activated tab cannot be found. Tabs are case-sensitive.',\n    noContent  : 'The tab you specified is missing a content url.',\n    path       : 'History enabled, but no path was specified',\n    recursion  : 'Max recursive depth reached',\n    legacyInit : 'onTabInit has been renamed to onFirstLoad in 2.0, please adjust your code.',\n    legacyLoad : 'onTabLoad has been renamed to onLoad in 2.0. Please adjust your code',\n    state      : 'History requires Asual\\'s Address library <https://github.com/asual/jquery-address>'\n  },\n\n  metadata : {\n    tab    : 'tab',\n    loaded : 'loaded',\n    promise: 'promise'\n  },\n\n  className   : {\n    loading : 'loading',\n    active  : 'active'\n  },\n\n  selector    : {\n    tabs : '.ui.tab',\n    ui   : '.ui'\n  }\n\n};\n\n})( jQuery, window, document );\n"]},"hash":"efeb80de2f2dd49b0ffc8fc8f59a0d1ef4cead58"}
