{"metadata":{"usedHelpers":[],"marked":[],"modules":{"imports":[{"source":"meteor/mongo","imported":["Mongo"],"specifiers":[{"kind":"named","imported":"Mongo","local":"Mongo"}]},{"source":"meteor/aldeed:simple-schema","imported":["SimpleSchema"],"specifiers":[{"kind":"named","imported":"SimpleSchema","local":"SimpleSchema"}]}],"exports":{"exported":["Stuff","StuffSchema"],"specifiers":[{"kind":"local","local":"Stuff","exported":"Stuff"},{"kind":"local","local":"StuffSchema","exported":"StuffSchema"}]}}},"options":{"filename":"imports/api/stuff/stuff.js","filenameRelative":"imports/api/stuff/stuff.js","env":{"development":{"plugins":[]}},"retainLines":false,"highlightCode":true,"suppressDeprecationMessages":false,"presets":[],"plugins":[[[],{"generateLetDeclarations":true,"enforceStrictMode":false}],[[],null],[[],{"polyfill":false}],[[],null],[[],null],[[],null],[[],{"allowTopLevelThis":true,"strict":false,"loose":true}],[[],null],[[],null],[[],null],[[],null],[[],null],[[],null],[[],null],[[],null],[[],null],[[],null],[[],null],[[],null],[[],{"loose":true}],[[],{"loose":true}],[[],null],[[],{"loose":true}],[[],null],[[],null],[[],null],[[],null],[[],null],[[],null],[[],{"loose":true}],[[],null],[[],null],[[],null],[[],null],[[],null],[[],null],[[],null]],"ignore":[],"code":true,"metadata":true,"ast":true,"comments":true,"compact":false,"minified":false,"sourceMap":true,"sourceMaps":true,"sourceMapTarget":"imports/api/stuff/stuff.js.map","sourceFileName":"imports/api/stuff/stuff.js","babelrc":false,"sourceType":"module","moduleIds":false,"passPerPreset":false,"parserOpts":false,"generatorOpts":false,"basename":"stuff"},"ignored":false,"code":"module.export({\n  Stuff: function () {\n    return Stuff;\n  },\n  StuffSchema: function () {\n    return StuffSchema;\n  }\n});\nvar Mongo = void 0;\nmodule.watch(require(\"meteor/mongo\"), {\n  Mongo: function (v) {\n    Mongo = v;\n  }\n}, 0);\nvar SimpleSchema = void 0;\nmodule.watch(require(\"meteor/aldeed:simple-schema\"), {\n  SimpleSchema: function (v) {\n    SimpleSchema = v;\n  }\n}, 1);\nvar Stuff = new Mongo.Collection('Stuff');\nvar StuffSchema = new SimpleSchema({\n  name: {\n    label: 'Name',\n    type: String,\n    optional: false,\n    max: 20,\n    autoform: {\n      group: 'Stuff',\n      placeholder: 'First Name'\n    }\n  },\n  last: {\n    label: 'Last',\n    type: String,\n    optional: false,\n    max: 20,\n    autoform: {\n      group: 'Stuff',\n      placeholder: 'Last Name'\n    }\n  },\n  address: {\n    label: 'Address',\n    type: String,\n    optional: false,\n    max: 100,\n    autoform: {\n      group: 'Stuff',\n      placeholder: 'Address'\n    }\n  },\n  phone: {\n    label: 'Phone',\n    type: String,\n    optional: false,\n    max: 15,\n    autoform: {\n      group: 'Stuff',\n      placeholder: 'Telephone'\n    }\n  },\n  email: {\n    label: 'Email',\n    type: String,\n    optional: false,\n    max: 30,\n    autoform: {\n      group: 'Stuff',\n      placeholder: 'Email'\n    }\n  }\n});\nStuff.attachSchema(StuffSchema);","map":{"version":3,"sources":["imports/api/stuff/stuff.js"],"names":["module","export","Stuff","StuffSchema","Mongo","watch","require","v","SimpleSchema","Collection","name","label","type","String","optional","max","autoform","group","placeholder","last","address","phone","email","attachSchema"],"mappings":"AAAAA,OAAOC,MAAP,CAAc;AAACC,SAAM;AAAA,WAAIA,KAAJ;AAAA,GAAP;AAAiBC,eAAY;AAAA,WAAIA,WAAJ;AAAA;AAA7B,CAAd;AAA6D,IAAIC,cAAJ;AAAUJ,OAAOK,KAAP,CAAaC,QAAQ,cAAR,CAAb,EAAqC;AAACF,OAAD,YAAOG,CAAP,EAAS;AAACH,YAAMG,CAAN;AAAQ;AAAlB,CAArC,EAAyD,CAAzD;AAA4D,IAAIC,qBAAJ;AAAiBR,OAAOK,KAAP,CAAaC,QAAQ,6BAAR,CAAb,EAAoD;AAACE,cAAD,YAAcD,CAAd,EAAgB;AAACC,mBAAaD,CAAb;AAAe;AAAhC,CAApD,EAAsF,CAAtF;AAK7I,IAAML,QAAQ,IAAIE,MAAMK,UAAV,CAAqB,OAArB,CAAd;AAKA,IAAMN,cAAc,IAAIK,YAAJ,CAAiB;AAC1CE,QAAM;AACJC,WAAO,MADH;AAEJC,UAAMC,MAFF;AAGJC,cAAU,KAHN;AAIJC,SAAK,EAJD;AAKJC,cAAU;AACRC,aAAO,OADC;AAERC,mBAAa;AAFL;AALN,GADoC;AAW1CC,QAAM;AACJR,WAAO,MADH;AAEJC,UAAMC,MAFF;AAGJC,cAAU,KAHN;AAIJC,SAAK,EAJD;AAKJC,cAAU;AACRC,aAAO,OADC;AAERC,mBAAa;AAFL;AALN,GAXoC;AAqB1CE,WAAS;AACPT,WAAO,SADA;AAEPC,UAAMC,MAFC;AAGPC,cAAU,KAHH;AAIPC,SAAK,GAJE;AAKPC,cAAU;AACRC,aAAO,OADC;AAERC,mBAAa;AAFL;AALH,GArBiC;AA+B1CG,SAAO;AACLV,WAAO,OADF;AAELC,UAAMC,MAFD;AAGLC,cAAU,KAHL;AAILC,SAAK,EAJA;AAKLC,cAAU;AACRC,aAAO,OADC;AAERC,mBAAa;AAFL;AALL,GA/BmC;AAyC1CI,SAAO;AACLX,WAAO,OADF;AAELC,UAAMC,MAFD;AAGLC,cAAU,KAHL;AAILC,SAAK,EAJA;AAKLC,cAAU;AACRC,aAAO,OADC;AAERC,mBAAa;AAFL;AALL;AAzCmC,CAAjB,CAApB;AAqDPhB,MAAMqB,YAAN,CAAmBpB,WAAnB","file":"imports/api/stuff/stuff.js.map","sourcesContent":["import { Mongo } from 'meteor/mongo';\r\nimport { SimpleSchema } from 'meteor/aldeed:simple-schema';\r\n\r\n/* eslint-disable object-shorthand */\r\n\r\nexport const Stuff = new Mongo.Collection('Stuff');\r\n\r\n/**\r\n * Create the schema for Stuff\r\n */\r\nexport const StuffSchema = new SimpleSchema({\r\n  name: {\r\n    label: 'Name',\r\n    type: String,\r\n    optional: false,\r\n    max: 20,\r\n    autoform: {\r\n      group: 'Stuff',\r\n      placeholder: 'First Name',\r\n    },\r\n  },\r\n  last: {\r\n    label: 'Last',\r\n    type: String,\r\n    optional: false,\r\n    max: 20,\r\n    autoform: {\r\n      group: 'Stuff',\r\n      placeholder: 'Last Name',\r\n    },\r\n  },\r\n  address: {\r\n    label: 'Address',\r\n    type: String,\r\n    optional: false,\r\n    max: 100,\r\n    autoform: {\r\n      group: 'Stuff',\r\n      placeholder: 'Address',\r\n    },\r\n  },\r\n  phone: {\r\n    label: 'Phone',\r\n    type: String,\r\n    optional: false,\r\n    max: 15,\r\n    autoform: {\r\n      group: 'Stuff',\r\n      placeholder: 'Telephone',\r\n    },\r\n  },\r\n  email: {\r\n    label: 'Email',\r\n    type: String,\r\n    optional: false,\r\n    max: 30,\r\n    autoform: {\r\n      group: 'Stuff',\r\n      placeholder: 'Email',\r\n    },\r\n  },\r\n});\r\n\r\nStuff.attachSchema(StuffSchema);\r\n"]},"hash":"f6edd9684e45a83495f651ace8eaba82409e65a0"}
