{"metadata":{"usedHelpers":["inherits","possibleConstructorReturn","classCallCheck","interopRequireDefault"],"marked":[],"modules":{"imports":[],"exports":{"exported":["MongoIDMap"],"specifiers":[{"kind":"local","local":"MongoIDMap","exported":"MongoIDMap"}]}}},"options":{"filename":"packages/ddp-client/id_map.js","filenameRelative":"packages/ddp-client/id_map.js","env":{"development":{"plugins":[]}},"retainLines":false,"highlightCode":true,"suppressDeprecationMessages":false,"presets":[],"plugins":[[[],{"generateLetDeclarations":true,"enforceStrictMode":false}],[[],null],[[],{"polyfill":false}],[[],null],[[],null],[[],null],[[],{"allowTopLevelThis":true,"strict":false,"loose":true}],[[],null],[[],null],[[],null],[[],null],[[],null],[[],null],[[],null],[[],null],[[],null],[[],null],[[],null],[[],null],[[],{"loose":true}],[[],{"loose":true}],[[],null],[[],{"loose":true}],[[],null],[[],null],[[],null],[[],null],[[],null],[[],null],[[],{"loose":true}],[[],null],[[],null],[[],null],[[],null],[[],null],[[],null],[[],null]],"ignore":[],"code":true,"metadata":true,"ast":true,"comments":true,"compact":false,"minified":false,"sourceMap":true,"sourceMaps":true,"sourceMapTarget":"packages/ddp-client/id_map.js.map","sourceFileName":"packages/ddp-client/id_map.js","babelrc":false,"sourceType":"module","moduleIds":false,"passPerPreset":false,"parserOpts":false,"generatorOpts":false,"basename":"id_map"},"ignored":false,"code":"var _classCallCheck2 = require(\"babel-runtime/helpers/classCallCheck\");\n\nvar _classCallCheck3 = _interopRequireDefault(_classCallCheck2);\n\nvar _possibleConstructorReturn2 = require(\"babel-runtime/helpers/possibleConstructorReturn\");\n\nvar _possibleConstructorReturn3 = _interopRequireDefault(_possibleConstructorReturn2);\n\nvar _inherits2 = require(\"babel-runtime/helpers/inherits\");\n\nvar _inherits3 = _interopRequireDefault(_inherits2);\n\nfunction _interopRequireDefault(obj) { return obj && obj.__esModule ? obj : { \"default\": obj }; }\n\nmodule.export({\n  MongoIDMap: function () {\n    return MongoIDMap;\n  }\n});\n\nvar MongoIDMap = function (_IdMap) {\n  (0, _inherits3.default)(MongoIDMap, _IdMap);\n\n  function MongoIDMap() {\n    (0, _classCallCheck3.default)(this, MongoIDMap);\n    return (0, _possibleConstructorReturn3.default)(this, _IdMap.call(this, MongoID.idStringify, MongoID.idParse));\n  }\n\n  return MongoIDMap;\n}(IdMap);","map":{"version":3,"sources":["packages/ddp-client/id_map.js"],"names":["module","export","MongoIDMap","MongoID","idStringify","idParse","IdMap"],"mappings":";;;;;;;;;;;;;;AAAAA,OAAOC,MAAP,CAAc;AAACC,cAAW;AAAA,WAAIA,UAAJ;AAAA;AAAZ,CAAd;;IAAaA,U;;;AACX,wBAAc;AAAA;AAAA,0DACZ,kBACEC,QAAQC,WADV,EAEED,QAAQE,OAFV,CADY;AAKb;;;EAN6BC,K","file":"packages/ddp-client/id_map.js.map","sourcesContent":["export class MongoIDMap extends IdMap {\n  constructor() {\n    super(\n      MongoID.idStringify,\n      MongoID.idParse,\n    );\n  }\n}\n"]},"hash":"f96356a132039587440c4c3c5cf56e0112662320"}
