{"metadata":{"usedHelpers":[],"marked":[],"modules":{"imports":[],"exports":{"exported":[],"specifiers":[]}}},"options":{"filename":"packages/fabienb4:autoform-semantic-ui/templates/semantic-ui/components/afObjectField/afObjectField.js","filenameRelative":"packages/fabienb4:autoform-semantic-ui/templates/semantic-ui/components/afObjectField/afObjectField.js","env":{"development":{"plugins":[]}},"retainLines":false,"highlightCode":true,"suppressDeprecationMessages":false,"presets":[],"plugins":[[[],{"generateLetDeclarations":true,"enforceStrictMode":false}],[[],null],[[],{"polyfill":false}],[[],null],[[],null],[[],null],[[],{"allowTopLevelThis":true,"strict":false,"loose":true}],[[],null],[[],null],[[],null],[[],null],[[],null],[[],null],[[],null],[[],null],[[],null],[[],null],[[],null],[[],null],[[],{"loose":true}],[[],{"loose":true}],[[],null],[[],{"loose":true}],[[],null],[[],null],[[],null],[[],null],[[],null],[[],null],[[],{"loose":true}],[[],null],[[],null],[[],null],[[],null],[[],null],[[],null],[[],null]],"ignore":[],"code":true,"metadata":true,"ast":true,"comments":true,"compact":false,"minified":false,"sourceMap":true,"sourceMaps":true,"sourceMapTarget":"packages/fabienb4:autoform-semantic-ui/templates/semantic-ui/components/afObjectField/afObjectField.js.map","sourceFileName":"packages/fabienb4:autoform-semantic-ui/templates/semantic-ui/components/afObjectField/afObjectField.js","babelrc":false,"sourceType":"module","moduleIds":false,"passPerPreset":false,"parserOpts":false,"generatorOpts":false,"basename":"afObjectField"},"ignored":false,"code":"Template.afObjectField_semanticUI.helpers({\n  quickFieldsAtts: function () {\n    return _.pick(this, \"name\", \"id-prefix\");\n  }\n});","map":{"version":3,"sources":["packages/fabienb4:autoform-semantic-ui/templates/semantic-ui/components/afObjectField/afObjectField.js"],"names":["Template","afObjectField_semanticUI","helpers","quickFieldsAtts","_","pick"],"mappings":"AAAAA,SAASC,wBAAT,CAAkCC,OAAlC,CAA0C;AACxCC,iBADwC,cACtB;AAChB,WAAOC,EAAEC,IAAF,CAAO,IAAP,EAAa,MAAb,EAAqB,WAArB,CAAP;AACD;AAHuC,CAA1C","file":"packages/fabienb4:autoform-semantic-ui/templates/semantic-ui/components/afObjectField/afObjectField.js.map","sourcesContent":["Template.afObjectField_semanticUI.helpers({\n  quickFieldsAtts() {\n    return _.pick(this, \"name\", \"id-prefix\");\n  }\n});\n"]},"hash":"fa406208cfe23e268f0c5da641d1441bdce199c5"}
